
 /----------------------------------------------------------------------------\
 |  yosys -- Yosys Open SYnthesis Suite                                       |
 |  Copyright (C) 2012 - 2026  Claire Xenia Wolf <claire@yosyshq.com>         |
 |  Distributed under an ISC-like license, type "license" to see terms        |
 \----------------------------------------------------------------------------/
 Yosys 0.68+48 (git sha1 ff5817c34-dirty, Release, Clang /usr/local/osxcross/target/bin/aarch64-apple-darwin25.5-clang++ 21.1.8)

-- Running command `read_verilog -sv rtl/structs.v rtl/accessor.v rtl/csrs.v rtl/decoder.v rtl/executor.v rtl/fetcher.v rtl/imemory.v rtl/memory.v rtl/regfile.v rtl/regsel.v rtl/timer.v rtl/writeback.v rtl/littlecpu.v rtl/busarbiter.v rtl/littledual.v rtl/littledualsoc.v; synth_ecp5 -top littledualsoc -json dual_ecp5.json' --

1. Executing Verilog-2005 frontend: rtl/structs.v
Parsing SystemVerilog input from `rtl/structs.v' to AST representation.
Successfully finished Verilog frontend.

2. Executing Verilog-2005 frontend: rtl/accessor.v
Parsing SystemVerilog input from `rtl/accessor.v' to AST representation.
Generating RTLIL representation for module `\accessor'.
Successfully finished Verilog frontend.

3. Executing Verilog-2005 frontend: rtl/csrs.v
Parsing SystemVerilog input from `rtl/csrs.v' to AST representation.
Generating RTLIL representation for module `\csrs'.
Successfully finished Verilog frontend.

4. Executing Verilog-2005 frontend: rtl/decoder.v
Parsing SystemVerilog input from `rtl/decoder.v' to AST representation.
Generating RTLIL representation for module `\decoder'.
Successfully finished Verilog frontend.

5. Executing Verilog-2005 frontend: rtl/executor.v
Parsing SystemVerilog input from `rtl/executor.v' to AST representation.
Generating RTLIL representation for module `\executor'.
Successfully finished Verilog frontend.

6. Executing Verilog-2005 frontend: rtl/fetcher.v
Parsing SystemVerilog input from `rtl/fetcher.v' to AST representation.
Generating RTLIL representation for module `\fetcher'.
Successfully finished Verilog frontend.

7. Executing Verilog-2005 frontend: rtl/imemory.v
Parsing SystemVerilog input from `rtl/imemory.v' to AST representation.
Generating RTLIL representation for module `\imemory'.
Successfully finished Verilog frontend.

8. Executing Verilog-2005 frontend: rtl/memory.v
Parsing SystemVerilog input from `rtl/memory.v' to AST representation.
Generating RTLIL representation for module `\memory'.
Successfully finished Verilog frontend.

9. Executing Verilog-2005 frontend: rtl/regfile.v
Parsing SystemVerilog input from `rtl/regfile.v' to AST representation.
Generating RTLIL representation for module `\regfile'.
Successfully finished Verilog frontend.

10. Executing Verilog-2005 frontend: rtl/regsel.v
Parsing SystemVerilog input from `rtl/regsel.v' to AST representation.
Generating RTLIL representation for module `\regsel'.
Successfully finished Verilog frontend.

11. Executing Verilog-2005 frontend: rtl/timer.v
Parsing SystemVerilog input from `rtl/timer.v' to AST representation.
Generating RTLIL representation for module `\timer'.
Successfully finished Verilog frontend.

12. Executing Verilog-2005 frontend: rtl/writeback.v
Parsing SystemVerilog input from `rtl/writeback.v' to AST representation.
Generating RTLIL representation for module `\writeback'.
Successfully finished Verilog frontend.

13. Executing Verilog-2005 frontend: rtl/littlecpu.v
Parsing SystemVerilog input from `rtl/littlecpu.v' to AST representation.
Generating RTLIL representation for module `\littlecpu'.
Successfully finished Verilog frontend.

14. Executing Verilog-2005 frontend: rtl/busarbiter.v
Parsing SystemVerilog input from `rtl/busarbiter.v' to AST representation.
Generating RTLIL representation for module `\busarbiter'.
Successfully finished Verilog frontend.

15. Executing Verilog-2005 frontend: rtl/littledual.v
Parsing SystemVerilog input from `rtl/littledual.v' to AST representation.
Generating RTLIL representation for module `\littledual'.
Successfully finished Verilog frontend.

16. Executing Verilog-2005 frontend: rtl/littledualsoc.v
Parsing SystemVerilog input from `rtl/littledualsoc.v' to AST representation.
Generating RTLIL representation for module `\littledualsoc'.
Successfully finished Verilog frontend.

17. Executing SYNTH_LATTICE pass.

17.1. Executing Verilog-2005 frontend: /Users/jeff/.cache/little-cpu/oss-cad-suite/libexec/../share/yosys/lattice/cells_sim_ecp5.v
Parsing Verilog input from `/Users/jeff/.cache/little-cpu/oss-cad-suite/libexec/../share/yosys/lattice/cells_sim_ecp5.v' to AST representation.
Generating RTLIL representation for module `\LUT4'.
Generating RTLIL representation for module `\$__ABC9_LUT5'.
Generating RTLIL representation for module `\$__ABC9_LUT6'.
Generating RTLIL representation for module `\$__ABC9_LUT7'.
Generating RTLIL representation for module `\L6MUX21'.
Generating RTLIL representation for module `\TRELLIS_RAM16X2'.
Generating RTLIL representation for module `\PFUMX'.
Generating RTLIL representation for module `\TRELLIS_DPR16X4'.
Generating RTLIL representation for module `\DPR16X4C'.
Generating RTLIL representation for module `\LUT2'.
Generating RTLIL representation for module `\TRELLIS_FF'.
Generating RTLIL representation for module `\TRELLIS_IO'.
Generating RTLIL representation for module `\INV'.
Generating RTLIL representation for module `\TRELLIS_COMB'.
Generating RTLIL representation for module `\VLO'.
Generating RTLIL representation for module `\VHI'.
Generating RTLIL representation for module `\FD1P3AX'.
Generating RTLIL representation for module `\FD1P3AY'.
Generating RTLIL representation for module `\FD1P3BX'.
Generating RTLIL representation for module `\FD1P3DX'.
Generating RTLIL representation for module `\FD1P3IX'.
Generating RTLIL representation for module `\FD1P3JX'.
Generating RTLIL representation for module `\FD1S3AX'.
Generating RTLIL representation for module `\FD1S3AY'.
Generating RTLIL representation for module `\FD1S3BX'.
Generating RTLIL representation for module `\FD1S3DX'.
Generating RTLIL representation for module `\FD1S3IX'.
Generating RTLIL representation for module `\FD1S3JX'.
Generating RTLIL representation for module `\IFS1P3BX'.
Generating RTLIL representation for module `\IFS1P3DX'.
Generating RTLIL representation for module `\IFS1P3IX'.
Generating RTLIL representation for module `\IFS1P3JX'.
Generating RTLIL representation for module `\OFS1P3BX'.
Generating RTLIL representation for module `\OFS1P3DX'.
Generating RTLIL representation for module `\OFS1P3IX'.
Generating RTLIL representation for module `\OFS1P3JX'.
Generating RTLIL representation for module `\IB'.
Generating RTLIL representation for module `\IBPU'.
Generating RTLIL representation for module `\IBPD'.
Generating RTLIL representation for module `\OB'.
Generating RTLIL representation for module `\OBZ'.
Generating RTLIL representation for module `\OBZPU'.
Generating RTLIL representation for module `\OBZPD'.
Generating RTLIL representation for module `\OBCO'.
Generating RTLIL representation for module `\BB'.
Generating RTLIL representation for module `\BBPU'.
Generating RTLIL representation for module `\BBPD'.
Generating RTLIL representation for module `\ILVDS'.
Generating RTLIL representation for module `\OLVDS'.
Generating RTLIL representation for module `\CCU2C'.
Generating RTLIL representation for module `\DP16KD'.
Replacing existing blackbox module `\FD1P3AX' at /Users/jeff/.cache/little-cpu/oss-cad-suite/libexec/../share/yosys/lattice/cells_ff.vh:2.1-2.261.
Generating RTLIL representation for module `\FD1P3AX'.
Replacing existing blackbox module `\FD1P3AY' at /Users/jeff/.cache/little-cpu/oss-cad-suite/libexec/../share/yosys/lattice/cells_ff.vh:3.1-3.261.
Generating RTLIL representation for module `\FD1P3AY'.
Replacing existing blackbox module `\FD1P3BX' at /Users/jeff/.cache/little-cpu/oss-cad-suite/libexec/../share/yosys/lattice/cells_ff.vh:4.1-4.261.
Generating RTLIL representation for module `\FD1P3BX'.
Replacing existing blackbox module `\FD1P3DX' at /Users/jeff/.cache/little-cpu/oss-cad-suite/libexec/../share/yosys/lattice/cells_ff.vh:5.1-5.261.
Generating RTLIL representation for module `\FD1P3DX'.
Replacing existing blackbox module `\FD1P3IX' at /Users/jeff/.cache/little-cpu/oss-cad-suite/libexec/../share/yosys/lattice/cells_ff.vh:6.1-6.261.
Generating RTLIL representation for module `\FD1P3IX'.
Replacing existing blackbox module `\FD1P3JX' at /Users/jeff/.cache/little-cpu/oss-cad-suite/libexec/../share/yosys/lattice/cells_ff.vh:7.1-7.261.
Generating RTLIL representation for module `\FD1P3JX'.
Replacing existing blackbox module `\FD1S3AX' at /Users/jeff/.cache/little-cpu/oss-cad-suite/libexec/../share/yosys/lattice/cells_ff.vh:8.1-8.261.
Generating RTLIL representation for module `\FD1S3AX'.
Replacing existing blackbox module `\FD1S3AY' at /Users/jeff/.cache/little-cpu/oss-cad-suite/libexec/../share/yosys/lattice/cells_ff.vh:9.1-9.261.
Generating RTLIL representation for module `\FD1S3AY'.
Replacing existing blackbox module `\FD1S3BX' at /Users/jeff/.cache/little-cpu/oss-cad-suite/libexec/../share/yosys/lattice/cells_ff.vh:10.1-10.261.
Generating RTLIL representation for module `\FD1S3BX'.
Replacing existing blackbox module `\FD1S3DX' at /Users/jeff/.cache/little-cpu/oss-cad-suite/libexec/../share/yosys/lattice/cells_ff.vh:11.1-11.261.
Generating RTLIL representation for module `\FD1S3DX'.
Replacing existing blackbox module `\FD1S3IX' at /Users/jeff/.cache/little-cpu/oss-cad-suite/libexec/../share/yosys/lattice/cells_ff.vh:12.1-12.261.
Generating RTLIL representation for module `\FD1S3IX'.
Replacing existing blackbox module `\FD1S3JX' at /Users/jeff/.cache/little-cpu/oss-cad-suite/libexec/../share/yosys/lattice/cells_ff.vh:13.1-13.261.
Generating RTLIL representation for module `\FD1S3JX'.
Replacing existing blackbox module `\IFS1P3BX' at /Users/jeff/.cache/little-cpu/oss-cad-suite/libexec/../share/yosys/lattice/cells_ff.vh:26.1-26.301.
Generating RTLIL representation for module `\IFS1P3BX'.
Replacing existing blackbox module `\IFS1P3DX' at /Users/jeff/.cache/little-cpu/oss-cad-suite/libexec/../share/yosys/lattice/cells_ff.vh:27.1-27.301.
Generating RTLIL representation for module `\IFS1P3DX'.
Replacing existing blackbox module `\IFS1P3IX' at /Users/jeff/.cache/little-cpu/oss-cad-suite/libexec/../share/yosys/lattice/cells_ff.vh:28.1-28.301.
Generating RTLIL representation for module `\IFS1P3IX'.
Replacing existing blackbox module `\IFS1P3JX' at /Users/jeff/.cache/little-cpu/oss-cad-suite/libexec/../share/yosys/lattice/cells_ff.vh:29.1-29.301.
Generating RTLIL representation for module `\IFS1P3JX'.
Replacing existing blackbox module `\OFS1P3BX' at /Users/jeff/.cache/little-cpu/oss-cad-suite/libexec/../share/yosys/lattice/cells_ff.vh:31.1-31.302.
Generating RTLIL representation for module `\OFS1P3BX'.
Replacing existing blackbox module `\OFS1P3DX' at /Users/jeff/.cache/little-cpu/oss-cad-suite/libexec/../share/yosys/lattice/cells_ff.vh:32.1-32.302.
Generating RTLIL representation for module `\OFS1P3DX'.
Replacing existing blackbox module `\OFS1P3IX' at /Users/jeff/.cache/little-cpu/oss-cad-suite/libexec/../share/yosys/lattice/cells_ff.vh:33.1-33.302.
Generating RTLIL representation for module `\OFS1P3IX'.
Replacing existing blackbox module `\OFS1P3JX' at /Users/jeff/.cache/little-cpu/oss-cad-suite/libexec/../share/yosys/lattice/cells_ff.vh:34.1-34.302.
Generating RTLIL representation for module `\OFS1P3JX'.
Replacing existing blackbox module `\IB' at /Users/jeff/.cache/little-cpu/oss-cad-suite/libexec/../share/yosys/lattice/cells_io.vh:2.1-2.157.
Generating RTLIL representation for module `\IB'.
Replacing existing blackbox module `\IBPU' at /Users/jeff/.cache/little-cpu/oss-cad-suite/libexec/../share/yosys/lattice/cells_io.vh:3.1-3.157.
Generating RTLIL representation for module `\IBPU'.
Replacing existing blackbox module `\IBPD' at /Users/jeff/.cache/little-cpu/oss-cad-suite/libexec/../share/yosys/lattice/cells_io.vh:4.1-4.157.
Generating RTLIL representation for module `\IBPD'.
Replacing existing blackbox module `\OB' at /Users/jeff/.cache/little-cpu/oss-cad-suite/libexec/../share/yosys/lattice/cells_io.vh:5.1-5.157.
Generating RTLIL representation for module `\OB'.
Replacing existing blackbox module `\OBZ' at /Users/jeff/.cache/little-cpu/oss-cad-suite/libexec/../share/yosys/lattice/cells_io.vh:6.1-6.164.
Generating RTLIL representation for module `\OBZ'.
Replacing existing blackbox module `\OBZPU' at /Users/jeff/.cache/little-cpu/oss-cad-suite/libexec/../share/yosys/lattice/cells_io.vh:7.1-7.164.
Generating RTLIL representation for module `\OBZPU'.
Replacing existing blackbox module `\OBZPD' at /Users/jeff/.cache/little-cpu/oss-cad-suite/libexec/../share/yosys/lattice/cells_io.vh:8.1-8.164.
Generating RTLIL representation for module `\OBZPD'.
Replacing existing blackbox module `\OBCO' at /Users/jeff/.cache/little-cpu/oss-cad-suite/libexec/../share/yosys/lattice/cells_io.vh:9.1-9.90.
Generating RTLIL representation for module `\OBCO'.
Replacing existing blackbox module `\BB' at /Users/jeff/.cache/little-cpu/oss-cad-suite/libexec/../share/yosys/lattice/cells_io.vh:10.1-10.179.
Generating RTLIL representation for module `\BB'.
Replacing existing blackbox module `\BBPU' at /Users/jeff/.cache/little-cpu/oss-cad-suite/libexec/../share/yosys/lattice/cells_io.vh:11.1-11.179.
Generating RTLIL representation for module `\BBPU'.
Replacing existing blackbox module `\BBPD' at /Users/jeff/.cache/little-cpu/oss-cad-suite/libexec/../share/yosys/lattice/cells_io.vh:12.1-12.179.
Generating RTLIL representation for module `\BBPD'.
Replacing existing blackbox module `\ILVDS' at /Users/jeff/.cache/little-cpu/oss-cad-suite/libexec/../share/yosys/lattice/cells_io.vh:13.1-13.139.
Generating RTLIL representation for module `\ILVDS'.
Replacing existing blackbox module `\OLVDS' at /Users/jeff/.cache/little-cpu/oss-cad-suite/libexec/../share/yosys/lattice/cells_io.vh:14.1-14.146.
Generating RTLIL representation for module `\OLVDS'.
Successfully finished Verilog frontend.

17.2. Executing Verilog-2005 frontend: /Users/jeff/.cache/little-cpu/oss-cad-suite/libexec/../share/yosys/lattice/cells_bb_ecp5.v
Parsing Verilog input from `/Users/jeff/.cache/little-cpu/oss-cad-suite/libexec/../share/yosys/lattice/cells_bb_ecp5.v' to AST representation.
Generating RTLIL representation for module `\GSR'.
Generating RTLIL representation for module `\PUR'.
Generating RTLIL representation for module `\SGSR'.
Generating RTLIL representation for module `\PDPW16KD'.
Generating RTLIL representation for module `\MULT18X18D'.
Generating RTLIL representation for module `\ALU54B'.
Generating RTLIL representation for module `\CLKDIVF'.
Generating RTLIL representation for module `\PCSCLKDIV'.
Generating RTLIL representation for module `\DCSC'.
Generating RTLIL representation for module `\DCCA'.
Generating RTLIL representation for module `\ECLKSYNCB'.
Generating RTLIL representation for module `\ECLKBRIDGECS'.
Generating RTLIL representation for module `\DELAYF'.
Generating RTLIL representation for module `\DELAYG'.
Generating RTLIL representation for module `\USRMCLK'.
Generating RTLIL representation for module `\DQSBUFM'.
Generating RTLIL representation for module `\DDRDLLA'.
Generating RTLIL representation for module `\DLLDELD'.
Generating RTLIL representation for module `\IDDRX1F'.
Generating RTLIL representation for module `\IDDRX2F'.
Generating RTLIL representation for module `\IDDR71B'.
Generating RTLIL representation for module `\IDDRX2DQA'.
Generating RTLIL representation for module `\ODDRX1F'.
Generating RTLIL representation for module `\ODDRX2F'.
Generating RTLIL representation for module `\ODDR71B'.
Generating RTLIL representation for module `\OSHX2A'.
Generating RTLIL representation for module `\TSHX2DQA'.
Generating RTLIL representation for module `\TSHX2DQSA'.
Generating RTLIL representation for module `\ODDRX2DQA'.
Generating RTLIL representation for module `\ODDRX2DQSB'.
Generating RTLIL representation for module `\EHXPLLL'.
Generating RTLIL representation for module `\DTR'.
Generating RTLIL representation for module `\OSCG'.
Generating RTLIL representation for module `\EXTREFB'.
Generating RTLIL representation for module `\JTAGG'.
Generating RTLIL representation for module `\DCUA'.
Successfully finished Verilog frontend.

17.3. Executing HIERARCHY pass (managing design hierarchy).

17.3.1. Analyzing design hierarchy..
Top module:  \littledualsoc
Used module:     \littledual
Used module:         \littlecpu
Used module:             \writeback
Used module:             \accessor
Used module:             \executor
Used module:             \csrs
Used module:             \decoder
Used module:                 \regsel
Used module:             \regfile
Used module:             \fetcher
Used module:         \timer
Used module:         \memory
Used module:         \imemory
Used module:         \busarbiter
Parameter \HART_ID = 0

17.3.2. Executing AST frontend in derive mode using pre-parsed AST for module `\csrs'.
Parameter \HART_ID = 0
Generating RTLIL representation for module `$paramod\csrs\HART_ID=32'00000000000000000000000000000000'.
Parameter \HART_ID = 1
Parameter \LS_TEXT_WORDS = 2048

17.3.3. Executing AST frontend in derive mode using pre-parsed AST for module `\littlecpu'.
Parameter \HART_ID = 1
Parameter \LS_TEXT_WORDS = 2048
Generating RTLIL representation for module `$paramod$550d0d45cbe20b3fa1b86f9ed02f4c558dd92d03\littlecpu'.
Parameter \HART_ID = 0
Parameter \LS_TEXT_WORDS = 2048

17.3.4. Executing AST frontend in derive mode using pre-parsed AST for module `\littlecpu'.
Parameter \HART_ID = 0
Parameter \LS_TEXT_WORDS = 2048
Generating RTLIL representation for module `$paramod$d7968239daadebaf69b1be25c90854a83f64fecc\littlecpu'.
Parameter \NHARTS = 2

17.3.5. Executing AST frontend in derive mode using pre-parsed AST for module `\timer'.
Parameter \NHARTS = 2
Generating RTLIL representation for module `$paramod\timer\NHARTS=s32'00000000000000000000000000000010'.
Parameter \NHARTS = 2

17.3.6. Executing AST frontend in derive mode using pre-parsed AST for module `\memory'.
Parameter \NHARTS = 2
Generating RTLIL representation for module `$paramod\memory\NHARTS=s32'00000000000000000000000000000010'.
Parameter \ROM_WORDS = 2048
Parameter \NHARTS = 2
Parameter \INIT_EVEN = { }
Parameter \INIT_ODD = { }

17.3.7. Executing AST frontend in derive mode using pre-parsed AST for module `\imemory'.
Parameter \ROM_WORDS = 2048
Parameter \NHARTS = 2
Parameter \INIT_EVEN = { }
Parameter \INIT_ODD = { }
Generating RTLIL representation for module `$paramod$d31f97b8db0d676646059c6a87febdb40a0c1967\imemory'.
Parameter \ROM_WORDS = 2048
Parameter \INIT_EVEN = 128'01110011011011110110001100101111011100100110111101101101010111110110010101110110011001010110111000101110011010000110010101111000
Parameter \INIT_ODD = 120'011100110110111101100011001011110111001001101111011011010101111101101111011001000110010000101110011010000110010101111000

17.3.8. Executing AST frontend in derive mode using pre-parsed AST for module `\littledual'.
Parameter \ROM_WORDS = 2048
Parameter \INIT_EVEN = 128'01110011011011110110001100101111011100100110111101101101010111110110010101110110011001010110111000101110011010000110010101111000
Parameter \INIT_ODD = 120'011100110110111101100011001011110111001001101111011011010101111101101111011001000110010000101110011010000110010101111000
Generating RTLIL representation for module `$paramod$87604cced0b0984f1f1e303dcca452dbf1c8e8c0\littledual'.

17.3.9. Analyzing design hierarchy..
Top module:  \littledualsoc
Used module:     $paramod$87604cced0b0984f1f1e303dcca452dbf1c8e8c0\littledual
Used module:         \littlecpu
Used module:             \writeback
Used module:             \accessor
Used module:             \executor
Used module:             $paramod\csrs\HART_ID=32'00000000000000000000000000000000
Used module:             \decoder
Used module:                 \regsel
Used module:             \regfile
Used module:             \fetcher
Used module:         \timer
Used module:         \memory
Used module:         \imemory
Used module:         \busarbiter
Parameter \HART_ID = 1
Parameter \LS_TEXT_WORDS = 2048
Found cached RTLIL representation for module `$paramod$550d0d45cbe20b3fa1b86f9ed02f4c558dd92d03\littlecpu'.
Parameter \HART_ID = 0
Parameter \LS_TEXT_WORDS = 2048
Found cached RTLIL representation for module `$paramod$d7968239daadebaf69b1be25c90854a83f64fecc\littlecpu'.
Parameter \NHARTS = 2
Found cached RTLIL representation for module `$paramod\timer\NHARTS=s32'00000000000000000000000000000010'.
Parameter \NHARTS = 2
Found cached RTLIL representation for module `$paramod\memory\NHARTS=s32'00000000000000000000000000000010'.
Parameter \ROM_WORDS = 2048
Parameter \NHARTS = 2
Parameter \INIT_EVEN = 128'01110011011011110110001100101111011100100110111101101101010111110110010101110110011001010110111000101110011010000110010101111000
Parameter \INIT_ODD = 120'011100110110111101100011001011110111001001101111011011010101111101101111011001000110010000101110011010000110010101111000

17.3.10. Executing AST frontend in derive mode using pre-parsed AST for module `\imemory'.
Parameter \ROM_WORDS = 2048
Parameter \NHARTS = 2
Parameter \INIT_EVEN = 128'01110011011011110110001100101111011100100110111101101101010111110110010101110110011001010110111000101110011010000110010101111000
Parameter \INIT_ODD = 120'011100110110111101100011001011110111001001101111011011010101111101101111011001000110010000101110011010000110010101111000
Generating RTLIL representation for module `$paramod$18ede905fa6e1afc2ae2c60442aa583c043ea8ce\imemory'.

17.3.11. Analyzing design hierarchy..
Top module:  \littledualsoc
Used module:     $paramod$87604cced0b0984f1f1e303dcca452dbf1c8e8c0\littledual
Used module:         $paramod$550d0d45cbe20b3fa1b86f9ed02f4c558dd92d03\littlecpu
Used module:             \writeback
Used module:             \accessor
Used module:             \executor
Used module:             \csrs
Used module:             \decoder
Used module:                 \regsel
Used module:             \regfile
Used module:             \fetcher
Used module:         $paramod$d7968239daadebaf69b1be25c90854a83f64fecc\littlecpu
Used module:         $paramod\timer\NHARTS=s32'00000000000000000000000000000010
Used module:         $paramod\memory\NHARTS=s32'00000000000000000000000000000010
Used module:         $paramod$18ede905fa6e1afc2ae2c60442aa583c043ea8ce\imemory
Used module:         \busarbiter
Parameter \HART_ID = 1

17.3.12. Executing AST frontend in derive mode using pre-parsed AST for module `\csrs'.
Parameter \HART_ID = 1
Generating RTLIL representation for module `$paramod\csrs\HART_ID=32'00000000000000000000000000000001'.
Parameter \HART_ID = 0
Found cached RTLIL representation for module `$paramod\csrs\HART_ID=32'00000000000000000000000000000000'.

17.3.13. Analyzing design hierarchy..
Top module:  \littledualsoc
Used module:     $paramod$87604cced0b0984f1f1e303dcca452dbf1c8e8c0\littledual
Used module:         $paramod$550d0d45cbe20b3fa1b86f9ed02f4c558dd92d03\littlecpu
Used module:             \writeback
Used module:             \accessor
Used module:             \executor
Used module:             $paramod\csrs\HART_ID=32'00000000000000000000000000000001
Used module:             \decoder
Used module:                 \regsel
Used module:             \regfile
Used module:             \fetcher
Used module:         $paramod$d7968239daadebaf69b1be25c90854a83f64fecc\littlecpu
Used module:             $paramod\csrs\HART_ID=32'00000000000000000000000000000000
Used module:         $paramod\timer\NHARTS=s32'00000000000000000000000000000010
Used module:         $paramod\memory\NHARTS=s32'00000000000000000000000000000010
Used module:         $paramod$18ede905fa6e1afc2ae2c60442aa583c043ea8ce\imemory
Used module:         \busarbiter

17.3.14. Analyzing design hierarchy..
Top module:  \littledualsoc
Used module:     $paramod$87604cced0b0984f1f1e303dcca452dbf1c8e8c0\littledual
Used module:         $paramod$550d0d45cbe20b3fa1b86f9ed02f4c558dd92d03\littlecpu
Used module:             \writeback
Used module:             \accessor
Used module:             \executor
Used module:             $paramod\csrs\HART_ID=32'00000000000000000000000000000001
Used module:             \decoder
Used module:                 \regsel
Used module:             \regfile
Used module:             \fetcher
Used module:         $paramod$d7968239daadebaf69b1be25c90854a83f64fecc\littlecpu
Used module:             $paramod\csrs\HART_ID=32'00000000000000000000000000000000
Used module:         $paramod\timer\NHARTS=s32'00000000000000000000000000000010
Used module:         $paramod\memory\NHARTS=s32'00000000000000000000000000000010
Used module:         $paramod$18ede905fa6e1afc2ae2c60442aa583c043ea8ce\imemory
Used module:         \busarbiter
Removing unused module `$paramod$d31f97b8db0d676646059c6a87febdb40a0c1967\imemory'.
Removing unused module `\littledual'.
Removing unused module `\littlecpu'.
Removing unused module `\timer'.
Removing unused module `\memory'.
Removing unused module `\imemory'.
Removing unused module `\csrs'.
Removed 7 unused modules.

17.4. Executing PROC pass (convert processes to netlists).

17.4.1. Executing PROC_CLEAN pass (remove empty switches from decision trees).
Removing empty process `$paramod$18ede905fa6e1afc2ae2c60442aa583c043ea8ce\imemory.$proc$rtl/imemory.v:87$1867'.
Removing empty process `$paramod$18ede905fa6e1afc2ae2c60442aa583c043ea8ce\imemory.$proc$rtl/imemory.v:86$1866'.
Cleaned up 0 empty switches.

17.4.2. Executing PROC_RMDEAD pass (remove dead branches from decision trees).
Marked 2 switch rules as full_case in process $proc$rtl/csrs.v:283$1512 in module $paramod\csrs\HART_ID=32'00000000000000000000000000000000.
Marked 1 switch rules as full_case in process $proc$rtl/csrs.v:220$1486 in module $paramod\csrs\HART_ID=32'00000000000000000000000000000000.
Marked 1 switch rules as full_case in process $proc$rtl/csrs.v:177$1485 in module $paramod\csrs\HART_ID=32'00000000000000000000000000000000.
Marked 1 switch rules as full_case in process $proc$rtl/littledualsoc.v:58$1243 in module littledualsoc.
Marked 10 switch rules as full_case in process $proc$rtl/imemory.v:147$1763 in module $paramod$18ede905fa6e1afc2ae2c60442aa583c043ea8ce\imemory.
Marked 1 switch rules as full_case in process $proc$rtl/busarbiter.v:43$1216 in module busarbiter.
Marked 2 switch rules as full_case in process $proc$rtl/csrs.v:283$1904 in module $paramod\csrs\HART_ID=32'00000000000000000000000000000001.
Marked 1 switch rules as full_case in process $proc$rtl/csrs.v:220$1878 in module $paramod\csrs\HART_ID=32'00000000000000000000000000000001.
Marked 1 switch rules as full_case in process $proc$rtl/csrs.v:177$1877 in module $paramod\csrs\HART_ID=32'00000000000000000000000000000001.
Marked 1 switch rules as full_case in process $proc$rtl/regfile.v:36$1016 in module regfile.
Marked 5 switch rules as full_case in process $proc$rtl/memory.v:118$1549 in module $paramod\memory\NHARTS=s32'00000000000000000000000000000010.
Marked 1 switch rules as full_case in process $proc$rtl/timer.v:177$1542 in module $paramod\timer\NHARTS=s32'00000000000000000000000000000010.
Marked 1 switch rules as full_case in process $proc$rtl/timer.v:155$1538 in module $paramod\timer\NHARTS=s32'00000000000000000000000000000010.
Marked 1 switch rules as full_case in process $proc$rtl/timer.v:190$1529 in module $paramod\timer\NHARTS=s32'00000000000000000000000000000010.
Marked 1 switch rules as full_case in process $proc$rtl/fetcher.v:61$851 in module fetcher.
Marked 7 switch rules as full_case in process $proc$rtl/executor.v:119$821 in module executor.
Marked 3 switch rules as full_case in process $proc$rtl/decoder.v:826$776 in module decoder.
Marked 1 switch rules as full_case in process $proc$rtl/decoder.v:766$760 in module decoder.
Marked 1 switch rules as full_case in process $proc$rtl/decoder.v:748$756 in module decoder.
Marked 1 switch rules as full_case in process $proc$rtl/decoder.v:659$713 in module decoder.
Marked 1 switch rules as full_case in process $proc$rtl/decoder.v:585$666 in module decoder.
Marked 1 switch rules as full_case in process $proc$rtl/decoder.v:535$627 in module decoder.
Marked 1 switch rules as full_case in process $proc$rtl/decoder.v:205$161 in module decoder.
Marked 1 switch rules as full_case in process $proc$rtl/accessor.v:393$84 in module accessor.
Marked 1 switch rules as full_case in process $proc$rtl/accessor.v:346$65 in module accessor.
Marked 3 switch rules as full_case in process $proc$rtl/accessor.v:289$61 in module accessor.
Marked 1 switch rules as full_case in process $proc$rtl/accessor.v:267$58 in module accessor.
Marked 3 switch rules as full_case in process $proc$rtl/accessor.v:154$22 in module accessor.
Removed a total of 0 dead cases.

17.4.3. Executing PROC_PRUNE pass (remove redundant assignments in processes).
Removed 35 redundant assignments.
Promoted 90 assignments to connections.

17.4.4. Executing PROC_INIT pass (extract init attributes).
Found init rule in `\littledualsoc.$proc$rtl/littledualsoc.v:34$1250'.
  Set init value: \reset = 1'1
Found init rule in `\littledualsoc.$proc$rtl/littledualsoc.v:33$1249'.
  Set init value: \btn_sync = 2'00
Found init rule in `\littledualsoc.$proc$rtl/littledualsoc.v:32$1248'.
  Set init value: \por_done = 1'0
Found init rule in `\littledualsoc.$proc$rtl/littledualsoc.v:31$1247'.
  Set init value: \por_count = 4'0000

17.4.5. Executing PROC_ARST pass (detect async resets in processes).

17.4.6. Executing PROC_ROM pass (convert switches to ROMs).
Converted 0 switches.
<suppressed ~105 debug messages>

17.4.7. Executing PROC_MUX pass (convert decision trees to multiplexers).
Creating decoders for process `$paramod\csrs\HART_ID=32'00000000000000000000000000000000.$proc$rtl/csrs.v:283$1512'.
     1/9: $0\minstret[63:0]
     2/9: $0\mcycle[63:0]
     3/9: $0\mie_mtie[0:0]
     4/9: $0\mstatus_mpie[0:0]
     5/9: $0\mstatus_mie[0:0]
     6/9: $0\mcause[31:0]
     7/9: $0\mepc[31:0]
     8/9: $0\mtvec[31:0]
     9/9: $0\mscratch[31:0]
Creating decoders for process `$paramod\csrs\HART_ID=32'00000000000000000000000000000000.$proc$rtl/csrs.v:220$1486'.
     1/1: $1\warl[31:0]
Creating decoders for process `$paramod\csrs\HART_ID=32'00000000000000000000000000000000.$proc$rtl/csrs.v:177$1485'.
     1/2: $1\rdata[31:0]
     2/2: $1\implemented[0:0]
Creating decoders for process `\littledualsoc.$proc$rtl/littledualsoc.v:34$1250'.
Creating decoders for process `\littledualsoc.$proc$rtl/littledualsoc.v:33$1249'.
Creating decoders for process `\littledualsoc.$proc$rtl/littledualsoc.v:32$1248'.
Creating decoders for process `\littledualsoc.$proc$rtl/littledualsoc.v:31$1247'.
Creating decoders for process `\littledualsoc.$proc$rtl/littledualsoc.v:58$1243'.
     1/1: $0\trap_seen[0:0]
Creating decoders for process `\littledualsoc.$proc$rtl/littledualsoc.v:35$1236'.
     1/2: $0\por_done[0:0]
     2/2: $0\por_count[3:0]
Creating decoders for process `$paramod$18ede905fa6e1afc2ae2c60442aa583c043ea8ce\imemory.$proc$rtl/imemory.v:212$1854'.
Creating decoders for process `$paramod$18ede905fa6e1afc2ae2c60442aa583c043ea8ce\imemory.$proc$rtl/imemory.v:147$1763'.
     1/48: $2$memwr$\rom_odd$rtl/imemory.v:168$1744_EN[31:0]$1840
     2/48: $2$memwr$\rom_odd$rtl/imemory.v:168$1744_DATA[31:0]$1839
     3/48: $2$memwr$\rom_odd$rtl/imemory.v:168$1744_ADDR[9:0]$1838
     4/48: $2$memwr$\rom_odd$rtl/imemory.v:167$1743_EN[31:0]$1837
     5/48: $2$memwr$\rom_odd$rtl/imemory.v:167$1743_DATA[31:0]$1836
     6/48: $2$memwr$\rom_odd$rtl/imemory.v:167$1743_ADDR[9:0]$1835
     7/48: $2$memwr$\rom_odd$rtl/imemory.v:166$1742_EN[31:0]$1834
     8/48: $2$memwr$\rom_odd$rtl/imemory.v:166$1742_DATA[31:0]$1833
     9/48: $2$memwr$\rom_odd$rtl/imemory.v:166$1742_ADDR[9:0]$1832
    10/48: $2$memwr$\rom_odd$rtl/imemory.v:165$1741_EN[31:0]$1831
    11/48: $2$memwr$\rom_odd$rtl/imemory.v:165$1741_DATA[31:0]$1830
    12/48: $2$memwr$\rom_odd$rtl/imemory.v:165$1741_ADDR[9:0]$1829
    13/48: $1$memwr$\rom_odd$rtl/imemory.v:168$1744_EN[31:0]$1828
    14/48: $1$memwr$\rom_odd$rtl/imemory.v:168$1744_DATA[31:0]$1827
    15/48: $1$memwr$\rom_odd$rtl/imemory.v:168$1744_ADDR[9:0]$1826
    16/48: $1$memwr$\rom_odd$rtl/imemory.v:167$1743_EN[31:0]$1825
    17/48: $1$memwr$\rom_odd$rtl/imemory.v:167$1743_DATA[31:0]$1824
    18/48: $1$memwr$\rom_odd$rtl/imemory.v:167$1743_ADDR[9:0]$1823
    19/48: $1$memwr$\rom_odd$rtl/imemory.v:166$1742_EN[31:0]$1822
    20/48: $1$memwr$\rom_odd$rtl/imemory.v:166$1742_DATA[31:0]$1821
    21/48: $1$memwr$\rom_odd$rtl/imemory.v:166$1742_ADDR[9:0]$1820
    22/48: $1$memwr$\rom_odd$rtl/imemory.v:165$1741_EN[31:0]$1819
    23/48: $1$memwr$\rom_odd$rtl/imemory.v:165$1741_DATA[31:0]$1818
    24/48: $1$memwr$\rom_odd$rtl/imemory.v:165$1741_ADDR[9:0]$1817
    25/48: $2$memwr$\rom_even$rtl/imemory.v:162$1740_EN[31:0]$1816
    26/48: $2$memwr$\rom_even$rtl/imemory.v:162$1740_DATA[31:0]$1815
    27/48: $2$memwr$\rom_even$rtl/imemory.v:162$1740_ADDR[9:0]$1814
    28/48: $2$memwr$\rom_even$rtl/imemory.v:161$1739_EN[31:0]$1813
    29/48: $2$memwr$\rom_even$rtl/imemory.v:161$1739_DATA[31:0]$1812
    30/48: $2$memwr$\rom_even$rtl/imemory.v:161$1739_ADDR[9:0]$1811
    31/48: $2$memwr$\rom_even$rtl/imemory.v:160$1738_EN[31:0]$1810
    32/48: $2$memwr$\rom_even$rtl/imemory.v:160$1738_DATA[31:0]$1809
    33/48: $2$memwr$\rom_even$rtl/imemory.v:160$1738_ADDR[9:0]$1808
    34/48: $2$memwr$\rom_even$rtl/imemory.v:159$1737_EN[31:0]$1807
    35/48: $2$memwr$\rom_even$rtl/imemory.v:159$1737_DATA[31:0]$1806
    36/48: $2$memwr$\rom_even$rtl/imemory.v:159$1737_ADDR[9:0]$1805
    37/48: $1$memwr$\rom_even$rtl/imemory.v:162$1740_EN[31:0]$1804
    38/48: $1$memwr$\rom_even$rtl/imemory.v:162$1740_DATA[31:0]$1803
    39/48: $1$memwr$\rom_even$rtl/imemory.v:162$1740_ADDR[9:0]$1802
    40/48: $1$memwr$\rom_even$rtl/imemory.v:161$1739_EN[31:0]$1801
    41/48: $1$memwr$\rom_even$rtl/imemory.v:161$1739_DATA[31:0]$1800
    42/48: $1$memwr$\rom_even$rtl/imemory.v:161$1739_ADDR[9:0]$1799
    43/48: $1$memwr$\rom_even$rtl/imemory.v:160$1738_EN[31:0]$1798
    44/48: $1$memwr$\rom_even$rtl/imemory.v:160$1738_DATA[31:0]$1797
    45/48: $1$memwr$\rom_even$rtl/imemory.v:160$1738_ADDR[9:0]$1796
    46/48: $1$memwr$\rom_even$rtl/imemory.v:159$1737_EN[31:0]$1795
    47/48: $1$memwr$\rom_even$rtl/imemory.v:159$1737_DATA[31:0]$1794
    48/48: $1$memwr$\rom_even$rtl/imemory.v:159$1737_ADDR[9:0]$1793
Creating decoders for process `\busarbiter.$proc$rtl/busarbiter.v:43$1216'.
     1/1: $0\grant[1:0]
Creating decoders for process `$paramod\csrs\HART_ID=32'00000000000000000000000000000001.$proc$rtl/csrs.v:283$1904'.
     1/9: $0\minstret[63:0]
     2/9: $0\mcycle[63:0]
     3/9: $0\mie_mtie[0:0]
     4/9: $0\mstatus_mpie[0:0]
     5/9: $0\mstatus_mie[0:0]
     6/9: $0\mcause[31:0]
     7/9: $0\mepc[31:0]
     8/9: $0\mtvec[31:0]
     9/9: $0\mscratch[31:0]
Creating decoders for process `$paramod\csrs\HART_ID=32'00000000000000000000000000000001.$proc$rtl/csrs.v:220$1878'.
     1/1: $1\warl[31:0]
Creating decoders for process `$paramod\csrs\HART_ID=32'00000000000000000000000000000001.$proc$rtl/csrs.v:177$1877'.
     1/2: $1\rdata[31:0]
     2/2: $1\implemented[0:0]
Creating decoders for process `\regsel.$proc$rtl/regsel.v:98$1174'.
     1/1: $1\rs2[4:0]
Creating decoders for process `\regsel.$proc$rtl/regsel.v:84$1156'.
     1/1: $1\rs1[4:0]
Creating decoders for process `\regfile.$proc$rtl/regfile.v:65$1039'.
Creating decoders for process `\regfile.$proc$rtl/regfile.v:36$1016'.
     1/6: $1$memwr$\regs_b$rtl/regfile.v:43$1015_EN[31:0]$1038
     2/6: $1$memwr$\regs_b$rtl/regfile.v:43$1015_DATA[31:0]$1037
     3/6: $1$memwr$\regs_b$rtl/regfile.v:43$1015_ADDR[4:0]$1036
     4/6: $1$memwr$\regs_a$rtl/regfile.v:42$1014_EN[31:0]$1035
     5/6: $1$memwr$\regs_a$rtl/regfile.v:42$1014_DATA[31:0]$1034
     6/6: $1$memwr$\regs_a$rtl/regfile.v:42$1014_ADDR[4:0]$1033
Creating decoders for process `$paramod\memory\NHARTS=s32'00000000000000000000000000000010.$proc$rtl/memory.v:118$1549'.
     1/25: $2$memwr$\ram$rtl/memory.v:123$1546_EN[31:0]$1587
     2/25: $2$memwr$\ram$rtl/memory.v:123$1546_DATA[31:0]$1586
     3/25: $2$memwr$\ram$rtl/memory.v:123$1546_ADDR[13:0]$1585
     4/25: $2$memwr$\ram$rtl/memory.v:122$1545_EN[31:0]$1584
     5/25: $2$memwr$\ram$rtl/memory.v:122$1545_DATA[31:0]$1583
     6/25: $2$memwr$\ram$rtl/memory.v:122$1545_ADDR[13:0]$1582
     7/25: $2$memwr$\ram$rtl/memory.v:121$1544_EN[31:0]$1581
     8/25: $2$memwr$\ram$rtl/memory.v:121$1544_DATA[31:0]$1580
     9/25: $2$memwr$\ram$rtl/memory.v:121$1544_ADDR[13:0]$1579
    10/25: $2$memwr$\ram$rtl/memory.v:120$1543_EN[31:0]$1578
    11/25: $2$memwr$\ram$rtl/memory.v:120$1543_DATA[31:0]$1577
    12/25: $2$memwr$\ram$rtl/memory.v:120$1543_ADDR[13:0]$1576
    13/25: $1$memwr$\ram$rtl/memory.v:123$1546_EN[31:0]$1575
    14/25: $1$memwr$\ram$rtl/memory.v:123$1546_DATA[31:0]$1574
    15/25: $1$memwr$\ram$rtl/memory.v:123$1546_ADDR[13:0]$1573
    16/25: $1$memwr$\ram$rtl/memory.v:122$1545_EN[31:0]$1572
    17/25: $1$memwr$\ram$rtl/memory.v:122$1545_DATA[31:0]$1571
    18/25: $1$memwr$\ram$rtl/memory.v:122$1545_ADDR[13:0]$1570
    19/25: $1$memwr$\ram$rtl/memory.v:121$1544_EN[31:0]$1569
    20/25: $1$memwr$\ram$rtl/memory.v:121$1544_DATA[31:0]$1568
    21/25: $1$memwr$\ram$rtl/memory.v:121$1544_ADDR[13:0]$1567
    22/25: $1$memwr$\ram$rtl/memory.v:120$1543_EN[31:0]$1566
    23/25: $1$memwr$\ram$rtl/memory.v:120$1543_DATA[31:0]$1565
    24/25: $1$memwr$\ram$rtl/memory.v:120$1543_ADDR[13:0]$1564
    25/25: $0\mem_rdata[31:0]
Creating decoders for process `$paramod\timer\NHARTS=s32'00000000000000000000000000000010.$proc$rtl/timer.v:177$1542'.
     1/1: $1\read_word[31:0]
Creating decoders for process `$paramod\timer\NHARTS=s32'00000000000000000000000000000010.$proc$rtl/timer.v:155$1538'.
     1/9: $0\l_harts.l_hart[1].cmp[63:0] [63:56]
     2/9: $0\l_harts.l_hart[1].cmp[63:0] [55:48]
     3/9: $0\l_harts.l_hart[1].cmp[63:0] [47:40]
     4/9: $0\l_harts.l_hart[1].cmp[63:0] [39:32]
     5/9: $0\l_harts.l_hart[1].cmp[63:0] [31:24]
     6/9: $0\l_harts.l_hart[1].cmp[63:0] [23:16]
     7/9: $0\l_harts.l_hart[1].cmp[63:0] [15:8]
     8/9: $0\l_harts.l_hart[1].cmp[63:0] [7:0]
     9/9: $0\mtip[1:1]
Creating decoders for process `$paramod\timer\NHARTS=s32'00000000000000000000000000000010.$proc$rtl/timer.v:190$1529'.
     1/18: $0\mtimecmp[63:0] [63:56]
     2/18: $0\mtimecmp[63:0] [55:48]
     3/18: $0\mtimecmp[63:0] [47:40]
     4/18: $0\mtimecmp[63:0] [39:32]
     5/18: $0\mtimecmp[63:0] [31:24]
     6/18: $0\mtimecmp[63:0] [23:16]
     7/18: $0\mtimecmp[63:0] [15:8]
     8/18: $0\mtimecmp[63:0] [7:0]
     9/18: $0\mtime[63:0] [55:48]
    10/18: $0\mtime[63:0] [47:40]
    11/18: $0\mtime[63:0] [39:32]
    12/18: $0\mtime[63:0] [31:24]
    13/18: $0\mtime[63:0] [23:16]
    14/18: $0\mtime[63:0] [15:8]
    15/18: $0\mtime[63:0] [7:0]
    16/18: $0\mtip[0:0]
    17/18: $0\mem_rdata[31:0]
    18/18: $0\mtime[63:0] [63:56]
Creating decoders for process `\fetcher.$proc$rtl/fetcher.v:61$851'.
     1/4: $1\out[96:0] [31:0]
     2/4: $1\out[96:0] [63:32]
     3/4: $1\out[96:0] [95:64]
     4/4: $1\out[96:0] [96]
Creating decoders for process `\executor.$proc$rtl/executor.v:119$821'.
     1/14: $0\out[37:0] [36:32]
     2/14: $0\out[37:0] [31:0]
     3/14: $0\out[37:0] [37]
     4/14: $0\op_sign_x[0:0]
     5/14: $0\op_is_remu[0:0]
     6/14: $0\op_is_rem[0:0]
     7/14: $0\op_is_divu[0:0]
     8/14: $0\op_is_div[0:0]
     9/14: $0\div_divisor[31:0]
    10/14: $0\div_quot[31:0]
    11/14: $0\div_rem[31:0]
    12/14: $0\mul_div_counter[6:0]
    13/14: $0\state[1:0]
    14/14: $0\op_sign_y[0:0]
Creating decoders for process `\executor.$proc$rtl/executor.v:73$805'.
Creating decoders for process `\decoder.$proc$rtl/decoder.v:826$776'.
     1/44: $0\out[140:0] [1]
     2/44: $0\out[140:0] [0]
     3/44: $0\out[140:0] [2]
     4/44: $0\out[140:0] [3]
     5/44: $0\out[140:0] [4]
     6/44: $0\out[140:0] [5]
     7/44: $0\out[140:0] [6]
     8/44: $0\out[140:0] [7]
     9/44: $0\out[140:0] [8]
    10/44: $0\out[140:0] [9]
    11/44: $0\out[140:0] [10]
    12/44: $0\out[140:0] [11]
    13/44: $0\out[140:0] [12]
    14/44: $0\out[140:0] [13]
    15/44: $0\out[140:0] [14]
    16/44: $0\out[140:0] [15]
    17/44: $0\out[140:0] [16]
    18/44: $0\out[140:0] [17]
    19/44: $0\out[140:0] [18]
    20/44: $0\out[140:0] [19]
    21/44: $0\out[140:0] [20]
    22/44: $0\out[140:0] [21]
    23/44: $0\out[140:0] [22]
    24/44: $0\out[140:0] [23]
    25/44: $0\out[140:0] [24]
    26/44: $0\out[140:0] [25]
    27/44: $0\out[140:0] [26]
    28/44: $0\out[140:0] [27]
    29/44: $0\out[140:0] [28]
    30/44: $0\out[140:0] [29]
    31/44: $0\out[140:0] [30]
    32/44: $0\out[140:0] [31]
    33/44: $0\out[140:0] [32]
    34/44: $0\out[140:0] [33]
    35/44: $0\out[140:0] [34]
    36/44: $0\out[140:0] [35]
    37/44: $0\out[140:0] [36]
    38/44: $0\out[140:0] [37]
    39/44: $0\out[140:0] [38]
    40/44: $0\out[140:0] [134:103]
    41/44: $0\out[140:0] [102:71]
    42/44: $0\out[140:0] [70:39]
    43/44: $0\out[140:0] [139:135]
    44/44: $0\out[140:0] [140]
Creating decoders for process `\decoder.$proc$rtl/decoder.v:824$775'.
Creating decoders for process `\decoder.$proc$rtl/decoder.v:766$760'.
     1/1: $1\next_pc[31:0]
Creating decoders for process `\decoder.$proc$rtl/decoder.v:748$756'.
     1/1: $1\branch_taken[0:0]
Creating decoders for process `\decoder.$proc$rtl/decoder.v:659$713'.
     1/3: $0\read_taken[0:0]
     2/3: $0\prev_rs2[4:0]
     3/3: $0\prev_rs1[4:0]
Creating decoders for process `\decoder.$proc$rtl/decoder.v:585$666'.
     1/1: $1\math_arg[31:0]
Creating decoders for process `\decoder.$proc$rtl/decoder.v:555$628'.
     1/1: $1\rd[4:0]
Creating decoders for process `\decoder.$proc$rtl/decoder.v:535$627'.
     1/1: $1\trap_cause[31:0]
Creating decoders for process `\decoder.$proc$rtl/decoder.v:205$161'.
     1/1: $1\immediate[31:0]
Creating decoders for process `\accessor.$proc$rtl/accessor.v:393$84'.
     1/3: $0\out[37:0] [36:32]
     2/3: $0\out[37:0] [31:0]
     3/3: $0\out[37:0] [37]
Creating decoders for process `\accessor.$proc$rtl/accessor.v:346$65'.
     1/21: $0\take_amo_maxu[0:0]
     2/21: $0\take_amo_minu[0:0]
     3/21: $0\take_amo_max[0:0]
     4/21: $0\take_amo_min[0:0]
     5/21: $0\take_amo_or[0:0]
     6/21: $0\take_amo_and[0:0]
     7/21: $0\take_amo_xor[0:0]
     8/21: $0\take_amo_add[0:0]
     9/21: $0\take_amo_swap[0:0]
    10/21: $0\take_amo_arg[31:0]
    11/21: $0\take_amo_addr[31:0]
    12/21: $0\take_amo[0:0]
    13/21: $0\take_sc_failed[0:0]
    14/21: $0\take_is_sc[0:0]
    15/21: $0\take_is_lr[0:0]
    16/21: $0\take_lane[1:0]
    17/21: $0\take_is_lw[0:0]
    18/21: $0\take_is_lhu[0:0]
    19/21: $0\take_is_lh[0:0]
    20/21: $0\take_is_lbu[0:0]
    21/21: $0\take_is_lb[0:0]
Creating decoders for process `\accessor.$proc$rtl/accessor.v:289$61'.
     1/12: $4\mem_wdata[31:0]
     2/12: $4\mem_wstrb[3:0]
     3/12: $4\mem_addr[31:0]
     4/12: $3\mem_addr[31:0]
     5/12: $3\mem_wdata[31:0]
     6/12: $3\mem_wstrb[3:0]
     7/12: $2\mem_wdata[31:0]
     8/12: $2\mem_wstrb[3:0]
     9/12: $2\mem_addr[31:0]
    10/12: $1\mem_wdata[31:0]
    11/12: $1\mem_wstrb[3:0]
    12/12: $1\mem_addr[31:0]
Creating decoders for process `\accessor.$proc$rtl/accessor.v:267$58'.
     1/1: $1\amo_fn[3:0]
Creating decoders for process `\accessor.$proc$rtl/accessor.v:154$22'.
     1/2: $0\rsrv_held[0:0]
     2/2: $0\rsrv_word[29:0]

17.4.8. Executing PROC_DLATCH pass (convert process syncs to latches).
No latch inferred for signal `$paramod\csrs\HART_ID=32'00000000000000000000000000000000.\warl' from process `$paramod\csrs\HART_ID=32'00000000000000000000000000000000.$proc$rtl/csrs.v:220$1486'.
No latch inferred for signal `$paramod\csrs\HART_ID=32'00000000000000000000000000000000.\rdata' from process `$paramod\csrs\HART_ID=32'00000000000000000000000000000000.$proc$rtl/csrs.v:177$1485'.
No latch inferred for signal `$paramod\csrs\HART_ID=32'00000000000000000000000000000000.\implemented' from process `$paramod\csrs\HART_ID=32'00000000000000000000000000000000.$proc$rtl/csrs.v:177$1485'.
No latch inferred for signal `$paramod\csrs\HART_ID=32'00000000000000000000000000000001.\warl' from process `$paramod\csrs\HART_ID=32'00000000000000000000000000000001.$proc$rtl/csrs.v:220$1878'.
No latch inferred for signal `$paramod\csrs\HART_ID=32'00000000000000000000000000000001.\rdata' from process `$paramod\csrs\HART_ID=32'00000000000000000000000000000001.$proc$rtl/csrs.v:177$1877'.
No latch inferred for signal `$paramod\csrs\HART_ID=32'00000000000000000000000000000001.\implemented' from process `$paramod\csrs\HART_ID=32'00000000000000000000000000000001.$proc$rtl/csrs.v:177$1877'.
No latch inferred for signal `\regsel.\rs2' from process `\regsel.$proc$rtl/regsel.v:98$1174'.
No latch inferred for signal `\regsel.\rs1' from process `\regsel.$proc$rtl/regsel.v:84$1156'.
No latch inferred for signal `\regfile.\reg_rs1' from process `\regfile.$proc$rtl/regfile.v:65$1039'.
No latch inferred for signal `\regfile.\reg_rs2' from process `\regfile.$proc$rtl/regfile.v:65$1039'.
No latch inferred for signal `$paramod\timer\NHARTS=s32'00000000000000000000000000000010.\read_word' from process `$paramod\timer\NHARTS=s32'00000000000000000000000000000010.$proc$rtl/timer.v:177$1542'.
No latch inferred for signal `\fetcher.\out' from process `\fetcher.$proc$rtl/fetcher.v:61$851'.
No latch inferred for signal `\executor.\stalled' from process `\executor.$proc$rtl/executor.v:73$805'.
No latch inferred for signal `\decoder.\next_pc' from process `\decoder.$proc$rtl/decoder.v:766$760'.
No latch inferred for signal `\decoder.\branch_taken' from process `\decoder.$proc$rtl/decoder.v:748$756'.
No latch inferred for signal `\decoder.\math_arg' from process `\decoder.$proc$rtl/decoder.v:585$666'.
No latch inferred for signal `\decoder.\rd' from process `\decoder.$proc$rtl/decoder.v:555$628'.
No latch inferred for signal `\decoder.\trap_cause' from process `\decoder.$proc$rtl/decoder.v:535$627'.
No latch inferred for signal `\decoder.\immediate' from process `\decoder.$proc$rtl/decoder.v:205$161'.
No latch inferred for signal `\accessor.\mem_addr' from process `\accessor.$proc$rtl/accessor.v:289$61'.
No latch inferred for signal `\accessor.\mem_wstrb' from process `\accessor.$proc$rtl/accessor.v:289$61'.
No latch inferred for signal `\accessor.\mem_wdata' from process `\accessor.$proc$rtl/accessor.v:289$61'.
No latch inferred for signal `\accessor.\amo_fn' from process `\accessor.$proc$rtl/accessor.v:267$58'.

17.4.9. Executing PROC_DFF pass (convert process syncs to FFs).
Creating register for signal `$paramod\csrs\HART_ID=32'00000000000000000000000000000000.\mcycle' using process `$paramod\csrs\HART_ID=32'00000000000000000000000000000000.$proc$rtl/csrs.v:283$1512'.
  created $dff cell `$procdff$3742' with positive edge clock.
Creating register for signal `$paramod\csrs\HART_ID=32'00000000000000000000000000000000.\minstret' using process `$paramod\csrs\HART_ID=32'00000000000000000000000000000000.$proc$rtl/csrs.v:283$1512'.
  created $dff cell `$procdff$3743' with positive edge clock.
Creating register for signal `$paramod\csrs\HART_ID=32'00000000000000000000000000000000.\mscratch' using process `$paramod\csrs\HART_ID=32'00000000000000000000000000000000.$proc$rtl/csrs.v:283$1512'.
  created $dff cell `$procdff$3744' with positive edge clock.
Creating register for signal `$paramod\csrs\HART_ID=32'00000000000000000000000000000000.\mtvec' using process `$paramod\csrs\HART_ID=32'00000000000000000000000000000000.$proc$rtl/csrs.v:283$1512'.
  created $dff cell `$procdff$3745' with positive edge clock.
Creating register for signal `$paramod\csrs\HART_ID=32'00000000000000000000000000000000.\mepc' using process `$paramod\csrs\HART_ID=32'00000000000000000000000000000000.$proc$rtl/csrs.v:283$1512'.
  created $dff cell `$procdff$3746' with positive edge clock.
Creating register for signal `$paramod\csrs\HART_ID=32'00000000000000000000000000000000.\mcause' using process `$paramod\csrs\HART_ID=32'00000000000000000000000000000000.$proc$rtl/csrs.v:283$1512'.
  created $dff cell `$procdff$3747' with positive edge clock.
Creating register for signal `$paramod\csrs\HART_ID=32'00000000000000000000000000000000.\mstatus_mie' using process `$paramod\csrs\HART_ID=32'00000000000000000000000000000000.$proc$rtl/csrs.v:283$1512'.
  created $dff cell `$procdff$3748' with positive edge clock.
Creating register for signal `$paramod\csrs\HART_ID=32'00000000000000000000000000000000.\mstatus_mpie' using process `$paramod\csrs\HART_ID=32'00000000000000000000000000000000.$proc$rtl/csrs.v:283$1512'.
  created $dff cell `$procdff$3749' with positive edge clock.
Creating register for signal `$paramod\csrs\HART_ID=32'00000000000000000000000000000000.\mie_mtie' using process `$paramod\csrs\HART_ID=32'00000000000000000000000000000000.$proc$rtl/csrs.v:283$1512'.
  created $dff cell `$procdff$3750' with positive edge clock.
Creating register for signal `\littledualsoc.\trap_seen' using process `\littledualsoc.$proc$rtl/littledualsoc.v:58$1243'.
  created $dff cell `$procdff$3751' with positive edge clock.
Creating register for signal `\littledualsoc.\reset' using process `\littledualsoc.$proc$rtl/littledualsoc.v:35$1236'.
  created $dff cell `$procdff$3752' with positive edge clock.
Creating register for signal `\littledualsoc.\por_count' using process `\littledualsoc.$proc$rtl/littledualsoc.v:35$1236'.
  created $dff cell `$procdff$3753' with positive edge clock.
Creating register for signal `\littledualsoc.\por_done' using process `\littledualsoc.$proc$rtl/littledualsoc.v:35$1236'.
  created $dff cell `$procdff$3754' with positive edge clock.
Creating register for signal `\littledualsoc.\btn_sync' using process `\littledualsoc.$proc$rtl/littledualsoc.v:35$1236'.
  created $dff cell `$procdff$3755' with positive edge clock.
Creating register for signal `$paramod$18ede905fa6e1afc2ae2c60442aa583c043ea8ce\imemory.\fetch_stall [1]' using process `$paramod$18ede905fa6e1afc2ae2c60442aa583c043ea8ce\imemory.$proc$rtl/imemory.v:212$1854'.
  created $dff cell `$procdff$3756' with positive edge clock.
Creating register for signal `$paramod$18ede905fa6e1afc2ae2c60442aa583c043ea8ce\imemory.\l_window[1].w_even_data' using process `$paramod$18ede905fa6e1afc2ae2c60442aa583c043ea8ce\imemory.$proc$rtl/imemory.v:212$1854'.
  created $dff cell `$procdff$3757' with positive edge clock.
Creating register for signal `$paramod$18ede905fa6e1afc2ae2c60442aa583c043ea8ce\imemory.\l_window[1].w_odd_data' using process `$paramod$18ede905fa6e1afc2ae2c60442aa583c043ea8ce\imemory.$proc$rtl/imemory.v:212$1854'.
  created $dff cell `$procdff$3758' with positive edge clock.
Creating register for signal `$paramod$18ede905fa6e1afc2ae2c60442aa583c043ea8ce\imemory.\l_window[1].w_odd_first' using process `$paramod$18ede905fa6e1afc2ae2c60442aa583c043ea8ce\imemory.$proc$rtl/imemory.v:212$1854'.
  created $dff cell `$procdff$3759' with positive edge clock.
Creating register for signal `$paramod$18ede905fa6e1afc2ae2c60442aa583c043ea8ce\imemory.\l_window[1].w_in_range' using process `$paramod$18ede905fa6e1afc2ae2c60442aa583c043ea8ce\imemory.$proc$rtl/imemory.v:212$1854'.
  created $dff cell `$procdff$3760' with positive edge clock.
Creating register for signal `$paramod$18ede905fa6e1afc2ae2c60442aa583c043ea8ce\imemory.\l_window[1].w_in_range2' using process `$paramod$18ede905fa6e1afc2ae2c60442aa583c043ea8ce\imemory.$proc$rtl/imemory.v:212$1854'.
  created $dff cell `$procdff$3761' with positive edge clock.
Creating register for signal `$paramod$18ede905fa6e1afc2ae2c60442aa583c043ea8ce\imemory.\fetch_stall [0]' using process `$paramod$18ede905fa6e1afc2ae2c60442aa583c043ea8ce\imemory.$proc$rtl/imemory.v:147$1763'.
  created $dff cell `$procdff$3762' with positive edge clock.
Creating register for signal `$paramod$18ede905fa6e1afc2ae2c60442aa583c043ea8ce\imemory.\even_data' using process `$paramod$18ede905fa6e1afc2ae2c60442aa583c043ea8ce\imemory.$proc$rtl/imemory.v:147$1763'.
  created $dff cell `$procdff$3763' with positive edge clock.
Creating register for signal `$paramod$18ede905fa6e1afc2ae2c60442aa583c043ea8ce\imemory.\odd_data' using process `$paramod$18ede905fa6e1afc2ae2c60442aa583c043ea8ce\imemory.$proc$rtl/imemory.v:147$1763'.
  created $dff cell `$procdff$3764' with positive edge clock.
Creating register for signal `$paramod$18ede905fa6e1afc2ae2c60442aa583c043ea8ce\imemory.\odd_first' using process `$paramod$18ede905fa6e1afc2ae2c60442aa583c043ea8ce\imemory.$proc$rtl/imemory.v:147$1763'.
  created $dff cell `$procdff$3765' with positive edge clock.
Creating register for signal `$paramod$18ede905fa6e1afc2ae2c60442aa583c043ea8ce\imemory.\in_range' using process `$paramod$18ede905fa6e1afc2ae2c60442aa583c043ea8ce\imemory.$proc$rtl/imemory.v:147$1763'.
  created $dff cell `$procdff$3766' with positive edge clock.
Creating register for signal `$paramod$18ede905fa6e1afc2ae2c60442aa583c043ea8ce\imemory.\in_range2' using process `$paramod$18ede905fa6e1afc2ae2c60442aa583c043ea8ce\imemory.$proc$rtl/imemory.v:147$1763'.
  created $dff cell `$procdff$3767' with positive edge clock.
Creating register for signal `$paramod$18ede905fa6e1afc2ae2c60442aa583c043ea8ce\imemory.\data_hit' using process `$paramod$18ede905fa6e1afc2ae2c60442aa583c043ea8ce\imemory.$proc$rtl/imemory.v:147$1763'.
  created $dff cell `$procdff$3768' with positive edge clock.
Creating register for signal `$paramod$18ede905fa6e1afc2ae2c60442aa583c043ea8ce\imemory.\data_hit_odd' using process `$paramod$18ede905fa6e1afc2ae2c60442aa583c043ea8ce\imemory.$proc$rtl/imemory.v:147$1763'.
  created $dff cell `$procdff$3769' with positive edge clock.
Creating register for signal `$paramod$18ede905fa6e1afc2ae2c60442aa583c043ea8ce\imemory.$memwr$\rom_even$rtl/imemory.v:159$1737_ADDR' using process `$paramod$18ede905fa6e1afc2ae2c60442aa583c043ea8ce\imemory.$proc$rtl/imemory.v:147$1763'.
  created $dff cell `$procdff$3770' with positive edge clock.
Creating register for signal `$paramod$18ede905fa6e1afc2ae2c60442aa583c043ea8ce\imemory.$memwr$\rom_even$rtl/imemory.v:159$1737_DATA' using process `$paramod$18ede905fa6e1afc2ae2c60442aa583c043ea8ce\imemory.$proc$rtl/imemory.v:147$1763'.
  created $dff cell `$procdff$3771' with positive edge clock.
Creating register for signal `$paramod$18ede905fa6e1afc2ae2c60442aa583c043ea8ce\imemory.$memwr$\rom_even$rtl/imemory.v:159$1737_EN' using process `$paramod$18ede905fa6e1afc2ae2c60442aa583c043ea8ce\imemory.$proc$rtl/imemory.v:147$1763'.
  created $dff cell `$procdff$3772' with positive edge clock.
Creating register for signal `$paramod$18ede905fa6e1afc2ae2c60442aa583c043ea8ce\imemory.$memwr$\rom_even$rtl/imemory.v:160$1738_ADDR' using process `$paramod$18ede905fa6e1afc2ae2c60442aa583c043ea8ce\imemory.$proc$rtl/imemory.v:147$1763'.
  created $dff cell `$procdff$3773' with positive edge clock.
Creating register for signal `$paramod$18ede905fa6e1afc2ae2c60442aa583c043ea8ce\imemory.$memwr$\rom_even$rtl/imemory.v:160$1738_DATA' using process `$paramod$18ede905fa6e1afc2ae2c60442aa583c043ea8ce\imemory.$proc$rtl/imemory.v:147$1763'.
  created $dff cell `$procdff$3774' with positive edge clock.
Creating register for signal `$paramod$18ede905fa6e1afc2ae2c60442aa583c043ea8ce\imemory.$memwr$\rom_even$rtl/imemory.v:160$1738_EN' using process `$paramod$18ede905fa6e1afc2ae2c60442aa583c043ea8ce\imemory.$proc$rtl/imemory.v:147$1763'.
  created $dff cell `$procdff$3775' with positive edge clock.
Creating register for signal `$paramod$18ede905fa6e1afc2ae2c60442aa583c043ea8ce\imemory.$memwr$\rom_even$rtl/imemory.v:161$1739_ADDR' using process `$paramod$18ede905fa6e1afc2ae2c60442aa583c043ea8ce\imemory.$proc$rtl/imemory.v:147$1763'.
  created $dff cell `$procdff$3776' with positive edge clock.
Creating register for signal `$paramod$18ede905fa6e1afc2ae2c60442aa583c043ea8ce\imemory.$memwr$\rom_even$rtl/imemory.v:161$1739_DATA' using process `$paramod$18ede905fa6e1afc2ae2c60442aa583c043ea8ce\imemory.$proc$rtl/imemory.v:147$1763'.
  created $dff cell `$procdff$3777' with positive edge clock.
Creating register for signal `$paramod$18ede905fa6e1afc2ae2c60442aa583c043ea8ce\imemory.$memwr$\rom_even$rtl/imemory.v:161$1739_EN' using process `$paramod$18ede905fa6e1afc2ae2c60442aa583c043ea8ce\imemory.$proc$rtl/imemory.v:147$1763'.
  created $dff cell `$procdff$3778' with positive edge clock.
Creating register for signal `$paramod$18ede905fa6e1afc2ae2c60442aa583c043ea8ce\imemory.$memwr$\rom_even$rtl/imemory.v:162$1740_ADDR' using process `$paramod$18ede905fa6e1afc2ae2c60442aa583c043ea8ce\imemory.$proc$rtl/imemory.v:147$1763'.
  created $dff cell `$procdff$3779' with positive edge clock.
Creating register for signal `$paramod$18ede905fa6e1afc2ae2c60442aa583c043ea8ce\imemory.$memwr$\rom_even$rtl/imemory.v:162$1740_DATA' using process `$paramod$18ede905fa6e1afc2ae2c60442aa583c043ea8ce\imemory.$proc$rtl/imemory.v:147$1763'.
  created $dff cell `$procdff$3780' with positive edge clock.
Creating register for signal `$paramod$18ede905fa6e1afc2ae2c60442aa583c043ea8ce\imemory.$memwr$\rom_even$rtl/imemory.v:162$1740_EN' using process `$paramod$18ede905fa6e1afc2ae2c60442aa583c043ea8ce\imemory.$proc$rtl/imemory.v:147$1763'.
  created $dff cell `$procdff$3781' with positive edge clock.
Creating register for signal `$paramod$18ede905fa6e1afc2ae2c60442aa583c043ea8ce\imemory.$memwr$\rom_odd$rtl/imemory.v:165$1741_ADDR' using process `$paramod$18ede905fa6e1afc2ae2c60442aa583c043ea8ce\imemory.$proc$rtl/imemory.v:147$1763'.
  created $dff cell `$procdff$3782' with positive edge clock.
Creating register for signal `$paramod$18ede905fa6e1afc2ae2c60442aa583c043ea8ce\imemory.$memwr$\rom_odd$rtl/imemory.v:165$1741_DATA' using process `$paramod$18ede905fa6e1afc2ae2c60442aa583c043ea8ce\imemory.$proc$rtl/imemory.v:147$1763'.
  created $dff cell `$procdff$3783' with positive edge clock.
Creating register for signal `$paramod$18ede905fa6e1afc2ae2c60442aa583c043ea8ce\imemory.$memwr$\rom_odd$rtl/imemory.v:165$1741_EN' using process `$paramod$18ede905fa6e1afc2ae2c60442aa583c043ea8ce\imemory.$proc$rtl/imemory.v:147$1763'.
  created $dff cell `$procdff$3784' with positive edge clock.
Creating register for signal `$paramod$18ede905fa6e1afc2ae2c60442aa583c043ea8ce\imemory.$memwr$\rom_odd$rtl/imemory.v:166$1742_ADDR' using process `$paramod$18ede905fa6e1afc2ae2c60442aa583c043ea8ce\imemory.$proc$rtl/imemory.v:147$1763'.
  created $dff cell `$procdff$3785' with positive edge clock.
Creating register for signal `$paramod$18ede905fa6e1afc2ae2c60442aa583c043ea8ce\imemory.$memwr$\rom_odd$rtl/imemory.v:166$1742_DATA' using process `$paramod$18ede905fa6e1afc2ae2c60442aa583c043ea8ce\imemory.$proc$rtl/imemory.v:147$1763'.
  created $dff cell `$procdff$3786' with positive edge clock.
Creating register for signal `$paramod$18ede905fa6e1afc2ae2c60442aa583c043ea8ce\imemory.$memwr$\rom_odd$rtl/imemory.v:166$1742_EN' using process `$paramod$18ede905fa6e1afc2ae2c60442aa583c043ea8ce\imemory.$proc$rtl/imemory.v:147$1763'.
  created $dff cell `$procdff$3787' with positive edge clock.
Creating register for signal `$paramod$18ede905fa6e1afc2ae2c60442aa583c043ea8ce\imemory.$memwr$\rom_odd$rtl/imemory.v:167$1743_ADDR' using process `$paramod$18ede905fa6e1afc2ae2c60442aa583c043ea8ce\imemory.$proc$rtl/imemory.v:147$1763'.
  created $dff cell `$procdff$3788' with positive edge clock.
Creating register for signal `$paramod$18ede905fa6e1afc2ae2c60442aa583c043ea8ce\imemory.$memwr$\rom_odd$rtl/imemory.v:167$1743_DATA' using process `$paramod$18ede905fa6e1afc2ae2c60442aa583c043ea8ce\imemory.$proc$rtl/imemory.v:147$1763'.
  created $dff cell `$procdff$3789' with positive edge clock.
Creating register for signal `$paramod$18ede905fa6e1afc2ae2c60442aa583c043ea8ce\imemory.$memwr$\rom_odd$rtl/imemory.v:167$1743_EN' using process `$paramod$18ede905fa6e1afc2ae2c60442aa583c043ea8ce\imemory.$proc$rtl/imemory.v:147$1763'.
  created $dff cell `$procdff$3790' with positive edge clock.
Creating register for signal `$paramod$18ede905fa6e1afc2ae2c60442aa583c043ea8ce\imemory.$memwr$\rom_odd$rtl/imemory.v:168$1744_ADDR' using process `$paramod$18ede905fa6e1afc2ae2c60442aa583c043ea8ce\imemory.$proc$rtl/imemory.v:147$1763'.
  created $dff cell `$procdff$3791' with positive edge clock.
Creating register for signal `$paramod$18ede905fa6e1afc2ae2c60442aa583c043ea8ce\imemory.$memwr$\rom_odd$rtl/imemory.v:168$1744_DATA' using process `$paramod$18ede905fa6e1afc2ae2c60442aa583c043ea8ce\imemory.$proc$rtl/imemory.v:147$1763'.
  created $dff cell `$procdff$3792' with positive edge clock.
Creating register for signal `$paramod$18ede905fa6e1afc2ae2c60442aa583c043ea8ce\imemory.$memwr$\rom_odd$rtl/imemory.v:168$1744_EN' using process `$paramod$18ede905fa6e1afc2ae2c60442aa583c043ea8ce\imemory.$proc$rtl/imemory.v:147$1763'.
  created $dff cell `$procdff$3793' with positive edge clock.
Creating register for signal `\busarbiter.\grant' using process `\busarbiter.$proc$rtl/busarbiter.v:43$1216'.
  created $dff cell `$procdff$3794' with positive edge clock.
Creating register for signal `$paramod\csrs\HART_ID=32'00000000000000000000000000000001.\mcycle' using process `$paramod\csrs\HART_ID=32'00000000000000000000000000000001.$proc$rtl/csrs.v:283$1904'.
  created $dff cell `$procdff$3795' with positive edge clock.
Creating register for signal `$paramod\csrs\HART_ID=32'00000000000000000000000000000001.\minstret' using process `$paramod\csrs\HART_ID=32'00000000000000000000000000000001.$proc$rtl/csrs.v:283$1904'.
  created $dff cell `$procdff$3796' with positive edge clock.
Creating register for signal `$paramod\csrs\HART_ID=32'00000000000000000000000000000001.\mscratch' using process `$paramod\csrs\HART_ID=32'00000000000000000000000000000001.$proc$rtl/csrs.v:283$1904'.
  created $dff cell `$procdff$3797' with positive edge clock.
Creating register for signal `$paramod\csrs\HART_ID=32'00000000000000000000000000000001.\mtvec' using process `$paramod\csrs\HART_ID=32'00000000000000000000000000000001.$proc$rtl/csrs.v:283$1904'.
  created $dff cell `$procdff$3798' with positive edge clock.
Creating register for signal `$paramod\csrs\HART_ID=32'00000000000000000000000000000001.\mepc' using process `$paramod\csrs\HART_ID=32'00000000000000000000000000000001.$proc$rtl/csrs.v:283$1904'.
  created $dff cell `$procdff$3799' with positive edge clock.
Creating register for signal `$paramod\csrs\HART_ID=32'00000000000000000000000000000001.\mcause' using process `$paramod\csrs\HART_ID=32'00000000000000000000000000000001.$proc$rtl/csrs.v:283$1904'.
  created $dff cell `$procdff$3800' with positive edge clock.
Creating register for signal `$paramod\csrs\HART_ID=32'00000000000000000000000000000001.\mstatus_mie' using process `$paramod\csrs\HART_ID=32'00000000000000000000000000000001.$proc$rtl/csrs.v:283$1904'.
  created $dff cell `$procdff$3801' with positive edge clock.
Creating register for signal `$paramod\csrs\HART_ID=32'00000000000000000000000000000001.\mstatus_mpie' using process `$paramod\csrs\HART_ID=32'00000000000000000000000000000001.$proc$rtl/csrs.v:283$1904'.
  created $dff cell `$procdff$3802' with positive edge clock.
Creating register for signal `$paramod\csrs\HART_ID=32'00000000000000000000000000000001.\mie_mtie' using process `$paramod\csrs\HART_ID=32'00000000000000000000000000000001.$proc$rtl/csrs.v:283$1904'.
  created $dff cell `$procdff$3803' with positive edge clock.
Creating register for signal `\regfile.\read_a' using process `\regfile.$proc$rtl/regfile.v:36$1016'.
  created $dff cell `$procdff$3804' with positive edge clock.
Creating register for signal `\regfile.\read_b' using process `\regfile.$proc$rtl/regfile.v:36$1016'.
  created $dff cell `$procdff$3805' with positive edge clock.
Creating register for signal `\regfile.\held_rs1' using process `\regfile.$proc$rtl/regfile.v:36$1016'.
  created $dff cell `$procdff$3806' with positive edge clock.
Creating register for signal `\regfile.\held_rs2' using process `\regfile.$proc$rtl/regfile.v:36$1016'.
  created $dff cell `$procdff$3807' with positive edge clock.
Creating register for signal `\regfile.$memwr$\regs_a$rtl/regfile.v:42$1014_ADDR' using process `\regfile.$proc$rtl/regfile.v:36$1016'.
  created $dff cell `$procdff$3808' with positive edge clock.
Creating register for signal `\regfile.$memwr$\regs_a$rtl/regfile.v:42$1014_DATA' using process `\regfile.$proc$rtl/regfile.v:36$1016'.
  created $dff cell `$procdff$3809' with positive edge clock.
Creating register for signal `\regfile.$memwr$\regs_a$rtl/regfile.v:42$1014_EN' using process `\regfile.$proc$rtl/regfile.v:36$1016'.
  created $dff cell `$procdff$3810' with positive edge clock.
Creating register for signal `\regfile.$memwr$\regs_b$rtl/regfile.v:43$1015_ADDR' using process `\regfile.$proc$rtl/regfile.v:36$1016'.
  created $dff cell `$procdff$3811' with positive edge clock.
Creating register for signal `\regfile.$memwr$\regs_b$rtl/regfile.v:43$1015_DATA' using process `\regfile.$proc$rtl/regfile.v:36$1016'.
  created $dff cell `$procdff$3812' with positive edge clock.
Creating register for signal `\regfile.$memwr$\regs_b$rtl/regfile.v:43$1015_EN' using process `\regfile.$proc$rtl/regfile.v:36$1016'.
  created $dff cell `$procdff$3813' with positive edge clock.
Creating register for signal `$paramod\memory\NHARTS=s32'00000000000000000000000000000010.\mem_rdata' using process `$paramod\memory\NHARTS=s32'00000000000000000000000000000010.$proc$rtl/memory.v:118$1549'.
  created $dff cell `$procdff$3814' with positive edge clock.
Creating register for signal `$paramod\memory\NHARTS=s32'00000000000000000000000000000010.$memwr$\ram$rtl/memory.v:120$1543_ADDR' using process `$paramod\memory\NHARTS=s32'00000000000000000000000000000010.$proc$rtl/memory.v:118$1549'.
  created $dff cell `$procdff$3815' with positive edge clock.
Creating register for signal `$paramod\memory\NHARTS=s32'00000000000000000000000000000010.$memwr$\ram$rtl/memory.v:120$1543_DATA' using process `$paramod\memory\NHARTS=s32'00000000000000000000000000000010.$proc$rtl/memory.v:118$1549'.
  created $dff cell `$procdff$3816' with positive edge clock.
Creating register for signal `$paramod\memory\NHARTS=s32'00000000000000000000000000000010.$memwr$\ram$rtl/memory.v:120$1543_EN' using process `$paramod\memory\NHARTS=s32'00000000000000000000000000000010.$proc$rtl/memory.v:118$1549'.
  created $dff cell `$procdff$3817' with positive edge clock.
Creating register for signal `$paramod\memory\NHARTS=s32'00000000000000000000000000000010.$memwr$\ram$rtl/memory.v:121$1544_ADDR' using process `$paramod\memory\NHARTS=s32'00000000000000000000000000000010.$proc$rtl/memory.v:118$1549'.
  created $dff cell `$procdff$3818' with positive edge clock.
Creating register for signal `$paramod\memory\NHARTS=s32'00000000000000000000000000000010.$memwr$\ram$rtl/memory.v:121$1544_DATA' using process `$paramod\memory\NHARTS=s32'00000000000000000000000000000010.$proc$rtl/memory.v:118$1549'.
  created $dff cell `$procdff$3819' with positive edge clock.
Creating register for signal `$paramod\memory\NHARTS=s32'00000000000000000000000000000010.$memwr$\ram$rtl/memory.v:121$1544_EN' using process `$paramod\memory\NHARTS=s32'00000000000000000000000000000010.$proc$rtl/memory.v:118$1549'.
  created $dff cell `$procdff$3820' with positive edge clock.
Creating register for signal `$paramod\memory\NHARTS=s32'00000000000000000000000000000010.$memwr$\ram$rtl/memory.v:122$1545_ADDR' using process `$paramod\memory\NHARTS=s32'00000000000000000000000000000010.$proc$rtl/memory.v:118$1549'.
  created $dff cell `$procdff$3821' with positive edge clock.
Creating register for signal `$paramod\memory\NHARTS=s32'00000000000000000000000000000010.$memwr$\ram$rtl/memory.v:122$1545_DATA' using process `$paramod\memory\NHARTS=s32'00000000000000000000000000000010.$proc$rtl/memory.v:118$1549'.
  created $dff cell `$procdff$3822' with positive edge clock.
Creating register for signal `$paramod\memory\NHARTS=s32'00000000000000000000000000000010.$memwr$\ram$rtl/memory.v:122$1545_EN' using process `$paramod\memory\NHARTS=s32'00000000000000000000000000000010.$proc$rtl/memory.v:118$1549'.
  created $dff cell `$procdff$3823' with positive edge clock.
Creating register for signal `$paramod\memory\NHARTS=s32'00000000000000000000000000000010.$memwr$\ram$rtl/memory.v:123$1546_ADDR' using process `$paramod\memory\NHARTS=s32'00000000000000000000000000000010.$proc$rtl/memory.v:118$1549'.
  created $dff cell `$procdff$3824' with positive edge clock.
Creating register for signal `$paramod\memory\NHARTS=s32'00000000000000000000000000000010.$memwr$\ram$rtl/memory.v:123$1546_DATA' using process `$paramod\memory\NHARTS=s32'00000000000000000000000000000010.$proc$rtl/memory.v:118$1549'.
  created $dff cell `$procdff$3825' with positive edge clock.
Creating register for signal `$paramod\memory\NHARTS=s32'00000000000000000000000000000010.$memwr$\ram$rtl/memory.v:123$1546_EN' using process `$paramod\memory\NHARTS=s32'00000000000000000000000000000010.$proc$rtl/memory.v:118$1549'.
  created $dff cell `$procdff$3826' with positive edge clock.
Creating register for signal `$paramod\timer\NHARTS=s32'00000000000000000000000000000010.\mtip [1]' using process `$paramod\timer\NHARTS=s32'00000000000000000000000000000010.$proc$rtl/timer.v:155$1538'.
  created $dff cell `$procdff$3827' with positive edge clock.
Creating register for signal `$paramod\timer\NHARTS=s32'00000000000000000000000000000010.\l_harts.l_hart[1].cmp' using process `$paramod\timer\NHARTS=s32'00000000000000000000000000000010.$proc$rtl/timer.v:155$1538'.
  created $dff cell `$procdff$3828' with positive edge clock.
Creating register for signal `$paramod\timer\NHARTS=s32'00000000000000000000000000000010.\mem_rdata' using process `$paramod\timer\NHARTS=s32'00000000000000000000000000000010.$proc$rtl/timer.v:190$1529'.
  created $dff cell `$procdff$3829' with positive edge clock.
Creating register for signal `$paramod\timer\NHARTS=s32'00000000000000000000000000000010.\mtip [0]' using process `$paramod\timer\NHARTS=s32'00000000000000000000000000000010.$proc$rtl/timer.v:190$1529'.
  created $dff cell `$procdff$3830' with positive edge clock.
Creating register for signal `$paramod\timer\NHARTS=s32'00000000000000000000000000000010.\mtime' using process `$paramod\timer\NHARTS=s32'00000000000000000000000000000010.$proc$rtl/timer.v:190$1529'.
  created $dff cell `$procdff$3831' with positive edge clock.
Creating register for signal `$paramod\timer\NHARTS=s32'00000000000000000000000000000010.\mtimecmp' using process `$paramod\timer\NHARTS=s32'00000000000000000000000000000010.$proc$rtl/timer.v:190$1529'.
  created $dff cell `$procdff$3832' with positive edge clock.
Creating register for signal `\executor.\out' using process `\executor.$proc$rtl/executor.v:119$821'.
  created $dff cell `$procdff$3833' with positive edge clock.
Creating register for signal `\executor.\state' using process `\executor.$proc$rtl/executor.v:119$821'.
  created $dff cell `$procdff$3834' with positive edge clock.
Creating register for signal `\executor.\mul_div_counter' using process `\executor.$proc$rtl/executor.v:119$821'.
  created $dff cell `$procdff$3835' with positive edge clock.
Creating register for signal `\executor.\div_rem' using process `\executor.$proc$rtl/executor.v:119$821'.
  created $dff cell `$procdff$3836' with positive edge clock.
Creating register for signal `\executor.\div_quot' using process `\executor.$proc$rtl/executor.v:119$821'.
  created $dff cell `$procdff$3837' with positive edge clock.
Creating register for signal `\executor.\div_divisor' using process `\executor.$proc$rtl/executor.v:119$821'.
  created $dff cell `$procdff$3838' with positive edge clock.
Creating register for signal `\executor.\op_is_div' using process `\executor.$proc$rtl/executor.v:119$821'.
  created $dff cell `$procdff$3839' with positive edge clock.
Creating register for signal `\executor.\op_is_divu' using process `\executor.$proc$rtl/executor.v:119$821'.
  created $dff cell `$procdff$3840' with positive edge clock.
Creating register for signal `\executor.\op_is_rem' using process `\executor.$proc$rtl/executor.v:119$821'.
  created $dff cell `$procdff$3841' with positive edge clock.
Creating register for signal `\executor.\op_is_remu' using process `\executor.$proc$rtl/executor.v:119$821'.
  created $dff cell `$procdff$3842' with positive edge clock.
Creating register for signal `\executor.\op_sign_x' using process `\executor.$proc$rtl/executor.v:119$821'.
  created $dff cell `$procdff$3843' with positive edge clock.
Creating register for signal `\executor.\op_sign_y' using process `\executor.$proc$rtl/executor.v:119$821'.
  created $dff cell `$procdff$3844' with positive edge clock.
Creating register for signal `\decoder.\out' using process `\decoder.$proc$rtl/decoder.v:826$776'.
  created $dff cell `$procdff$3845' with positive edge clock.
Creating register for signal `\decoder.\pc' using process `\decoder.$proc$rtl/decoder.v:824$775'.
  created $dff cell `$procdff$3846' with positive edge clock.
Creating register for signal `\decoder.\prev_rs1' using process `\decoder.$proc$rtl/decoder.v:659$713'.
  created $dff cell `$procdff$3847' with positive edge clock.
Creating register for signal `\decoder.\prev_rs2' using process `\decoder.$proc$rtl/decoder.v:659$713'.
  created $dff cell `$procdff$3848' with positive edge clock.
Creating register for signal `\decoder.\read_taken' using process `\decoder.$proc$rtl/decoder.v:659$713'.
  created $dff cell `$procdff$3849' with positive edge clock.
Creating register for signal `\accessor.\out' using process `\accessor.$proc$rtl/accessor.v:393$84'.
  created $dff cell `$procdff$3850' with positive edge clock.
Creating register for signal `\accessor.\take_is_lb' using process `\accessor.$proc$rtl/accessor.v:346$65'.
  created $dff cell `$procdff$3851' with positive edge clock.
Creating register for signal `\accessor.\take_is_lbu' using process `\accessor.$proc$rtl/accessor.v:346$65'.
  created $dff cell `$procdff$3852' with positive edge clock.
Creating register for signal `\accessor.\take_is_lh' using process `\accessor.$proc$rtl/accessor.v:346$65'.
  created $dff cell `$procdff$3853' with positive edge clock.
Creating register for signal `\accessor.\take_is_lhu' using process `\accessor.$proc$rtl/accessor.v:346$65'.
  created $dff cell `$procdff$3854' with positive edge clock.
Creating register for signal `\accessor.\take_is_lw' using process `\accessor.$proc$rtl/accessor.v:346$65'.
  created $dff cell `$procdff$3855' with positive edge clock.
Creating register for signal `\accessor.\take_lane' using process `\accessor.$proc$rtl/accessor.v:346$65'.
  created $dff cell `$procdff$3856' with positive edge clock.
Creating register for signal `\accessor.\take_is_lr' using process `\accessor.$proc$rtl/accessor.v:346$65'.
  created $dff cell `$procdff$3857' with positive edge clock.
Creating register for signal `\accessor.\take_amo' using process `\accessor.$proc$rtl/accessor.v:346$65'.
  created $dff cell `$procdff$3858' with positive edge clock.
Creating register for signal `\accessor.\take_is_sc' using process `\accessor.$proc$rtl/accessor.v:346$65'.
  created $dff cell `$procdff$3859' with positive edge clock.
Creating register for signal `\accessor.\take_sc_failed' using process `\accessor.$proc$rtl/accessor.v:346$65'.
  created $dff cell `$procdff$3860' with positive edge clock.
Creating register for signal `\accessor.\take_amo_addr' using process `\accessor.$proc$rtl/accessor.v:346$65'.
  created $dff cell `$procdff$3861' with positive edge clock.
Creating register for signal `\accessor.\take_amo_arg' using process `\accessor.$proc$rtl/accessor.v:346$65'.
  created $dff cell `$procdff$3862' with positive edge clock.
Creating register for signal `\accessor.\take_amo_swap' using process `\accessor.$proc$rtl/accessor.v:346$65'.
  created $dff cell `$procdff$3863' with positive edge clock.
Creating register for signal `\accessor.\take_amo_add' using process `\accessor.$proc$rtl/accessor.v:346$65'.
  created $dff cell `$procdff$3864' with positive edge clock.
Creating register for signal `\accessor.\take_amo_xor' using process `\accessor.$proc$rtl/accessor.v:346$65'.
  created $dff cell `$procdff$3865' with positive edge clock.
Creating register for signal `\accessor.\take_amo_and' using process `\accessor.$proc$rtl/accessor.v:346$65'.
  created $dff cell `$procdff$3866' with positive edge clock.
Creating register for signal `\accessor.\take_amo_or' using process `\accessor.$proc$rtl/accessor.v:346$65'.
  created $dff cell `$procdff$3867' with positive edge clock.
Creating register for signal `\accessor.\take_amo_min' using process `\accessor.$proc$rtl/accessor.v:346$65'.
  created $dff cell `$procdff$3868' with positive edge clock.
Creating register for signal `\accessor.\take_amo_max' using process `\accessor.$proc$rtl/accessor.v:346$65'.
  created $dff cell `$procdff$3869' with positive edge clock.
Creating register for signal `\accessor.\take_amo_minu' using process `\accessor.$proc$rtl/accessor.v:346$65'.
  created $dff cell `$procdff$3870' with positive edge clock.
Creating register for signal `\accessor.\take_amo_maxu' using process `\accessor.$proc$rtl/accessor.v:346$65'.
  created $dff cell `$procdff$3871' with positive edge clock.
Creating register for signal `\accessor.\rsrv_word' using process `\accessor.$proc$rtl/accessor.v:154$22'.
  created $dff cell `$procdff$3872' with positive edge clock.
Creating register for signal `\accessor.\rsrv_held' using process `\accessor.$proc$rtl/accessor.v:154$22'.
  created $dff cell `$procdff$3873' with positive edge clock.

17.4.10. Executing PROC_MEMWR pass (convert process memory writes to cells).

17.4.11. Executing PROC_CLEAN pass (remove empty switches from decision trees).
Found and cleaned up 5 empty switches in `$paramod\csrs\HART_ID=32'00000000000000000000000000000000.$proc$rtl/csrs.v:283$1512'.
Removing empty process `$paramod\csrs\HART_ID=32'00000000000000000000000000000000.$proc$rtl/csrs.v:283$1512'.
Found and cleaned up 1 empty switch in `$paramod\csrs\HART_ID=32'00000000000000000000000000000000.$proc$rtl/csrs.v:220$1486'.
Removing empty process `$paramod\csrs\HART_ID=32'00000000000000000000000000000000.$proc$rtl/csrs.v:220$1486'.
Found and cleaned up 1 empty switch in `$paramod\csrs\HART_ID=32'00000000000000000000000000000000.$proc$rtl/csrs.v:177$1485'.
Removing empty process `$paramod\csrs\HART_ID=32'00000000000000000000000000000000.$proc$rtl/csrs.v:177$1485'.
Removing empty process `littledualsoc.$proc$rtl/littledualsoc.v:34$1250'.
Removing empty process `littledualsoc.$proc$rtl/littledualsoc.v:33$1249'.
Removing empty process `littledualsoc.$proc$rtl/littledualsoc.v:32$1248'.
Removing empty process `littledualsoc.$proc$rtl/littledualsoc.v:31$1247'.
Found and cleaned up 2 empty switches in `\littledualsoc.$proc$rtl/littledualsoc.v:58$1243'.
Removing empty process `littledualsoc.$proc$rtl/littledualsoc.v:58$1243'.
Found and cleaned up 2 empty switches in `\littledualsoc.$proc$rtl/littledualsoc.v:35$1236'.
Removing empty process `littledualsoc.$proc$rtl/littledualsoc.v:35$1236'.
Removing empty process `$paramod$18ede905fa6e1afc2ae2c60442aa583c043ea8ce\imemory.$proc$rtl/imemory.v:212$1854'.
Found and cleaned up 10 empty switches in `$paramod$18ede905fa6e1afc2ae2c60442aa583c043ea8ce\imemory.$proc$rtl/imemory.v:147$1763'.
Removing empty process `$paramod$18ede905fa6e1afc2ae2c60442aa583c043ea8ce\imemory.$proc$rtl/imemory.v:147$1763'.
Found and cleaned up 1 empty switch in `\busarbiter.$proc$rtl/busarbiter.v:43$1216'.
Removing empty process `busarbiter.$proc$rtl/busarbiter.v:43$1216'.
Found and cleaned up 5 empty switches in `$paramod\csrs\HART_ID=32'00000000000000000000000000000001.$proc$rtl/csrs.v:283$1904'.
Removing empty process `$paramod\csrs\HART_ID=32'00000000000000000000000000000001.$proc$rtl/csrs.v:283$1904'.
Found and cleaned up 1 empty switch in `$paramod\csrs\HART_ID=32'00000000000000000000000000000001.$proc$rtl/csrs.v:220$1878'.
Removing empty process `$paramod\csrs\HART_ID=32'00000000000000000000000000000001.$proc$rtl/csrs.v:220$1878'.
Found and cleaned up 1 empty switch in `$paramod\csrs\HART_ID=32'00000000000000000000000000000001.$proc$rtl/csrs.v:177$1877'.
Removing empty process `$paramod\csrs\HART_ID=32'00000000000000000000000000000001.$proc$rtl/csrs.v:177$1877'.
Found and cleaned up 1 empty switch in `\regsel.$proc$rtl/regsel.v:98$1174'.
Removing empty process `regsel.$proc$rtl/regsel.v:98$1174'.
Found and cleaned up 1 empty switch in `\regsel.$proc$rtl/regsel.v:84$1156'.
Removing empty process `regsel.$proc$rtl/regsel.v:84$1156'.
Removing empty process `regfile.$proc$rtl/regfile.v:65$1039'.
Found and cleaned up 1 empty switch in `\regfile.$proc$rtl/regfile.v:36$1016'.
Removing empty process `regfile.$proc$rtl/regfile.v:36$1016'.
Found and cleaned up 6 empty switches in `$paramod\memory\NHARTS=s32'00000000000000000000000000000010.$proc$rtl/memory.v:118$1549'.
Removing empty process `$paramod\memory\NHARTS=s32'00000000000000000000000000000010.$proc$rtl/memory.v:118$1549'.
Found and cleaned up 1 empty switch in `$paramod\timer\NHARTS=s32'00000000000000000000000000000010.$proc$rtl/timer.v:177$1542'.
Removing empty process `$paramod\timer\NHARTS=s32'00000000000000000000000000000010.$proc$rtl/timer.v:177$1542'.
Found and cleaned up 11 empty switches in `$paramod\timer\NHARTS=s32'00000000000000000000000000000010.$proc$rtl/timer.v:155$1538'.
Removing empty process `$paramod\timer\NHARTS=s32'00000000000000000000000000000010.$proc$rtl/timer.v:155$1538'.
Found and cleaned up 21 empty switches in `$paramod\timer\NHARTS=s32'00000000000000000000000000000010.$proc$rtl/timer.v:190$1529'.
Removing empty process `$paramod\timer\NHARTS=s32'00000000000000000000000000000010.$proc$rtl/timer.v:190$1529'.
Found and cleaned up 1 empty switch in `\fetcher.$proc$rtl/fetcher.v:61$851'.
Removing empty process `fetcher.$proc$rtl/fetcher.v:61$851'.
Found and cleaned up 9 empty switches in `\executor.$proc$rtl/executor.v:119$821'.
Removing empty process `executor.$proc$rtl/executor.v:119$821'.
Removing empty process `executor.$proc$rtl/executor.v:73$805'.
Found and cleaned up 5 empty switches in `\decoder.$proc$rtl/decoder.v:826$776'.
Removing empty process `decoder.$proc$rtl/decoder.v:826$776'.
Removing empty process `decoder.$proc$rtl/decoder.v:824$775'.
Found and cleaned up 1 empty switch in `\decoder.$proc$rtl/decoder.v:766$760'.
Removing empty process `decoder.$proc$rtl/decoder.v:766$760'.
Found and cleaned up 1 empty switch in `\decoder.$proc$rtl/decoder.v:748$756'.
Removing empty process `decoder.$proc$rtl/decoder.v:748$756'.
Found and cleaned up 1 empty switch in `\decoder.$proc$rtl/decoder.v:659$713'.
Removing empty process `decoder.$proc$rtl/decoder.v:659$713'.
Found and cleaned up 1 empty switch in `\decoder.$proc$rtl/decoder.v:585$666'.
Removing empty process `decoder.$proc$rtl/decoder.v:585$666'.
Found and cleaned up 1 empty switch in `\decoder.$proc$rtl/decoder.v:555$628'.
Removing empty process `decoder.$proc$rtl/decoder.v:555$628'.
Found and cleaned up 1 empty switch in `\decoder.$proc$rtl/decoder.v:535$627'.
Removing empty process `decoder.$proc$rtl/decoder.v:535$627'.
Found and cleaned up 1 empty switch in `\decoder.$proc$rtl/decoder.v:205$161'.
Removing empty process `decoder.$proc$rtl/decoder.v:205$161'.
Found and cleaned up 1 empty switch in `\accessor.$proc$rtl/accessor.v:393$84'.
Removing empty process `accessor.$proc$rtl/accessor.v:393$84'.
Found and cleaned up 1 empty switch in `\accessor.$proc$rtl/accessor.v:346$65'.
Removing empty process `accessor.$proc$rtl/accessor.v:346$65'.
Found and cleaned up 4 empty switches in `\accessor.$proc$rtl/accessor.v:289$61'.
Removing empty process `accessor.$proc$rtl/accessor.v:289$61'.
Found and cleaned up 1 empty switch in `\accessor.$proc$rtl/accessor.v:267$58'.
Removing empty process `accessor.$proc$rtl/accessor.v:267$58'.
Found and cleaned up 5 empty switches in `\accessor.$proc$rtl/accessor.v:154$22'.
Removing empty process `accessor.$proc$rtl/accessor.v:154$22'.
Cleaned up 105 empty switches.

17.4.12. Executing OPT_EXPR pass (perform const folding).
Optimizing module $paramod$550d0d45cbe20b3fa1b86f9ed02f4c558dd92d03\littlecpu.
Optimizing module $paramod\csrs\HART_ID=32'00000000000000000000000000000000.
Optimizing module littledualsoc.
<suppressed ~2 debug messages>
Optimizing module $paramod$18ede905fa6e1afc2ae2c60442aa583c043ea8ce\imemory.
Optimizing module busarbiter.
Optimizing module $paramod$87604cced0b0984f1f1e303dcca452dbf1c8e8c0\littledual.
Optimizing module writeback.
<suppressed ~1 debug messages>
Optimizing module $paramod\csrs\HART_ID=32'00000000000000000000000000000001.
Optimizing module regsel.
<suppressed ~27 debug messages>
Optimizing module regfile.
<suppressed ~3 debug messages>
Optimizing module $paramod\memory\NHARTS=s32'00000000000000000000000000000010.
<suppressed ~1 debug messages>
Optimizing module $paramod\timer\NHARTS=s32'00000000000000000000000000000010.
<suppressed ~3 debug messages>
Optimizing module fetcher.
Optimizing module executor.
<suppressed ~39 debug messages>
Optimizing module decoder.
<suppressed ~106 debug messages>
Optimizing module $paramod$d7968239daadebaf69b1be25c90854a83f64fecc\littlecpu.
Optimizing module accessor.
<suppressed ~21 debug messages>

17.5. Executing CHECK pass (checking for obvious problems).
Checking module $paramod$550d0d45cbe20b3fa1b86f9ed02f4c558dd92d03\littlecpu...
Checking module $paramod\csrs\HART_ID=32'00000000000000000000000000000000...
Checking module littledualsoc...
Checking module $paramod$18ede905fa6e1afc2ae2c60442aa583c043ea8ce\imemory...
Checking module busarbiter...
Checking module $paramod$87604cced0b0984f1f1e303dcca452dbf1c8e8c0\littledual...
Checking module writeback...
Checking module $paramod\csrs\HART_ID=32'00000000000000000000000000000001...
Checking module regsel...
Checking module regfile...
Checking module $paramod\memory\NHARTS=s32'00000000000000000000000000000010...
Checking module $paramod\timer\NHARTS=s32'00000000000000000000000000000010...
Checking module fetcher...
Checking module executor...
Checking module decoder...
Checking module $paramod$d7968239daadebaf69b1be25c90854a83f64fecc\littlecpu...
Checking module accessor...
Found and reported 0 problems.

17.6. Executing FLATTEN pass (flatten design).
Deleting now unused module $paramod$550d0d45cbe20b3fa1b86f9ed02f4c558dd92d03\littlecpu.
Deleting now unused module $paramod\csrs\HART_ID=32'00000000000000000000000000000000.
Deleting now unused module $paramod$18ede905fa6e1afc2ae2c60442aa583c043ea8ce\imemory.
Deleting now unused module busarbiter.
Deleting now unused module $paramod$87604cced0b0984f1f1e303dcca452dbf1c8e8c0\littledual.
Deleting now unused module writeback.
Deleting now unused module $paramod\csrs\HART_ID=32'00000000000000000000000000000001.
Deleting now unused module regsel.
Deleting now unused module regfile.
Deleting now unused module $paramod\memory\NHARTS=s32'00000000000000000000000000000010.
Deleting now unused module $paramod\timer\NHARTS=s32'00000000000000000000000000000010.
Deleting now unused module fetcher.
Deleting now unused module executor.
Deleting now unused module decoder.
Deleting now unused module $paramod$d7968239daadebaf69b1be25c90854a83f64fecc\littlecpu.
Deleting now unused module accessor.
<suppressed ~23 debug messages>

17.7. Executing TRIBUF pass.

17.8. Executing DEMINOUT pass (demote inout ports to input or output).

17.9. Executing OPT_EXPR pass (perform const folding).
Optimizing module littledualsoc.
<suppressed ~4 debug messages>

17.10. Executing OPT_CLEAN pass (remove unused cells and wires).
Finding unused cells or wires in module \littledualsoc..
Removed 86 unused cells and 2321 unused wires.
<suppressed ~106 debug messages>

17.11. Executing CHECK pass (checking for obvious problems).
Checking module littledualsoc...
Found and reported 0 problems.

17.12. Executing OPT pass (performing simple optimizations).

17.12.1. Executing OPT_EXPR pass (perform const folding).
Optimizing module littledualsoc.

17.12.2. Executing OPT_MERGE pass (detect identical cells).
Finding identical cells in module `\littledualsoc'.
Computing hashes of 3557 cells of `\littledualsoc'.
Finding duplicate cells in `\littledualsoc'.
Computing hashes of 3076 cells of `\littledualsoc'.
Finding duplicate cells in `\littledualsoc'.
Computing hashes of 3034 cells of `\littledualsoc'.
Finding duplicate cells in `\littledualsoc'.
Computing hashes of 3032 cells of `\littledualsoc'.
Finding duplicate cells in `\littledualsoc'.
Computing hashes of 3030 cells of `\littledualsoc'.
Finding duplicate cells in `\littledualsoc'.
<suppressed ~1581 debug messages>
Removed a total of 527 cells.

17.12.3. Executing OPT_MUXTREE pass (detect dead branches in mux trees).
Running muxtree optimizer on module \littledualsoc..
  Creating internal representation of mux trees.
  Evaluating internal representation of mux trees.
      Replacing known input bits on port B of cell $procmux$2046: \por_done -> 1'1
      Replacing known input bits on port A of cell $procmux$2044: \por_done -> 1'0
  Analyzing evaluation results.
    dead port 2/2 on $mux $flatten\complex.\imem.$procmux$2198.
    dead port 2/2 on $mux $flatten\complex.\imem.$procmux$2192.
    dead port 2/2 on $mux $flatten\complex.\imem.$procmux$2186.
    dead port 2/2 on $mux $flatten\complex.\imem.$procmux$2180.
    dead port 2/2 on $mux $flatten\complex.\imem.$procmux$2174.
    dead port 2/2 on $mux $flatten\complex.\imem.$procmux$2168.
    dead port 2/2 on $mux $flatten\complex.\imem.$procmux$2162.
    dead port 2/2 on $mux $flatten\complex.\imem.$procmux$2120.
    dead port 2/2 on $mux $flatten\complex.\imem.$procmux$2114.
    dead port 2/2 on $mux $flatten\complex.\imem.$procmux$2108.
    dead port 2/2 on $mux $flatten\complex.\imem.$procmux$2102.
    dead port 2/2 on $mux $flatten\complex.\imem.$procmux$2096.
    dead port 2/2 on $mux $flatten\complex.\imem.$procmux$2090.
    dead port 2/2 on $mux $flatten\complex.\imem.$procmux$2084.
    dead port 2/2 on $mux $flatten\complex.\imem.$procmux$2078.
    dead port 2/2 on $mux $flatten\complex.\imem.$procmux$2072.
    dead port 2/2 on $mux $flatten\complex.\imem.$procmux$2066.
    dead port 2/2 on $mux $flatten\complex.\imem.$procmux$2060.
    dead port 2/2 on $mux $flatten\complex.\imem.$procmux$2054.
    dead port 2/2 on $mux $flatten\complex.\imem.$procmux$2228.
    dead port 2/2 on $mux $flatten\complex.\dmem.$procmux$2503.
    dead port 2/2 on $mux $flatten\complex.\dmem.$procmux$2497.
    dead port 2/2 on $mux $flatten\complex.\dmem.$procmux$2491.
    dead port 2/2 on $mux $flatten\complex.\dmem.$procmux$2485.
    dead port 2/2 on $mux $flatten\complex.\dmem.$procmux$2479.
    dead port 2/2 on $mux $flatten\complex.\dmem.$procmux$2473.
    dead port 2/2 on $mux $flatten\complex.\dmem.$procmux$2467.
    dead port 2/2 on $mux $flatten\complex.\dmem.$procmux$2461.
    dead port 2/2 on $mux $flatten\complex.\dmem.$procmux$2455.
    dead port 2/2 on $mux $flatten\complex.\dmem.$procmux$2449.
    dead port 2/2 on $mux $flatten\complex.\dmem.$procmux$2443.
    dead port 2/2 on $mux $flatten\complex.\dmem.$procmux$2437.
    dead port 2/2 on $mux $flatten\complex.\imem.$procmux$2222.
    dead port 2/2 on $mux $flatten\complex.\l_hart[1].core.\accessor.$procmux$3621.
    dead port 2/2 on $mux $flatten\complex.\l_hart[1].core.\accessor.$procmux$3623.
    dead port 1/2 on $mux $flatten\complex.\l_hart[1].core.\accessor.$procmux$3626.
    dead port 2/2 on $mux $flatten\complex.\l_hart[1].core.\accessor.$procmux$3635.
    dead port 2/2 on $mux $flatten\complex.\l_hart[1].core.\accessor.$procmux$3637.
    dead port 1/2 on $mux $flatten\complex.\l_hart[1].core.\accessor.$procmux$3640.
    dead port 2/2 on $mux $flatten\complex.\l_hart[1].core.\accessor.$procmux$3661.
    dead port 1/2 on $mux $flatten\complex.\l_hart[1].core.\accessor.$procmux$3664.
    dead port 2/2 on $mux $flatten\complex.\l_hart[1].core.\accessor.$procmux$3670.
    dead port 1/2 on $mux $flatten\complex.\l_hart[1].core.\accessor.$procmux$3673.
    dead port 2/2 on $mux $flatten\complex.\l_hart[1].core.\accessor.$procmux$3679.
    dead port 1/2 on $mux $flatten\complex.\l_hart[1].core.\accessor.$procmux$3682.
    dead port 1/2 on $mux $flatten\complex.\l_hart[1].core.\accessor.$procmux$3688.
    dead port 1/2 on $mux $flatten\complex.\l_hart[1].core.\accessor.$procmux$3694.
    dead port 1/2 on $mux $flatten\complex.\l_hart[1].core.\accessor.$procmux$3700.
    dead port 2/2 on $mux $flatten\complex.\imem.$procmux$2216.
    dead port 2/2 on $mux $flatten\complex.\imem.$procmux$2210.
    dead port 2/2 on $mux $flatten\complex.\imem.$procmux$2204.
    dead port 2/2 on $mux $flatten\complex.\l_hart[0].core.\accessor.$procmux$3621.
    dead port 2/2 on $mux $flatten\complex.\l_hart[0].core.\accessor.$procmux$3623.
    dead port 1/2 on $mux $flatten\complex.\l_hart[0].core.\accessor.$procmux$3626.
    dead port 2/2 on $mux $flatten\complex.\l_hart[0].core.\accessor.$procmux$3635.
    dead port 2/2 on $mux $flatten\complex.\l_hart[0].core.\accessor.$procmux$3637.
    dead port 1/2 on $mux $flatten\complex.\l_hart[0].core.\accessor.$procmux$3640.
    dead port 2/2 on $mux $flatten\complex.\l_hart[0].core.\accessor.$procmux$3661.
    dead port 1/2 on $mux $flatten\complex.\l_hart[0].core.\accessor.$procmux$3664.
    dead port 2/2 on $mux $flatten\complex.\l_hart[0].core.\accessor.$procmux$3670.
    dead port 1/2 on $mux $flatten\complex.\l_hart[0].core.\accessor.$procmux$3673.
    dead port 2/2 on $mux $flatten\complex.\l_hart[0].core.\accessor.$procmux$3679.
    dead port 1/2 on $mux $flatten\complex.\l_hart[0].core.\accessor.$procmux$3682.
    dead port 1/2 on $mux $flatten\complex.\l_hart[0].core.\accessor.$procmux$3688.
    dead port 1/2 on $mux $flatten\complex.\l_hart[0].core.\accessor.$procmux$3694.
    dead port 1/2 on $mux $flatten\complex.\l_hart[0].core.\accessor.$procmux$3700.
Removed 66 multiplexer ports.
<suppressed ~2452 debug messages>

17.12.4. Executing OPT_REDUCE pass (consolidate $*mux and $reduce_* inputs).
  Optimizing cells in module \littledualsoc.
    Consolidated identical input bits for $mux cell $flatten\complex.\imem.$procmux$2178:
      Old ports: A=0, B=16711680, Y=$flatten\complex.\imem.$procmux$2178_Y
      New ports: A=1'0, B=1'1, Y=$flatten\complex.\imem.$procmux$2178_Y [16]
      New connections: { $flatten\complex.\imem.$procmux$2178_Y [31:17] $flatten\complex.\imem.$procmux$2178_Y [15:0] } = { 8'00000000 $flatten\complex.\imem.$procmux$2178_Y [16] $flatten\complex.\imem.$procmux$2178_Y [16] $flatten\complex.\imem.$procmux$2178_Y [16] $flatten\complex.\imem.$procmux$2178_Y [16] $flatten\complex.\imem.$procmux$2178_Y [16] $flatten\complex.\imem.$procmux$2178_Y [16] $flatten\complex.\imem.$procmux$2178_Y [16] 16'0000000000000000 }
    Consolidated identical input bits for $mux cell $flatten\complex.\imem.$procmux$2160:
      Old ports: A=0, B=32'11111111000000000000000000000000, Y=$flatten\complex.\imem.$procmux$2160_Y
      New ports: A=1'0, B=1'1, Y=$flatten\complex.\imem.$procmux$2160_Y [24]
      New connections: { $flatten\complex.\imem.$procmux$2160_Y [31:25] $flatten\complex.\imem.$procmux$2160_Y [23:0] } = { $flatten\complex.\imem.$procmux$2160_Y [24] $flatten\complex.\imem.$procmux$2160_Y [24] $flatten\complex.\imem.$procmux$2160_Y [24] $flatten\complex.\imem.$procmux$2160_Y [24] $flatten\complex.\imem.$procmux$2160_Y [24] $flatten\complex.\imem.$procmux$2160_Y [24] $flatten\complex.\imem.$procmux$2160_Y [24] 24'000000000000000000000000 }
    New ctrl vector for $pmux cell $flatten\complex.\l_hart[0].core.\csrs.$procmux$1997: { $auto$opt_reduce.cc:137:opt_pmux$3912 $flatten\complex.\l_hart[0].core.\csrs.$procmux$1968_CMP $flatten\complex.\l_hart[0].core.\csrs.$procmux$1981_CMP $flatten\complex.\l_hart[0].core.\csrs.$procmux$1916_CMP $flatten\complex.\l_hart[0].core.\csrs.$procmux$1928_CMP }
    Consolidated identical input bits for $mux cell $flatten\complex.\imem.$procmux$2106:
      Old ports: A=0, B=255, Y=$flatten\complex.\imem.$procmux$2106_Y
      New ports: A=1'0, B=1'1, Y=$flatten\complex.\imem.$procmux$2106_Y [0]
      New connections: $flatten\complex.\imem.$procmux$2106_Y [31:1] = { 24'000000000000000000000000 $flatten\complex.\imem.$procmux$2106_Y [0] $flatten\complex.\imem.$procmux$2106_Y [0] $flatten\complex.\imem.$procmux$2106_Y [0] $flatten\complex.\imem.$procmux$2106_Y [0] $flatten\complex.\imem.$procmux$2106_Y [0] $flatten\complex.\imem.$procmux$2106_Y [0] $flatten\complex.\imem.$procmux$2106_Y [0] }
    Consolidated identical input bits for $mux cell $flatten\complex.\imem.$procmux$2088:
      Old ports: A=0, B=65280, Y=$flatten\complex.\imem.$procmux$2088_Y
      New ports: A=1'0, B=1'1, Y=$flatten\complex.\imem.$procmux$2088_Y [8]
      New connections: { $flatten\complex.\imem.$procmux$2088_Y [31:9] $flatten\complex.\imem.$procmux$2088_Y [7:0] } = { 16'0000000000000000 $flatten\complex.\imem.$procmux$2088_Y [8] $flatten\complex.\imem.$procmux$2088_Y [8] $flatten\complex.\imem.$procmux$2088_Y [8] $flatten\complex.\imem.$procmux$2088_Y [8] $flatten\complex.\imem.$procmux$2088_Y [8] $flatten\complex.\imem.$procmux$2088_Y [8] $flatten\complex.\imem.$procmux$2088_Y [8] 8'00000000 }
    New ctrl vector for $pmux cell $flatten\complex.\l_hart[0].core.\csrs.$procmux$2022: $auto$opt_reduce.cc:137:opt_pmux$3914
    Consolidated identical input bits for $mux cell $flatten\complex.\imem.$procmux$2070:
      Old ports: A=0, B=16711680, Y=$flatten\complex.\imem.$procmux$2070_Y
      New ports: A=1'0, B=1'1, Y=$flatten\complex.\imem.$procmux$2070_Y [16]
      New connections: { $flatten\complex.\imem.$procmux$2070_Y [31:17] $flatten\complex.\imem.$procmux$2070_Y [15:0] } = { 8'00000000 $flatten\complex.\imem.$procmux$2070_Y [16] $flatten\complex.\imem.$procmux$2070_Y [16] $flatten\complex.\imem.$procmux$2070_Y [16] $flatten\complex.\imem.$procmux$2070_Y [16] $flatten\complex.\imem.$procmux$2070_Y [16] $flatten\complex.\imem.$procmux$2070_Y [16] $flatten\complex.\imem.$procmux$2070_Y [16] 16'0000000000000000 }
    Consolidated identical input bits for $mux cell $flatten\complex.\imem.$procmux$2052:
      Old ports: A=0, B=32'11111111000000000000000000000000, Y=$flatten\complex.\imem.$procmux$2052_Y
      New ports: A=1'0, B=1'1, Y=$flatten\complex.\imem.$procmux$2052_Y [24]
      New connections: { $flatten\complex.\imem.$procmux$2052_Y [31:25] $flatten\complex.\imem.$procmux$2052_Y [23:0] } = { $flatten\complex.\imem.$procmux$2052_Y [24] $flatten\complex.\imem.$procmux$2052_Y [24] $flatten\complex.\imem.$procmux$2052_Y [24] $flatten\complex.\imem.$procmux$2052_Y [24] $flatten\complex.\imem.$procmux$2052_Y [24] $flatten\complex.\imem.$procmux$2052_Y [24] $flatten\complex.\imem.$procmux$2052_Y [24] 24'000000000000000000000000 }
    Consolidated identical input bits for $mux cell $flatten\complex.\dmem.$procmux$2489:
      Old ports: A=0, B=255, Y=$flatten\complex.\dmem.$procmux$2489_Y
      New ports: A=1'0, B=1'1, Y=$flatten\complex.\dmem.$procmux$2489_Y [0]
      New connections: $flatten\complex.\dmem.$procmux$2489_Y [31:1] = { 24'000000000000000000000000 $flatten\complex.\dmem.$procmux$2489_Y [0] $flatten\complex.\dmem.$procmux$2489_Y [0] $flatten\complex.\dmem.$procmux$2489_Y [0] $flatten\complex.\dmem.$procmux$2489_Y [0] $flatten\complex.\dmem.$procmux$2489_Y [0] $flatten\complex.\dmem.$procmux$2489_Y [0] $flatten\complex.\dmem.$procmux$2489_Y [0] }
    Consolidated identical input bits for $mux cell $flatten\complex.\dmem.$procmux$2471:
      Old ports: A=0, B=65280, Y=$flatten\complex.\dmem.$procmux$2471_Y
      New ports: A=1'0, B=1'1, Y=$flatten\complex.\dmem.$procmux$2471_Y [8]
      New connections: { $flatten\complex.\dmem.$procmux$2471_Y [31:9] $flatten\complex.\dmem.$procmux$2471_Y [7:0] } = { 16'0000000000000000 $flatten\complex.\dmem.$procmux$2471_Y [8] $flatten\complex.\dmem.$procmux$2471_Y [8] $flatten\complex.\dmem.$procmux$2471_Y [8] $flatten\complex.\dmem.$procmux$2471_Y [8] $flatten\complex.\dmem.$procmux$2471_Y [8] $flatten\complex.\dmem.$procmux$2471_Y [8] $flatten\complex.\dmem.$procmux$2471_Y [8] 8'00000000 }
    Consolidated identical input bits for $mux cell $flatten\complex.\dmem.$procmux$2453:
      Old ports: A=0, B=16711680, Y=$flatten\complex.\dmem.$procmux$2453_Y
      New ports: A=1'0, B=1'1, Y=$flatten\complex.\dmem.$procmux$2453_Y [16]
      New connections: { $flatten\complex.\dmem.$procmux$2453_Y [31:17] $flatten\complex.\dmem.$procmux$2453_Y [15:0] } = { 8'00000000 $flatten\complex.\dmem.$procmux$2453_Y [16] $flatten\complex.\dmem.$procmux$2453_Y [16] $flatten\complex.\dmem.$procmux$2453_Y [16] $flatten\complex.\dmem.$procmux$2453_Y [16] $flatten\complex.\dmem.$procmux$2453_Y [16] $flatten\complex.\dmem.$procmux$2453_Y [16] $flatten\complex.\dmem.$procmux$2453_Y [16] 16'0000000000000000 }
    Consolidated identical input bits for $mux cell $flatten\complex.\dmem.$procmux$2435:
      Old ports: A=0, B=32'11111111000000000000000000000000, Y=$flatten\complex.\dmem.$procmux$2435_Y
      New ports: A=1'0, B=1'1, Y=$flatten\complex.\dmem.$procmux$2435_Y [24]
      New connections: { $flatten\complex.\dmem.$procmux$2435_Y [31:25] $flatten\complex.\dmem.$procmux$2435_Y [23:0] } = { $flatten\complex.\dmem.$procmux$2435_Y [24] $flatten\complex.\dmem.$procmux$2435_Y [24] $flatten\complex.\dmem.$procmux$2435_Y [24] $flatten\complex.\dmem.$procmux$2435_Y [24] $flatten\complex.\dmem.$procmux$2435_Y [24] $flatten\complex.\dmem.$procmux$2435_Y [24] $flatten\complex.\dmem.$procmux$2435_Y [24] 24'000000000000000000000000 }
    New ctrl vector for $pmux cell $flatten\complex.\l_hart[0].core.\decoder.$procmux$3523: { $auto$opt_reduce.cc:137:opt_pmux$3920 \complex.l_hart[0].core.decoder.instr_caddi4spn \complex.l_hart[0].core.decoder.instr_caddi16sp \complex.l_hart[0].core.decoder.instr_clui $flatten\complex.\l_hart[0].core.\decoder.$logic_or$rtl/decoder.v:224$165_Y $flatten\complex.\l_hart[0].core.\decoder.$logic_or$rtl/decoder.v:223$164_Y $auto$opt_reduce.cc:137:opt_pmux$3918 \complex.l_hart[0].core.decoder.instr_cswsp \complex.l_hart[0].core.decoder.instr_clwsp $auto$opt_reduce.cc:137:opt_pmux$3916 \complex.l_hart[0].core.decoder.instr_branch_op \complex.l_hart[0].core.decoder.instr_jal_op $flatten\complex.\l_hart[0].core.\decoder.$logic_or$rtl/decoder.v:210$163_Y \complex.l_hart[0].core.decoder.instr_store_op }
    New ctrl vector for $pmux cell $flatten\complex.\l_hart[0].core.\decoder.$procmux$3378: $auto$opt_reduce.cc:137:opt_pmux$3922
    New ctrl vector for $pmux cell $flatten\complex.\l_hart[0].core.\decoder.$procmux$3403: { $flatten\complex.\l_hart[0].core.\decoder.$logic_or$rtl/decoder.v:971$788_Y $auto$opt_reduce.cc:137:opt_pmux$3924 \complex.l_hart[0].core.decoder.instr_lui \complex.l_hart[0].core.decoder.instr_csr_access }
    New ctrl vector for $pmux cell $flatten\complex.\l_hart[0].core.\decoder.$procmux$3418: { $auto$opt_reduce.cc:137:opt_pmux$3926 $flatten\complex.\l_hart[0].core.\decoder.$logic_or$rtl/decoder.v:963$783_Y \complex.l_hart[0].core.decoder.instr_auipc }
    New ctrl vector for $pmux cell $flatten\complex.\l_hart[0].core.\decoder.\current_regs.$procmux$2409: { $auto$opt_reduce.cc:137:opt_pmux$3928 $flatten\complex.\l_hart[0].core.\decoder.\current_regs.$logic_or$rtl/regsel.v:92$1171_Y $flatten\complex.\l_hart[0].core.\decoder.\current_regs.$logic_or$rtl/regsel.v:88$1168_Y $flatten\complex.\l_hart[0].core.\decoder.\current_regs.$logic_or$rtl/regsel.v:87$1158_Y }
    New ctrl vector for $pmux cell $flatten\complex.\l_hart[0].core.\decoder.\next_regs.$procmux$2409: { $auto$opt_reduce.cc:137:opt_pmux$3930 $flatten\complex.\l_hart[0].core.\decoder.\next_regs.$logic_or$rtl/regsel.v:92$1171_Y $flatten\complex.\l_hart[0].core.\decoder.\next_regs.$logic_or$rtl/regsel.v:88$1168_Y $flatten\complex.\l_hart[0].core.\decoder.\next_regs.$logic_or$rtl/regsel.v:87$1158_Y }
    Consolidated identical input bits for $mux cell $flatten\complex.\l_hart[0].core.\regfile.$procmux$2416:
      Old ports: A=0, B=32'11111111111111111111111111111111, Y=$flatten\complex.\l_hart[0].core.\regfile.$0$memwr$\regs_b$rtl/regfile.v:43$1015_EN[31:0]$1022
      New ports: A=1'0, B=1'1, Y=$flatten\complex.\l_hart[0].core.\regfile.$0$memwr$\regs_b$rtl/regfile.v:43$1015_EN[31:0]$1022 [0]
      New connections: $flatten\complex.\l_hart[0].core.\regfile.$0$memwr$\regs_b$rtl/regfile.v:43$1015_EN[31:0]$1022 [31:1] = { $flatten\complex.\l_hart[0].core.\regfile.$0$memwr$\regs_b$rtl/regfile.v:43$1015_EN[31:0]$1022 [0] $flatten\complex.\l_hart[0].core.\regfile.$0$memwr$\regs_b$rtl/regfile.v:43$1015_EN[31:0]$1022 [0] $flatten\complex.\l_hart[0].core.\regfile.$0$memwr$\regs_b$rtl/regfile.v:43$1015_EN[31:0]$1022 [0] $flatten\complex.\l_hart[0].core.\regfile.$0$memwr$\regs_b$rtl/regfile.v:43$1015_EN[31:0]$1022 [0] $flatten\complex.\l_hart[0].core.\regfile.$0$memwr$\regs_b$rtl/regfile.v:43$1015_EN[31:0]$1022 [0] $flatten\complex.\l_hart[0].core.\regfile.$0$memwr$\regs_b$rtl/regfile.v:43$1015_EN[31:0]$1022 [0] $flatten\complex.\l_hart[0].core.\regfile.$0$memwr$\regs_b$rtl/regfile.v:43$1015_EN[31:0]$1022 [0] $flatten\complex.\l_hart[0].core.\regfile.$0$memwr$\regs_b$rtl/regfile.v:43$1015_EN[31:0]$1022 [0] $flatten\complex.\l_hart[0].core.\regfile.$0$memwr$\regs_b$rtl/regfile.v:43$1015_EN[31:0]$1022 [0] $flatten\complex.\l_hart[0].core.\regfile.$0$memwr$\regs_b$rtl/regfile.v:43$1015_EN[31:0]$1022 [0] $flatten\complex.\l_hart[0].core.\regfile.$0$memwr$\regs_b$rtl/regfile.v:43$1015_EN[31:0]$1022 [0] $flatten\complex.\l_hart[0].core.\regfile.$0$memwr$\regs_b$rtl/regfile.v:43$1015_EN[31:0]$1022 [0] $flatten\complex.\l_hart[0].core.\regfile.$0$memwr$\regs_b$rtl/regfile.v:43$1015_EN[31:0]$1022 [0] $flatten\complex.\l_hart[0].core.\regfile.$0$memwr$\regs_b$rtl/regfile.v:43$1015_EN[31:0]$1022 [0] $flatten\complex.\l_hart[0].core.\regfile.$0$memwr$\regs_b$rtl/regfile.v:43$1015_EN[31:0]$1022 [0] $flatten\complex.\l_hart[0].core.\regfile.$0$memwr$\regs_b$rtl/regfile.v:43$1015_EN[31:0]$1022 [0] $flatten\complex.\l_hart[0].core.\regfile.$0$memwr$\regs_b$rtl/regfile.v:43$1015_EN[31:0]$1022 [0] $flatten\complex.\l_hart[0].core.\regfile.$0$memwr$\regs_b$rtl/regfile.v:43$1015_EN[31:0]$1022 [0] $flatten\complex.\l_hart[0].core.\regfile.$0$memwr$\regs_b$rtl/regfile.v:43$1015_EN[31:0]$1022 [0] $flatten\complex.\l_hart[0].core.\regfile.$0$memwr$\regs_b$rtl/regfile.v:43$1015_EN[31:0]$1022 [0] $flatten\complex.\l_hart[0].core.\regfile.$0$memwr$\regs_b$rtl/regfile.v:43$1015_EN[31:0]$1022 [0] $flatten\complex.\l_hart[0].core.\regfile.$0$memwr$\regs_b$rtl/regfile.v:43$1015_EN[31:0]$1022 [0] $flatten\complex.\l_hart[0].core.\regfile.$0$memwr$\regs_b$rtl/regfile.v:43$1015_EN[31:0]$1022 [0] $flatten\complex.\l_hart[0].core.\regfile.$0$memwr$\regs_b$rtl/regfile.v:43$1015_EN[31:0]$1022 [0] $flatten\complex.\l_hart[0].core.\regfile.$0$memwr$\regs_b$rtl/regfile.v:43$1015_EN[31:0]$1022 [0] $flatten\complex.\l_hart[0].core.\regfile.$0$memwr$\regs_b$rtl/regfile.v:43$1015_EN[31:0]$1022 [0] $flatten\complex.\l_hart[0].core.\regfile.$0$memwr$\regs_b$rtl/regfile.v:43$1015_EN[31:0]$1022 [0] $flatten\complex.\l_hart[0].core.\regfile.$0$memwr$\regs_b$rtl/regfile.v:43$1015_EN[31:0]$1022 [0] $flatten\complex.\l_hart[0].core.\regfile.$0$memwr$\regs_b$rtl/regfile.v:43$1015_EN[31:0]$1022 [0] $flatten\complex.\l_hart[0].core.\regfile.$0$memwr$\regs_b$rtl/regfile.v:43$1015_EN[31:0]$1022 [0] $flatten\complex.\l_hart[0].core.\regfile.$0$memwr$\regs_b$rtl/regfile.v:43$1015_EN[31:0]$1022 [0] }
    Consolidated identical input bits for $mux cell $flatten\complex.\l_hart[0].core.\regfile.$procmux$2425:
      Old ports: A=0, B=32'11111111111111111111111111111111, Y=$flatten\complex.\l_hart[0].core.\regfile.$0$memwr$\regs_a$rtl/regfile.v:42$1014_EN[31:0]$1019
      New ports: A=1'0, B=1'1, Y=$flatten\complex.\l_hart[0].core.\regfile.$0$memwr$\regs_a$rtl/regfile.v:42$1014_EN[31:0]$1019 [0]
      New connections: $flatten\complex.\l_hart[0].core.\regfile.$0$memwr$\regs_a$rtl/regfile.v:42$1014_EN[31:0]$1019 [31:1] = { $flatten\complex.\l_hart[0].core.\regfile.$0$memwr$\regs_a$rtl/regfile.v:42$1014_EN[31:0]$1019 [0] $flatten\complex.\l_hart[0].core.\regfile.$0$memwr$\regs_a$rtl/regfile.v:42$1014_EN[31:0]$1019 [0] $flatten\complex.\l_hart[0].core.\regfile.$0$memwr$\regs_a$rtl/regfile.v:42$1014_EN[31:0]$1019 [0] $flatten\complex.\l_hart[0].core.\regfile.$0$memwr$\regs_a$rtl/regfile.v:42$1014_EN[31:0]$1019 [0] $flatten\complex.\l_hart[0].core.\regfile.$0$memwr$\regs_a$rtl/regfile.v:42$1014_EN[31:0]$1019 [0] $flatten\complex.\l_hart[0].core.\regfile.$0$memwr$\regs_a$rtl/regfile.v:42$1014_EN[31:0]$1019 [0] $flatten\complex.\l_hart[0].core.\regfile.$0$memwr$\regs_a$rtl/regfile.v:42$1014_EN[31:0]$1019 [0] $flatten\complex.\l_hart[0].core.\regfile.$0$memwr$\regs_a$rtl/regfile.v:42$1014_EN[31:0]$1019 [0] $flatten\complex.\l_hart[0].core.\regfile.$0$memwr$\regs_a$rtl/regfile.v:42$1014_EN[31:0]$1019 [0] $flatten\complex.\l_hart[0].core.\regfile.$0$memwr$\regs_a$rtl/regfile.v:42$1014_EN[31:0]$1019 [0] $flatten\complex.\l_hart[0].core.\regfile.$0$memwr$\regs_a$rtl/regfile.v:42$1014_EN[31:0]$1019 [0] $flatten\complex.\l_hart[0].core.\regfile.$0$memwr$\regs_a$rtl/regfile.v:42$1014_EN[31:0]$1019 [0] $flatten\complex.\l_hart[0].core.\regfile.$0$memwr$\regs_a$rtl/regfile.v:42$1014_EN[31:0]$1019 [0] $flatten\complex.\l_hart[0].core.\regfile.$0$memwr$\regs_a$rtl/regfile.v:42$1014_EN[31:0]$1019 [0] $flatten\complex.\l_hart[0].core.\regfile.$0$memwr$\regs_a$rtl/regfile.v:42$1014_EN[31:0]$1019 [0] $flatten\complex.\l_hart[0].core.\regfile.$0$memwr$\regs_a$rtl/regfile.v:42$1014_EN[31:0]$1019 [0] $flatten\complex.\l_hart[0].core.\regfile.$0$memwr$\regs_a$rtl/regfile.v:42$1014_EN[31:0]$1019 [0] $flatten\complex.\l_hart[0].core.\regfile.$0$memwr$\regs_a$rtl/regfile.v:42$1014_EN[31:0]$1019 [0] $flatten\complex.\l_hart[0].core.\regfile.$0$memwr$\regs_a$rtl/regfile.v:42$1014_EN[31:0]$1019 [0] $flatten\complex.\l_hart[0].core.\regfile.$0$memwr$\regs_a$rtl/regfile.v:42$1014_EN[31:0]$1019 [0] $flatten\complex.\l_hart[0].core.\regfile.$0$memwr$\regs_a$rtl/regfile.v:42$1014_EN[31:0]$1019 [0] $flatten\complex.\l_hart[0].core.\regfile.$0$memwr$\regs_a$rtl/regfile.v:42$1014_EN[31:0]$1019 [0] $flatten\complex.\l_hart[0].core.\regfile.$0$memwr$\regs_a$rtl/regfile.v:42$1014_EN[31:0]$1019 [0] $flatten\complex.\l_hart[0].core.\regfile.$0$memwr$\regs_a$rtl/regfile.v:42$1014_EN[31:0]$1019 [0] $flatten\complex.\l_hart[0].core.\regfile.$0$memwr$\regs_a$rtl/regfile.v:42$1014_EN[31:0]$1019 [0] $flatten\complex.\l_hart[0].core.\regfile.$0$memwr$\regs_a$rtl/regfile.v:42$1014_EN[31:0]$1019 [0] $flatten\complex.\l_hart[0].core.\regfile.$0$memwr$\regs_a$rtl/regfile.v:42$1014_EN[31:0]$1019 [0] $flatten\complex.\l_hart[0].core.\regfile.$0$memwr$\regs_a$rtl/regfile.v:42$1014_EN[31:0]$1019 [0] $flatten\complex.\l_hart[0].core.\regfile.$0$memwr$\regs_a$rtl/regfile.v:42$1014_EN[31:0]$1019 [0] $flatten\complex.\l_hart[0].core.\regfile.$0$memwr$\regs_a$rtl/regfile.v:42$1014_EN[31:0]$1019 [0] $flatten\complex.\l_hart[0].core.\regfile.$0$memwr$\regs_a$rtl/regfile.v:42$1014_EN[31:0]$1019 [0] }
    New ctrl vector for $pmux cell $flatten\complex.\l_hart[1].core.\accessor.$procmux$3658: $auto$opt_reduce.cc:137:opt_pmux$3932
    Consolidated identical input bits for $mux cell $flatten\complex.\imem.$procmux$2196:
      Old ports: A=0, B=65280, Y=$flatten\complex.\imem.$procmux$2196_Y
      New ports: A=1'0, B=1'1, Y=$flatten\complex.\imem.$procmux$2196_Y [8]
      New connections: { $flatten\complex.\imem.$procmux$2196_Y [31:9] $flatten\complex.\imem.$procmux$2196_Y [7:0] } = { 16'0000000000000000 $flatten\complex.\imem.$procmux$2196_Y [8] $flatten\complex.\imem.$procmux$2196_Y [8] $flatten\complex.\imem.$procmux$2196_Y [8] $flatten\complex.\imem.$procmux$2196_Y [8] $flatten\complex.\imem.$procmux$2196_Y [8] $flatten\complex.\imem.$procmux$2196_Y [8] $flatten\complex.\imem.$procmux$2196_Y [8] 8'00000000 }
    New ctrl vector for $pmux cell $flatten\complex.\l_hart[1].core.\csrs.$procmux$2361: { $auto$opt_reduce.cc:137:opt_pmux$3934 $flatten\complex.\l_hart[1].core.\csrs.$procmux$2332_CMP $flatten\complex.\l_hart[1].core.\csrs.$procmux$2345_CMP $flatten\complex.\l_hart[1].core.\csrs.$procmux$2280_CMP $flatten\complex.\l_hart[1].core.\csrs.$procmux$2292_CMP }
    Consolidated identical input bits for $mux cell $flatten\complex.\imem.$procmux$2214:
      Old ports: A=0, B=255, Y=$flatten\complex.\imem.$procmux$2214_Y
      New ports: A=1'0, B=1'1, Y=$flatten\complex.\imem.$procmux$2214_Y [0]
      New connections: $flatten\complex.\imem.$procmux$2214_Y [31:1] = { 24'000000000000000000000000 $flatten\complex.\imem.$procmux$2214_Y [0] $flatten\complex.\imem.$procmux$2214_Y [0] $flatten\complex.\imem.$procmux$2214_Y [0] $flatten\complex.\imem.$procmux$2214_Y [0] $flatten\complex.\imem.$procmux$2214_Y [0] $flatten\complex.\imem.$procmux$2214_Y [0] $flatten\complex.\imem.$procmux$2214_Y [0] }
    New ctrl vector for $pmux cell $flatten\complex.\l_hart[1].core.\csrs.$procmux$2386: $auto$opt_reduce.cc:137:opt_pmux$3936
    New ctrl vector for $pmux cell $flatten\complex.\l_hart[1].core.\decoder.$procmux$3523: { $auto$opt_reduce.cc:137:opt_pmux$3942 \complex.l_hart[1].core.decoder.instr_caddi4spn \complex.l_hart[1].core.decoder.instr_caddi16sp \complex.l_hart[1].core.decoder.instr_clui $flatten\complex.\l_hart[1].core.\decoder.$logic_or$rtl/decoder.v:224$165_Y $flatten\complex.\l_hart[1].core.\decoder.$logic_or$rtl/decoder.v:223$164_Y $auto$opt_reduce.cc:137:opt_pmux$3940 \complex.l_hart[1].core.decoder.instr_cswsp \complex.l_hart[1].core.decoder.instr_clwsp $auto$opt_reduce.cc:137:opt_pmux$3938 \complex.l_hart[1].core.decoder.instr_branch_op \complex.l_hart[1].core.decoder.instr_jal_op $flatten\complex.\l_hart[1].core.\decoder.$logic_or$rtl/decoder.v:210$163_Y \complex.l_hart[1].core.decoder.instr_store_op }
    New ctrl vector for $pmux cell $flatten\complex.\l_hart[1].core.\decoder.$procmux$3378: $auto$opt_reduce.cc:137:opt_pmux$3944
    New ctrl vector for $pmux cell $flatten\complex.\l_hart[1].core.\decoder.$procmux$3403: { $flatten\complex.\l_hart[1].core.\decoder.$logic_or$rtl/decoder.v:971$788_Y $auto$opt_reduce.cc:137:opt_pmux$3946 \complex.l_hart[1].core.decoder.instr_lui \complex.l_hart[1].core.decoder.instr_csr_access }
    New ctrl vector for $pmux cell $flatten\complex.\l_hart[1].core.\decoder.$procmux$3418: { $auto$opt_reduce.cc:137:opt_pmux$3948 $flatten\complex.\l_hart[1].core.\decoder.$logic_or$rtl/decoder.v:963$783_Y \complex.l_hart[1].core.decoder.instr_auipc }
    New ctrl vector for $pmux cell $flatten\complex.\l_hart[1].core.\decoder.\current_regs.$procmux$2409: { $auto$opt_reduce.cc:137:opt_pmux$3950 $flatten\complex.\l_hart[1].core.\decoder.\current_regs.$logic_or$rtl/regsel.v:92$1171_Y $flatten\complex.\l_hart[1].core.\decoder.\current_regs.$logic_or$rtl/regsel.v:88$1168_Y $flatten\complex.\l_hart[1].core.\decoder.\current_regs.$logic_or$rtl/regsel.v:87$1158_Y }
    New ctrl vector for $pmux cell $flatten\complex.\l_hart[1].core.\decoder.\next_regs.$procmux$2409: { $auto$opt_reduce.cc:137:opt_pmux$3952 $flatten\complex.\l_hart[1].core.\decoder.\next_regs.$logic_or$rtl/regsel.v:92$1171_Y $flatten\complex.\l_hart[1].core.\decoder.\next_regs.$logic_or$rtl/regsel.v:88$1168_Y $flatten\complex.\l_hart[1].core.\decoder.\next_regs.$logic_or$rtl/regsel.v:87$1158_Y }
    New ctrl vector for $pmux cell $flatten\complex.\l_hart[0].core.\accessor.$procmux$3658: $auto$opt_reduce.cc:137:opt_pmux$3954
    Consolidated identical input bits for $mux cell $flatten\complex.\l_hart[1].core.\regfile.$procmux$2416:
      Old ports: A=0, B=32'11111111111111111111111111111111, Y=$flatten\complex.\l_hart[1].core.\regfile.$0$memwr$\regs_b$rtl/regfile.v:43$1015_EN[31:0]$1022
      New ports: A=1'0, B=1'1, Y=$flatten\complex.\l_hart[1].core.\regfile.$0$memwr$\regs_b$rtl/regfile.v:43$1015_EN[31:0]$1022 [0]
      New connections: $flatten\complex.\l_hart[1].core.\regfile.$0$memwr$\regs_b$rtl/regfile.v:43$1015_EN[31:0]$1022 [31:1] = { $flatten\complex.\l_hart[1].core.\regfile.$0$memwr$\regs_b$rtl/regfile.v:43$1015_EN[31:0]$1022 [0] $flatten\complex.\l_hart[1].core.\regfile.$0$memwr$\regs_b$rtl/regfile.v:43$1015_EN[31:0]$1022 [0] $flatten\complex.\l_hart[1].core.\regfile.$0$memwr$\regs_b$rtl/regfile.v:43$1015_EN[31:0]$1022 [0] $flatten\complex.\l_hart[1].core.\regfile.$0$memwr$\regs_b$rtl/regfile.v:43$1015_EN[31:0]$1022 [0] $flatten\complex.\l_hart[1].core.\regfile.$0$memwr$\regs_b$rtl/regfile.v:43$1015_EN[31:0]$1022 [0] $flatten\complex.\l_hart[1].core.\regfile.$0$memwr$\regs_b$rtl/regfile.v:43$1015_EN[31:0]$1022 [0] $flatten\complex.\l_hart[1].core.\regfile.$0$memwr$\regs_b$rtl/regfile.v:43$1015_EN[31:0]$1022 [0] $flatten\complex.\l_hart[1].core.\regfile.$0$memwr$\regs_b$rtl/regfile.v:43$1015_EN[31:0]$1022 [0] $flatten\complex.\l_hart[1].core.\regfile.$0$memwr$\regs_b$rtl/regfile.v:43$1015_EN[31:0]$1022 [0] $flatten\complex.\l_hart[1].core.\regfile.$0$memwr$\regs_b$rtl/regfile.v:43$1015_EN[31:0]$1022 [0] $flatten\complex.\l_hart[1].core.\regfile.$0$memwr$\regs_b$rtl/regfile.v:43$1015_EN[31:0]$1022 [0] $flatten\complex.\l_hart[1].core.\regfile.$0$memwr$\regs_b$rtl/regfile.v:43$1015_EN[31:0]$1022 [0] $flatten\complex.\l_hart[1].core.\regfile.$0$memwr$\regs_b$rtl/regfile.v:43$1015_EN[31:0]$1022 [0] $flatten\complex.\l_hart[1].core.\regfile.$0$memwr$\regs_b$rtl/regfile.v:43$1015_EN[31:0]$1022 [0] $flatten\complex.\l_hart[1].core.\regfile.$0$memwr$\regs_b$rtl/regfile.v:43$1015_EN[31:0]$1022 [0] $flatten\complex.\l_hart[1].core.\regfile.$0$memwr$\regs_b$rtl/regfile.v:43$1015_EN[31:0]$1022 [0] $flatten\complex.\l_hart[1].core.\regfile.$0$memwr$\regs_b$rtl/regfile.v:43$1015_EN[31:0]$1022 [0] $flatten\complex.\l_hart[1].core.\regfile.$0$memwr$\regs_b$rtl/regfile.v:43$1015_EN[31:0]$1022 [0] $flatten\complex.\l_hart[1].core.\regfile.$0$memwr$\regs_b$rtl/regfile.v:43$1015_EN[31:0]$1022 [0] $flatten\complex.\l_hart[1].core.\regfile.$0$memwr$\regs_b$rtl/regfile.v:43$1015_EN[31:0]$1022 [0] $flatten\complex.\l_hart[1].core.\regfile.$0$memwr$\regs_b$rtl/regfile.v:43$1015_EN[31:0]$1022 [0] $flatten\complex.\l_hart[1].core.\regfile.$0$memwr$\regs_b$rtl/regfile.v:43$1015_EN[31:0]$1022 [0] $flatten\complex.\l_hart[1].core.\regfile.$0$memwr$\regs_b$rtl/regfile.v:43$1015_EN[31:0]$1022 [0] $flatten\complex.\l_hart[1].core.\regfile.$0$memwr$\regs_b$rtl/regfile.v:43$1015_EN[31:0]$1022 [0] $flatten\complex.\l_hart[1].core.\regfile.$0$memwr$\regs_b$rtl/regfile.v:43$1015_EN[31:0]$1022 [0] $flatten\complex.\l_hart[1].core.\regfile.$0$memwr$\regs_b$rtl/regfile.v:43$1015_EN[31:0]$1022 [0] $flatten\complex.\l_hart[1].core.\regfile.$0$memwr$\regs_b$rtl/regfile.v:43$1015_EN[31:0]$1022 [0] $flatten\complex.\l_hart[1].core.\regfile.$0$memwr$\regs_b$rtl/regfile.v:43$1015_EN[31:0]$1022 [0] $flatten\complex.\l_hart[1].core.\regfile.$0$memwr$\regs_b$rtl/regfile.v:43$1015_EN[31:0]$1022 [0] $flatten\complex.\l_hart[1].core.\regfile.$0$memwr$\regs_b$rtl/regfile.v:43$1015_EN[31:0]$1022 [0] $flatten\complex.\l_hart[1].core.\regfile.$0$memwr$\regs_b$rtl/regfile.v:43$1015_EN[31:0]$1022 [0] }
    Consolidated identical input bits for $mux cell $flatten\complex.\l_hart[1].core.\regfile.$procmux$2425:
      Old ports: A=0, B=32'11111111111111111111111111111111, Y=$flatten\complex.\l_hart[1].core.\regfile.$0$memwr$\regs_a$rtl/regfile.v:42$1014_EN[31:0]$1019
      New ports: A=1'0, B=1'1, Y=$flatten\complex.\l_hart[1].core.\regfile.$0$memwr$\regs_a$rtl/regfile.v:42$1014_EN[31:0]$1019 [0]
      New connections: $flatten\complex.\l_hart[1].core.\regfile.$0$memwr$\regs_a$rtl/regfile.v:42$1014_EN[31:0]$1019 [31:1] = { $flatten\complex.\l_hart[1].core.\regfile.$0$memwr$\regs_a$rtl/regfile.v:42$1014_EN[31:0]$1019 [0] $flatten\complex.\l_hart[1].core.\regfile.$0$memwr$\regs_a$rtl/regfile.v:42$1014_EN[31:0]$1019 [0] $flatten\complex.\l_hart[1].core.\regfile.$0$memwr$\regs_a$rtl/regfile.v:42$1014_EN[31:0]$1019 [0] $flatten\complex.\l_hart[1].core.\regfile.$0$memwr$\regs_a$rtl/regfile.v:42$1014_EN[31:0]$1019 [0] $flatten\complex.\l_hart[1].core.\regfile.$0$memwr$\regs_a$rtl/regfile.v:42$1014_EN[31:0]$1019 [0] $flatten\complex.\l_hart[1].core.\regfile.$0$memwr$\regs_a$rtl/regfile.v:42$1014_EN[31:0]$1019 [0] $flatten\complex.\l_hart[1].core.\regfile.$0$memwr$\regs_a$rtl/regfile.v:42$1014_EN[31:0]$1019 [0] $flatten\complex.\l_hart[1].core.\regfile.$0$memwr$\regs_a$rtl/regfile.v:42$1014_EN[31:0]$1019 [0] $flatten\complex.\l_hart[1].core.\regfile.$0$memwr$\regs_a$rtl/regfile.v:42$1014_EN[31:0]$1019 [0] $flatten\complex.\l_hart[1].core.\regfile.$0$memwr$\regs_a$rtl/regfile.v:42$1014_EN[31:0]$1019 [0] $flatten\complex.\l_hart[1].core.\regfile.$0$memwr$\regs_a$rtl/regfile.v:42$1014_EN[31:0]$1019 [0] $flatten\complex.\l_hart[1].core.\regfile.$0$memwr$\regs_a$rtl/regfile.v:42$1014_EN[31:0]$1019 [0] $flatten\complex.\l_hart[1].core.\regfile.$0$memwr$\regs_a$rtl/regfile.v:42$1014_EN[31:0]$1019 [0] $flatten\complex.\l_hart[1].core.\regfile.$0$memwr$\regs_a$rtl/regfile.v:42$1014_EN[31:0]$1019 [0] $flatten\complex.\l_hart[1].core.\regfile.$0$memwr$\regs_a$rtl/regfile.v:42$1014_EN[31:0]$1019 [0] $flatten\complex.\l_hart[1].core.\regfile.$0$memwr$\regs_a$rtl/regfile.v:42$1014_EN[31:0]$1019 [0] $flatten\complex.\l_hart[1].core.\regfile.$0$memwr$\regs_a$rtl/regfile.v:42$1014_EN[31:0]$1019 [0] $flatten\complex.\l_hart[1].core.\regfile.$0$memwr$\regs_a$rtl/regfile.v:42$1014_EN[31:0]$1019 [0] $flatten\complex.\l_hart[1].core.\regfile.$0$memwr$\regs_a$rtl/regfile.v:42$1014_EN[31:0]$1019 [0] $flatten\complex.\l_hart[1].core.\regfile.$0$memwr$\regs_a$rtl/regfile.v:42$1014_EN[31:0]$1019 [0] $flatten\complex.\l_hart[1].core.\regfile.$0$memwr$\regs_a$rtl/regfile.v:42$1014_EN[31:0]$1019 [0] $flatten\complex.\l_hart[1].core.\regfile.$0$memwr$\regs_a$rtl/regfile.v:42$1014_EN[31:0]$1019 [0] $flatten\complex.\l_hart[1].core.\regfile.$0$memwr$\regs_a$rtl/regfile.v:42$1014_EN[31:0]$1019 [0] $flatten\complex.\l_hart[1].core.\regfile.$0$memwr$\regs_a$rtl/regfile.v:42$1014_EN[31:0]$1019 [0] $flatten\complex.\l_hart[1].core.\regfile.$0$memwr$\regs_a$rtl/regfile.v:42$1014_EN[31:0]$1019 [0] $flatten\complex.\l_hart[1].core.\regfile.$0$memwr$\regs_a$rtl/regfile.v:42$1014_EN[31:0]$1019 [0] $flatten\complex.\l_hart[1].core.\regfile.$0$memwr$\regs_a$rtl/regfile.v:42$1014_EN[31:0]$1019 [0] $flatten\complex.\l_hart[1].core.\regfile.$0$memwr$\regs_a$rtl/regfile.v:42$1014_EN[31:0]$1019 [0] $flatten\complex.\l_hart[1].core.\regfile.$0$memwr$\regs_a$rtl/regfile.v:42$1014_EN[31:0]$1019 [0] $flatten\complex.\l_hart[1].core.\regfile.$0$memwr$\regs_a$rtl/regfile.v:42$1014_EN[31:0]$1019 [0] $flatten\complex.\l_hart[1].core.\regfile.$0$memwr$\regs_a$rtl/regfile.v:42$1014_EN[31:0]$1019 [0] }
    New input vector for $reduce_or cell $auto$opt_reduce.cc:131:opt_pmux$3911: { $flatten\complex.\l_hart[0].core.\csrs.$eq$rtl/csrs.v:249$1487_Y $flatten\complex.\l_hart[0].core.\csrs.$eq$rtl/csrs.v:250$1489_Y $flatten\complex.\l_hart[0].core.\csrs.$eq$rtl/csrs.v:251$1491_Y $flatten\complex.\l_hart[0].core.\csrs.$eq$rtl/csrs.v:252$1493_Y $flatten\complex.\l_hart[0].core.\csrs.$procmux$1957_CMP $flatten\complex.\l_hart[0].core.\csrs.$procmux$1990_CMP }
    New input vector for $reduce_or cell $auto$opt_reduce.cc:131:opt_pmux$3913: { $flatten\complex.\l_hart[0].core.\csrs.$eq$rtl/csrs.v:249$1487_Y $flatten\complex.\l_hart[0].core.\csrs.$eq$rtl/csrs.v:250$1489_Y $flatten\complex.\l_hart[0].core.\csrs.$eq$rtl/csrs.v:251$1491_Y $flatten\complex.\l_hart[0].core.\csrs.$eq$rtl/csrs.v:252$1493_Y $flatten\complex.\l_hart[0].core.\csrs.$procmux$1916_CMP $flatten\complex.\l_hart[0].core.\csrs.$procmux$1928_CMP $flatten\complex.\l_hart[0].core.\csrs.$procmux$1957_CMP $flatten\complex.\l_hart[0].core.\csrs.$procmux$1968_CMP $flatten\complex.\l_hart[0].core.\csrs.$procmux$1981_CMP $flatten\complex.\l_hart[0].core.\csrs.$procmux$1990_CMP $flatten\complex.\l_hart[0].core.\csrs.$procmux$2013_CMP $flatten\complex.\l_hart[0].core.\csrs.$procmux$2019_CMP $flatten\complex.\l_hart[0].core.\csrs.$procmux$2023_CMP $flatten\complex.\l_hart[0].core.\csrs.$procmux$2024_CMP $flatten\complex.\l_hart[0].core.\csrs.$procmux$2030_CMP $flatten\complex.\l_hart[0].core.\csrs.$procmux$2037_CMP }
    New input vector for $reduce_or cell $auto$opt_reduce.cc:131:opt_pmux$3933: { $flatten\complex.\l_hart[1].core.\csrs.$eq$rtl/csrs.v:249$1879_Y $flatten\complex.\l_hart[1].core.\csrs.$eq$rtl/csrs.v:250$1881_Y $flatten\complex.\l_hart[1].core.\csrs.$eq$rtl/csrs.v:251$1883_Y $flatten\complex.\l_hart[1].core.\csrs.$eq$rtl/csrs.v:252$1885_Y $flatten\complex.\l_hart[1].core.\csrs.$procmux$2321_CMP $flatten\complex.\l_hart[1].core.\csrs.$procmux$2354_CMP }
    New input vector for $reduce_or cell $auto$opt_reduce.cc:131:opt_pmux$3935: { $flatten\complex.\l_hart[1].core.\csrs.$eq$rtl/csrs.v:249$1879_Y $flatten\complex.\l_hart[1].core.\csrs.$eq$rtl/csrs.v:250$1881_Y $flatten\complex.\l_hart[1].core.\csrs.$eq$rtl/csrs.v:251$1883_Y $flatten\complex.\l_hart[1].core.\csrs.$eq$rtl/csrs.v:252$1885_Y $flatten\complex.\l_hart[1].core.\csrs.$procmux$2280_CMP $flatten\complex.\l_hart[1].core.\csrs.$procmux$2292_CMP $flatten\complex.\l_hart[1].core.\csrs.$procmux$2321_CMP $flatten\complex.\l_hart[1].core.\csrs.$procmux$2332_CMP $flatten\complex.\l_hart[1].core.\csrs.$procmux$2345_CMP $flatten\complex.\l_hart[1].core.\csrs.$procmux$2354_CMP $flatten\complex.\l_hart[1].core.\csrs.$procmux$2372_CMP $flatten\complex.\l_hart[1].core.\csrs.$procmux$2377_CMP $flatten\complex.\l_hart[1].core.\csrs.$procmux$2383_CMP $flatten\complex.\l_hart[1].core.\csrs.$procmux$2387_CMP $flatten\complex.\l_hart[1].core.\csrs.$procmux$2394_CMP $flatten\complex.\l_hart[1].core.\csrs.$procmux$2401_CMP }
  Optimizing cells in module \littledualsoc.
    Consolidated identical input bits for $mux cell $flatten\complex.\imem.$procmux$2150:
      Old ports: A=0, B=$flatten\complex.\imem.$2$memwr$\rom_odd$rtl/imemory.v:165$1741_EN[31:0]$1831, Y=$flatten\complex.\imem.$0$memwr$\rom_odd$rtl/imemory.v:165$1741_EN[31:0]$1778
      New ports: A=1'0, B=$flatten\complex.\imem.$procmux$2106_Y [0], Y=$flatten\complex.\imem.$0$memwr$\rom_odd$rtl/imemory.v:165$1741_EN[31:0]$1778 [0]
      New connections: $flatten\complex.\imem.$0$memwr$\rom_odd$rtl/imemory.v:165$1741_EN[31:0]$1778 [31:1] = { 24'000000000000000000000000 $flatten\complex.\imem.$0$memwr$\rom_odd$rtl/imemory.v:165$1741_EN[31:0]$1778 [0] $flatten\complex.\imem.$0$memwr$\rom_odd$rtl/imemory.v:165$1741_EN[31:0]$1778 [0] $flatten\complex.\imem.$0$memwr$\rom_odd$rtl/imemory.v:165$1741_EN[31:0]$1778 [0] $flatten\complex.\imem.$0$memwr$\rom_odd$rtl/imemory.v:165$1741_EN[31:0]$1778 [0] $flatten\complex.\imem.$0$memwr$\rom_odd$rtl/imemory.v:165$1741_EN[31:0]$1778 [0] $flatten\complex.\imem.$0$memwr$\rom_odd$rtl/imemory.v:165$1741_EN[31:0]$1778 [0] $flatten\complex.\imem.$0$memwr$\rom_odd$rtl/imemory.v:165$1741_EN[31:0]$1778 [0] }
    Consolidated identical input bits for $mux cell $flatten\complex.\imem.$procmux$2240:
      Old ports: A=0, B=$flatten\complex.\imem.$2$memwr$\rom_even$rtl/imemory.v:161$1739_EN[31:0]$1813, Y=$flatten\complex.\imem.$0$memwr$\rom_even$rtl/imemory.v:161$1739_EN[31:0]$1772
      New ports: A=1'0, B=$flatten\complex.\imem.$procmux$2178_Y [16], Y=$flatten\complex.\imem.$0$memwr$\rom_even$rtl/imemory.v:161$1739_EN[31:0]$1772 [16]
      New connections: { $flatten\complex.\imem.$0$memwr$\rom_even$rtl/imemory.v:161$1739_EN[31:0]$1772 [31:17] $flatten\complex.\imem.$0$memwr$\rom_even$rtl/imemory.v:161$1739_EN[31:0]$1772 [15:0] } = { 8'00000000 $flatten\complex.\imem.$0$memwr$\rom_even$rtl/imemory.v:161$1739_EN[31:0]$1772 [16] $flatten\complex.\imem.$0$memwr$\rom_even$rtl/imemory.v:161$1739_EN[31:0]$1772 [16] $flatten\complex.\imem.$0$memwr$\rom_even$rtl/imemory.v:161$1739_EN[31:0]$1772 [16] $flatten\complex.\imem.$0$memwr$\rom_even$rtl/imemory.v:161$1739_EN[31:0]$1772 [16] $flatten\complex.\imem.$0$memwr$\rom_even$rtl/imemory.v:161$1739_EN[31:0]$1772 [16] $flatten\complex.\imem.$0$memwr$\rom_even$rtl/imemory.v:161$1739_EN[31:0]$1772 [16] $flatten\complex.\imem.$0$memwr$\rom_even$rtl/imemory.v:161$1739_EN[31:0]$1772 [16] 16'0000000000000000 }
    Consolidated identical input bits for $mux cell $flatten\complex.\imem.$procmux$2141:
      Old ports: A=0, B=$flatten\complex.\imem.$2$memwr$\rom_odd$rtl/imemory.v:166$1742_EN[31:0]$1834, Y=$flatten\complex.\imem.$0$memwr$\rom_odd$rtl/imemory.v:166$1742_EN[31:0]$1781
      New ports: A=1'0, B=$flatten\complex.\imem.$procmux$2088_Y [8], Y=$flatten\complex.\imem.$0$memwr$\rom_odd$rtl/imemory.v:166$1742_EN[31:0]$1781 [8]
      New connections: { $flatten\complex.\imem.$0$memwr$\rom_odd$rtl/imemory.v:166$1742_EN[31:0]$1781 [31:9] $flatten\complex.\imem.$0$memwr$\rom_odd$rtl/imemory.v:166$1742_EN[31:0]$1781 [7:0] } = { 16'0000000000000000 $flatten\complex.\imem.$0$memwr$\rom_odd$rtl/imemory.v:166$1742_EN[31:0]$1781 [8] $flatten\complex.\imem.$0$memwr$\rom_odd$rtl/imemory.v:166$1742_EN[31:0]$1781 [8] $flatten\complex.\imem.$0$memwr$\rom_odd$rtl/imemory.v:166$1742_EN[31:0]$1781 [8] $flatten\complex.\imem.$0$memwr$\rom_odd$rtl/imemory.v:166$1742_EN[31:0]$1781 [8] $flatten\complex.\imem.$0$memwr$\rom_odd$rtl/imemory.v:166$1742_EN[31:0]$1781 [8] $flatten\complex.\imem.$0$memwr$\rom_odd$rtl/imemory.v:166$1742_EN[31:0]$1781 [8] $flatten\complex.\imem.$0$memwr$\rom_odd$rtl/imemory.v:166$1742_EN[31:0]$1781 [8] 8'00000000 }
    Consolidated identical input bits for $mux cell $flatten\complex.\imem.$procmux$2132:
      Old ports: A=0, B=$flatten\complex.\imem.$2$memwr$\rom_odd$rtl/imemory.v:167$1743_EN[31:0]$1837, Y=$flatten\complex.\imem.$0$memwr$\rom_odd$rtl/imemory.v:167$1743_EN[31:0]$1784
      New ports: A=1'0, B=$flatten\complex.\imem.$procmux$2070_Y [16], Y=$flatten\complex.\imem.$0$memwr$\rom_odd$rtl/imemory.v:167$1743_EN[31:0]$1784 [16]
      New connections: { $flatten\complex.\imem.$0$memwr$\rom_odd$rtl/imemory.v:167$1743_EN[31:0]$1784 [31:17] $flatten\complex.\imem.$0$memwr$\rom_odd$rtl/imemory.v:167$1743_EN[31:0]$1784 [15:0] } = { 8'00000000 $flatten\complex.\imem.$0$memwr$\rom_odd$rtl/imemory.v:167$1743_EN[31:0]$1784 [16] $flatten\complex.\imem.$0$memwr$\rom_odd$rtl/imemory.v:167$1743_EN[31:0]$1784 [16] $flatten\complex.\imem.$0$memwr$\rom_odd$rtl/imemory.v:167$1743_EN[31:0]$1784 [16] $flatten\complex.\imem.$0$memwr$\rom_odd$rtl/imemory.v:167$1743_EN[31:0]$1784 [16] $flatten\complex.\imem.$0$memwr$\rom_odd$rtl/imemory.v:167$1743_EN[31:0]$1784 [16] $flatten\complex.\imem.$0$memwr$\rom_odd$rtl/imemory.v:167$1743_EN[31:0]$1784 [16] $flatten\complex.\imem.$0$memwr$\rom_odd$rtl/imemory.v:167$1743_EN[31:0]$1784 [16] 16'0000000000000000 }
    Consolidated identical input bits for $mux cell $flatten\complex.\imem.$procmux$2123:
      Old ports: A=0, B=$flatten\complex.\imem.$2$memwr$\rom_odd$rtl/imemory.v:168$1744_EN[31:0]$1840, Y=$flatten\complex.\imem.$0$memwr$\rom_odd$rtl/imemory.v:168$1744_EN[31:0]$1787
      New ports: A=1'0, B=$flatten\complex.\imem.$procmux$2052_Y [24], Y=$flatten\complex.\imem.$0$memwr$\rom_odd$rtl/imemory.v:168$1744_EN[31:0]$1787 [24]
      New connections: { $flatten\complex.\imem.$0$memwr$\rom_odd$rtl/imemory.v:168$1744_EN[31:0]$1787 [31:25] $flatten\complex.\imem.$0$memwr$\rom_odd$rtl/imemory.v:168$1744_EN[31:0]$1787 [23:0] } = { $flatten\complex.\imem.$0$memwr$\rom_odd$rtl/imemory.v:168$1744_EN[31:0]$1787 [24] $flatten\complex.\imem.$0$memwr$\rom_odd$rtl/imemory.v:168$1744_EN[31:0]$1787 [24] $flatten\complex.\imem.$0$memwr$\rom_odd$rtl/imemory.v:168$1744_EN[31:0]$1787 [24] $flatten\complex.\imem.$0$memwr$\rom_odd$rtl/imemory.v:168$1744_EN[31:0]$1787 [24] $flatten\complex.\imem.$0$memwr$\rom_odd$rtl/imemory.v:168$1744_EN[31:0]$1787 [24] $flatten\complex.\imem.$0$memwr$\rom_odd$rtl/imemory.v:168$1744_EN[31:0]$1787 [24] $flatten\complex.\imem.$0$memwr$\rom_odd$rtl/imemory.v:168$1744_EN[31:0]$1787 [24] 24'000000000000000000000000 }
    Consolidated identical input bits for $mux cell $flatten\complex.\imem.$procmux$2231:
      Old ports: A=0, B=$flatten\complex.\imem.$2$memwr$\rom_even$rtl/imemory.v:162$1740_EN[31:0]$1816, Y=$flatten\complex.\imem.$0$memwr$\rom_even$rtl/imemory.v:162$1740_EN[31:0]$1775
      New ports: A=1'0, B=$flatten\complex.\imem.$procmux$2160_Y [24], Y=$flatten\complex.\imem.$0$memwr$\rom_even$rtl/imemory.v:162$1740_EN[31:0]$1775 [24]
      New connections: { $flatten\complex.\imem.$0$memwr$\rom_even$rtl/imemory.v:162$1740_EN[31:0]$1775 [31:25] $flatten\complex.\imem.$0$memwr$\rom_even$rtl/imemory.v:162$1740_EN[31:0]$1775 [23:0] } = { $flatten\complex.\imem.$0$memwr$\rom_even$rtl/imemory.v:162$1740_EN[31:0]$1775 [24] $flatten\complex.\imem.$0$memwr$\rom_even$rtl/imemory.v:162$1740_EN[31:0]$1775 [24] $flatten\complex.\imem.$0$memwr$\rom_even$rtl/imemory.v:162$1740_EN[31:0]$1775 [24] $flatten\complex.\imem.$0$memwr$\rom_even$rtl/imemory.v:162$1740_EN[31:0]$1775 [24] $flatten\complex.\imem.$0$memwr$\rom_even$rtl/imemory.v:162$1740_EN[31:0]$1775 [24] $flatten\complex.\imem.$0$memwr$\rom_even$rtl/imemory.v:162$1740_EN[31:0]$1775 [24] $flatten\complex.\imem.$0$memwr$\rom_even$rtl/imemory.v:162$1740_EN[31:0]$1775 [24] 24'000000000000000000000000 }
    Consolidated identical input bits for $mux cell $flatten\complex.\dmem.$procmux$2533:
      Old ports: A=0, B=$flatten\complex.\dmem.$2$memwr$\ram$rtl/memory.v:120$1543_EN[31:0]$1578, Y=$flatten\complex.\dmem.$0$memwr$\ram$rtl/memory.v:120$1543_EN[31:0]$1552
      New ports: A=1'0, B=$flatten\complex.\dmem.$procmux$2489_Y [0], Y=$flatten\complex.\dmem.$0$memwr$\ram$rtl/memory.v:120$1543_EN[31:0]$1552 [0]
      New connections: $flatten\complex.\dmem.$0$memwr$\ram$rtl/memory.v:120$1543_EN[31:0]$1552 [31:1] = { 24'000000000000000000000000 $flatten\complex.\dmem.$0$memwr$\ram$rtl/memory.v:120$1543_EN[31:0]$1552 [0] $flatten\complex.\dmem.$0$memwr$\ram$rtl/memory.v:120$1543_EN[31:0]$1552 [0] $flatten\complex.\dmem.$0$memwr$\ram$rtl/memory.v:120$1543_EN[31:0]$1552 [0] $flatten\complex.\dmem.$0$memwr$\ram$rtl/memory.v:120$1543_EN[31:0]$1552 [0] $flatten\complex.\dmem.$0$memwr$\ram$rtl/memory.v:120$1543_EN[31:0]$1552 [0] $flatten\complex.\dmem.$0$memwr$\ram$rtl/memory.v:120$1543_EN[31:0]$1552 [0] $flatten\complex.\dmem.$0$memwr$\ram$rtl/memory.v:120$1543_EN[31:0]$1552 [0] }
    Consolidated identical input bits for $mux cell $flatten\complex.\dmem.$procmux$2524:
      Old ports: A=0, B=$flatten\complex.\dmem.$2$memwr$\ram$rtl/memory.v:121$1544_EN[31:0]$1581, Y=$flatten\complex.\dmem.$0$memwr$\ram$rtl/memory.v:121$1544_EN[31:0]$1555
      New ports: A=1'0, B=$flatten\complex.\dmem.$procmux$2471_Y [8], Y=$flatten\complex.\dmem.$0$memwr$\ram$rtl/memory.v:121$1544_EN[31:0]$1555 [8]
      New connections: { $flatten\complex.\dmem.$0$memwr$\ram$rtl/memory.v:121$1544_EN[31:0]$1555 [31:9] $flatten\complex.\dmem.$0$memwr$\ram$rtl/memory.v:121$1544_EN[31:0]$1555 [7:0] } = { 16'0000000000000000 $flatten\complex.\dmem.$0$memwr$\ram$rtl/memory.v:121$1544_EN[31:0]$1555 [8] $flatten\complex.\dmem.$0$memwr$\ram$rtl/memory.v:121$1544_EN[31:0]$1555 [8] $flatten\complex.\dmem.$0$memwr$\ram$rtl/memory.v:121$1544_EN[31:0]$1555 [8] $flatten\complex.\dmem.$0$memwr$\ram$rtl/memory.v:121$1544_EN[31:0]$1555 [8] $flatten\complex.\dmem.$0$memwr$\ram$rtl/memory.v:121$1544_EN[31:0]$1555 [8] $flatten\complex.\dmem.$0$memwr$\ram$rtl/memory.v:121$1544_EN[31:0]$1555 [8] $flatten\complex.\dmem.$0$memwr$\ram$rtl/memory.v:121$1544_EN[31:0]$1555 [8] 8'00000000 }
    Consolidated identical input bits for $mux cell $flatten\complex.\dmem.$procmux$2515:
      Old ports: A=0, B=$flatten\complex.\dmem.$2$memwr$\ram$rtl/memory.v:122$1545_EN[31:0]$1584, Y=$flatten\complex.\dmem.$0$memwr$\ram$rtl/memory.v:122$1545_EN[31:0]$1558
      New ports: A=1'0, B=$flatten\complex.\dmem.$procmux$2453_Y [16], Y=$flatten\complex.\dmem.$0$memwr$\ram$rtl/memory.v:122$1545_EN[31:0]$1558 [16]
      New connections: { $flatten\complex.\dmem.$0$memwr$\ram$rtl/memory.v:122$1545_EN[31:0]$1558 [31:17] $flatten\complex.\dmem.$0$memwr$\ram$rtl/memory.v:122$1545_EN[31:0]$1558 [15:0] } = { 8'00000000 $flatten\complex.\dmem.$0$memwr$\ram$rtl/memory.v:122$1545_EN[31:0]$1558 [16] $flatten\complex.\dmem.$0$memwr$\ram$rtl/memory.v:122$1545_EN[31:0]$1558 [16] $flatten\complex.\dmem.$0$memwr$\ram$rtl/memory.v:122$1545_EN[31:0]$1558 [16] $flatten\complex.\dmem.$0$memwr$\ram$rtl/memory.v:122$1545_EN[31:0]$1558 [16] $flatten\complex.\dmem.$0$memwr$\ram$rtl/memory.v:122$1545_EN[31:0]$1558 [16] $flatten\complex.\dmem.$0$memwr$\ram$rtl/memory.v:122$1545_EN[31:0]$1558 [16] $flatten\complex.\dmem.$0$memwr$\ram$rtl/memory.v:122$1545_EN[31:0]$1558 [16] 16'0000000000000000 }
    Consolidated identical input bits for $mux cell $flatten\complex.\dmem.$procmux$2506:
      Old ports: A=0, B=$flatten\complex.\dmem.$2$memwr$\ram$rtl/memory.v:123$1546_EN[31:0]$1587, Y=$flatten\complex.\dmem.$0$memwr$\ram$rtl/memory.v:123$1546_EN[31:0]$1561
      New ports: A=1'0, B=$flatten\complex.\dmem.$procmux$2435_Y [24], Y=$flatten\complex.\dmem.$0$memwr$\ram$rtl/memory.v:123$1546_EN[31:0]$1561 [24]
      New connections: { $flatten\complex.\dmem.$0$memwr$\ram$rtl/memory.v:123$1546_EN[31:0]$1561 [31:25] $flatten\complex.\dmem.$0$memwr$\ram$rtl/memory.v:123$1546_EN[31:0]$1561 [23:0] } = { $flatten\complex.\dmem.$0$memwr$\ram$rtl/memory.v:123$1546_EN[31:0]$1561 [24] $flatten\complex.\dmem.$0$memwr$\ram$rtl/memory.v:123$1546_EN[31:0]$1561 [24] $flatten\complex.\dmem.$0$memwr$\ram$rtl/memory.v:123$1546_EN[31:0]$1561 [24] $flatten\complex.\dmem.$0$memwr$\ram$rtl/memory.v:123$1546_EN[31:0]$1561 [24] $flatten\complex.\dmem.$0$memwr$\ram$rtl/memory.v:123$1546_EN[31:0]$1561 [24] $flatten\complex.\dmem.$0$memwr$\ram$rtl/memory.v:123$1546_EN[31:0]$1561 [24] $flatten\complex.\dmem.$0$memwr$\ram$rtl/memory.v:123$1546_EN[31:0]$1561 [24] 24'000000000000000000000000 }
    Consolidated identical input bits for $mux cell $flatten\complex.\imem.$procmux$2258:
      Old ports: A=0, B=$flatten\complex.\imem.$2$memwr$\rom_even$rtl/imemory.v:159$1737_EN[31:0]$1807, Y=$flatten\complex.\imem.$0$memwr$\rom_even$rtl/imemory.v:159$1737_EN[31:0]$1766
      New ports: A=1'0, B=$flatten\complex.\imem.$procmux$2214_Y [0], Y=$flatten\complex.\imem.$0$memwr$\rom_even$rtl/imemory.v:159$1737_EN[31:0]$1766 [0]
      New connections: $flatten\complex.\imem.$0$memwr$\rom_even$rtl/imemory.v:159$1737_EN[31:0]$1766 [31:1] = { 24'000000000000000000000000 $flatten\complex.\imem.$0$memwr$\rom_even$rtl/imemory.v:159$1737_EN[31:0]$1766 [0] $flatten\complex.\imem.$0$memwr$\rom_even$rtl/imemory.v:159$1737_EN[31:0]$1766 [0] $flatten\complex.\imem.$0$memwr$\rom_even$rtl/imemory.v:159$1737_EN[31:0]$1766 [0] $flatten\complex.\imem.$0$memwr$\rom_even$rtl/imemory.v:159$1737_EN[31:0]$1766 [0] $flatten\complex.\imem.$0$memwr$\rom_even$rtl/imemory.v:159$1737_EN[31:0]$1766 [0] $flatten\complex.\imem.$0$memwr$\rom_even$rtl/imemory.v:159$1737_EN[31:0]$1766 [0] $flatten\complex.\imem.$0$memwr$\rom_even$rtl/imemory.v:159$1737_EN[31:0]$1766 [0] }
    Consolidated identical input bits for $mux cell $flatten\complex.\imem.$procmux$2249:
      Old ports: A=0, B=$flatten\complex.\imem.$2$memwr$\rom_even$rtl/imemory.v:160$1738_EN[31:0]$1810, Y=$flatten\complex.\imem.$0$memwr$\rom_even$rtl/imemory.v:160$1738_EN[31:0]$1769
      New ports: A=1'0, B=$flatten\complex.\imem.$procmux$2196_Y [8], Y=$flatten\complex.\imem.$0$memwr$\rom_even$rtl/imemory.v:160$1738_EN[31:0]$1769 [8]
      New connections: { $flatten\complex.\imem.$0$memwr$\rom_even$rtl/imemory.v:160$1738_EN[31:0]$1769 [31:9] $flatten\complex.\imem.$0$memwr$\rom_even$rtl/imemory.v:160$1738_EN[31:0]$1769 [7:0] } = { 16'0000000000000000 $flatten\complex.\imem.$0$memwr$\rom_even$rtl/imemory.v:160$1738_EN[31:0]$1769 [8] $flatten\complex.\imem.$0$memwr$\rom_even$rtl/imemory.v:160$1738_EN[31:0]$1769 [8] $flatten\complex.\imem.$0$memwr$\rom_even$rtl/imemory.v:160$1738_EN[31:0]$1769 [8] $flatten\complex.\imem.$0$memwr$\rom_even$rtl/imemory.v:160$1738_EN[31:0]$1769 [8] $flatten\complex.\imem.$0$memwr$\rom_even$rtl/imemory.v:160$1738_EN[31:0]$1769 [8] $flatten\complex.\imem.$0$memwr$\rom_even$rtl/imemory.v:160$1738_EN[31:0]$1769 [8] $flatten\complex.\imem.$0$memwr$\rom_even$rtl/imemory.v:160$1738_EN[31:0]$1769 [8] 8'00000000 }
  Optimizing cells in module \littledualsoc.
Performed a total of 50 changes.

17.12.5. Executing OPT_MERGE pass (detect identical cells).
Finding identical cells in module `\littledualsoc'.
Computing hashes of 2986 cells of `\littledualsoc'.
Finding duplicate cells in `\littledualsoc'.
Computing hashes of 2957 cells of `\littledualsoc'.
Finding duplicate cells in `\littledualsoc'.
Computing hashes of 2902 cells of `\littledualsoc'.
Finding duplicate cells in `\littledualsoc'.
Computing hashes of 2867 cells of `\littledualsoc'.
Finding duplicate cells in `\littledualsoc'.
Computing hashes of 2837 cells of `\littledualsoc'.
Finding duplicate cells in `\littledualsoc'.
Computing hashes of 2831 cells of `\littledualsoc'.
Finding duplicate cells in `\littledualsoc'.
Computing hashes of 2827 cells of `\littledualsoc'.
Finding duplicate cells in `\littledualsoc'.
<suppressed ~477 debug messages>
Removed a total of 159 cells.

17.12.6. Executing OPT_DFF pass (perform DFF optimizations).

17.12.7. Executing OPT_CLEAN pass (remove unused cells and wires).
Finding unused cells or wires in module \littledualsoc..
Removed 4 unused cells and 703 unused wires.
<suppressed ~5 debug messages>

17.12.8. Executing OPT_EXPR pass (perform const folding).
Optimizing module littledualsoc.

17.12.9. Rerunning OPT passes. (Maybe there is more to do..)

17.12.10. Executing OPT_MUXTREE pass (detect dead branches in mux trees).
Running muxtree optimizer on module \littledualsoc..
  Creating internal representation of mux trees.
  Evaluating internal representation of mux trees.
  Analyzing evaluation results.
Removed 0 multiplexer ports.
<suppressed ~1994 debug messages>

17.12.11. Executing OPT_REDUCE pass (consolidate $*mux and $reduce_* inputs).
  Optimizing cells in module \littledualsoc.
Performed a total of 0 changes.

17.12.12. Executing OPT_MERGE pass (detect identical cells).
Finding identical cells in module `\littledualsoc'.
Computing hashes of 2823 cells of `\littledualsoc'.
Finding duplicate cells in `\littledualsoc'.
Removed a total of 0 cells.

17.12.13. Executing OPT_DFF pass (perform DFF optimizations).

17.12.14. Executing OPT_CLEAN pass (remove unused cells and wires).
Finding unused cells or wires in module \littledualsoc..

17.12.15. Executing OPT_EXPR pass (perform const folding).
Optimizing module littledualsoc.

17.12.16. Finished fast OPT passes. (There is nothing left to do.)

17.13. Executing FSM pass (extract and optimize FSM).

17.13.1. Executing FSM_DETECT pass (finding FSMs in design).
Not marking littledualsoc.complex.l_hart[1].core.executor.state as FSM state register:
    Users of register don't seem to benefit from recoding.
Not marking littledualsoc.complex.l_hart[0].core.executor.state as FSM state register:
    Users of register don't seem to benefit from recoding.

17.13.2. Executing FSM_EXTRACT pass (extracting FSM from design).

17.13.3. Executing FSM_OPT pass (simple optimizations of FSMs).

17.13.4. Executing OPT_CLEAN pass (remove unused cells and wires).
Finding unused cells or wires in module \littledualsoc..

17.13.5. Executing FSM_OPT pass (simple optimizations of FSMs).

17.13.6. Executing FSM_RECODE pass (re-assigning FSM state encoding).

17.13.7. Executing FSM_INFO pass (dumping all available information on FSM cells).

17.13.8. Executing FSM_MAP pass (mapping FSMs to basic logic).

17.14. Executing OPT pass (performing simple optimizations).

17.14.1. Executing OPT_EXPR pass (perform const folding).
Optimizing module littledualsoc.

17.14.2. Executing OPT_MERGE pass (detect identical cells).
Finding identical cells in module `\littledualsoc'.
Computing hashes of 2823 cells of `\littledualsoc'.
Finding duplicate cells in `\littledualsoc'.
Removed a total of 0 cells.

17.14.3. Executing OPT_MUXTREE pass (detect dead branches in mux trees).
Running muxtree optimizer on module \littledualsoc..
  Creating internal representation of mux trees.
  Evaluating internal representation of mux trees.
  Analyzing evaluation results.
Removed 0 multiplexer ports.
<suppressed ~1994 debug messages>

17.14.4. Executing OPT_REDUCE pass (consolidate $*mux and $reduce_* inputs).
  Optimizing cells in module \littledualsoc.
Performed a total of 0 changes.

17.14.5. Executing OPT_MERGE pass (detect identical cells).
Finding identical cells in module `\littledualsoc'.
Computing hashes of 2823 cells of `\littledualsoc'.
Finding duplicate cells in `\littledualsoc'.
Removed a total of 0 cells.

17.14.6. Executing OPT_DFF pass (perform DFF optimizations).
Adding SRST signal on $procdff$3751 ($dff) from module littledualsoc (D = $procmux$2039_Y, Q = \trap_seen, rval = 1'0).
Adding EN signal on $auto$ff.cc:337:slice$3955 ($sdff) from module littledualsoc (D = 1'1, Q = \trap_seen).
Adding EN signal on $procdff$3753 ($dff) from module littledualsoc (D = $add$rtl/littledualsoc.v:37$1238_Y, Q = \por_count).
Adding SRST signal on $procdff$3754 ($dff) from module littledualsoc (D = $procmux$2044_Y, Q = \por_done, rval = 1'1).
Adding SRST signal on $flatten\complex.\l_hart[0].core.\accessor.$procdff$3869 ($dff) from module littledualsoc (D = $flatten\complex.\l_hart[0].core.\accessor.$logic_and$rtl/accessor.v:382$81_Y, Q = \complex.l_hart[0].core.accessor.take_amo_max, rval = 1'0).
Adding SRST signal on $flatten\complex.\l_hart[0].core.\accessor.$procdff$3870 ($dff) from module littledualsoc (D = $flatten\complex.\l_hart[0].core.\accessor.$logic_and$rtl/accessor.v:383$82_Y, Q = \complex.l_hart[0].core.accessor.take_amo_minu, rval = 1'0).
Adding SRST signal on $flatten\complex.\l_hart[0].core.\accessor.$procdff$3871 ($dff) from module littledualsoc (D = $flatten\complex.\l_hart[0].core.\accessor.$logic_and$rtl/accessor.v:384$83_Y, Q = \complex.l_hart[0].core.accessor.take_amo_maxu, rval = 1'0).
Adding SRST signal on $flatten\complex.\l_hart[0].core.\accessor.$procdff$3872 ($dff) from module littledualsoc (D = $flatten\complex.\l_hart[0].core.\accessor.$procmux$3737_Y, Q = \complex.l_hart[0].core.accessor.rsrv_word, rval = 30'000000000000000000000000000000).
Adding EN signal on $auto$ff.cc:337:slice$3962 ($sdff) from module littledualsoc (D = \complex.l_hart[0].core.decoder.out [70:41], Q = \complex.l_hart[0].core.accessor.rsrv_word).
Adding SRST signal on $flatten\complex.\l_hart[0].core.\accessor.$procdff$3873 ($dff) from module littledualsoc (D = $flatten\complex.\l_hart[0].core.\accessor.$procmux$3723_Y, Q = \complex.l_hart[0].core.accessor.rsrv_held, rval = 1'0).
Adding EN signal on $auto$ff.cc:337:slice$3968 ($sdff) from module littledualsoc (D = $flatten\complex.\l_hart[0].core.\accessor.$procmux$3721_Y, Q = \complex.l_hart[0].core.accessor.rsrv_held).
Adding SRST signal on $flatten\complex.\l_hart[0].core.\accessor.$procdff$3853 ($dff) from module littledualsoc (D = $flatten\complex.\l_hart[0].core.\accessor.$logic_and$rtl/accessor.v:363$68_Y, Q = \complex.l_hart[0].core.accessor.take_is_lh, rval = 1'0).
Adding SRST signal on $flatten\complex.\l_hart[0].core.\accessor.$procdff$3854 ($dff) from module littledualsoc (D = $flatten\complex.\l_hart[0].core.\accessor.$logic_and$rtl/accessor.v:364$69_Y, Q = \complex.l_hart[0].core.accessor.take_is_lhu, rval = 1'0).
Adding SRST signal on $flatten\complex.\l_hart[0].core.\accessor.$procdff$3855 ($dff) from module littledualsoc (D = $flatten\complex.\l_hart[0].core.\accessor.$logic_and$rtl/accessor.v:365$70_Y, Q = \complex.l_hart[0].core.accessor.take_is_lw, rval = 1'0).
Adding SRST signal on $flatten\complex.\l_hart[0].core.\accessor.$procdff$3856 ($dff) from module littledualsoc (D = \complex.l_hart[0].core.decoder.out [40:39], Q = \complex.l_hart[0].core.accessor.take_lane, rval = 2'00).
Adding SRST signal on $flatten\complex.\l_hart[0].core.\accessor.$procdff$3857 ($dff) from module littledualsoc (D = $flatten\complex.\l_hart[0].core.\accessor.$logic_and$rtl/accessor.v:367$71_Y, Q = \complex.l_hart[0].core.accessor.take_is_lr, rval = 1'0).
Adding SRST signal on $flatten\complex.\l_hart[0].core.\accessor.$procdff$3858 ($dff) from module littledualsoc (D = \complex.l_hart[0].core.accessor.mem_lock, Q = \complex.l_hart[0].core.accessor.take_amo, rval = 1'0).
Adding SRST signal on $flatten\complex.\l_hart[0].core.\accessor.$procdff$3859 ($dff) from module littledualsoc (D = $flatten\complex.\l_hart[0].core.\accessor.$logic_and$rtl/accessor.v:371$72_Y, Q = \complex.l_hart[0].core.accessor.take_is_sc, rval = 1'0).
Adding SRST signal on $flatten\complex.\l_hart[0].core.\accessor.$procdff$3860 ($dff) from module littledualsoc (D = $flatten\complex.\l_hart[0].core.\accessor.$logic_not$rtl/accessor.v:372$73_Y, Q = \complex.l_hart[0].core.accessor.take_sc_failed, rval = 1'0).
Adding SRST signal on $flatten\complex.\l_hart[0].core.\accessor.$procdff$3861 ($dff) from module littledualsoc (D = \complex.l_hart[0].core.decoder.out [70:41], Q = \complex.l_hart[0].core.accessor.take_amo_addr [31:2], rval = 30'000000000000000000000000000000).
Adding SRST signal on $flatten\complex.\l_hart[0].core.\accessor.$procdff$3862 ($dff) from module littledualsoc (D = \complex.l_hart[0].core.decoder.out [102:71], Q = \complex.l_hart[0].core.accessor.take_amo_arg, rval = 0).
Adding SRST signal on $flatten\complex.\l_hart[0].core.\accessor.$procdff$3863 ($dff) from module littledualsoc (D = $flatten\complex.\l_hart[0].core.\accessor.$logic_and$rtl/accessor.v:376$75_Y, Q = \complex.l_hart[0].core.accessor.take_amo_swap, rval = 1'0).
Adding SRST signal on $flatten\complex.\l_hart[0].core.\accessor.$procdff$3864 ($dff) from module littledualsoc (D = $flatten\complex.\l_hart[0].core.\accessor.$logic_and$rtl/accessor.v:377$76_Y, Q = \complex.l_hart[0].core.accessor.take_amo_add, rval = 1'0).
Adding SRST signal on $flatten\complex.\l_hart[0].core.\accessor.$procdff$3865 ($dff) from module littledualsoc (D = $flatten\complex.\l_hart[0].core.\accessor.$logic_and$rtl/accessor.v:378$77_Y, Q = \complex.l_hart[0].core.accessor.take_amo_xor, rval = 1'0).
Adding SRST signal on $flatten\complex.\l_hart[0].core.\accessor.$procdff$3866 ($dff) from module littledualsoc (D = $flatten\complex.\l_hart[0].core.\accessor.$logic_and$rtl/accessor.v:379$78_Y, Q = \complex.l_hart[0].core.accessor.take_amo_and, rval = 1'0).
Adding SRST signal on $flatten\complex.\l_hart[0].core.\accessor.$procdff$3867 ($dff) from module littledualsoc (D = $flatten\complex.\l_hart[0].core.\accessor.$logic_and$rtl/accessor.v:380$79_Y, Q = \complex.l_hart[0].core.accessor.take_amo_or, rval = 1'0).
Adding SRST signal on $flatten\complex.\l_hart[0].core.\accessor.$procdff$3868 ($dff) from module littledualsoc (D = $flatten\complex.\l_hart[0].core.\accessor.$logic_and$rtl/accessor.v:381$80_Y, Q = \complex.l_hart[0].core.accessor.take_amo_min, rval = 1'0).
Adding SRST signal on $flatten\complex.\l_hart[1].core.\decoder.$procdff$3848 ($dff) from module littledualsoc (D = \complex.l_hart[1].core.regfile.rs2, Q = \complex.l_hart[1].core.decoder.prev_rs2, rval = 5'00000).
Adding SRST signal on $flatten\complex.\l_hart[1].core.\decoder.$procdff$3847 ($dff) from module littledualsoc (D = \complex.l_hart[1].core.regfile.rs1, Q = \complex.l_hart[1].core.decoder.prev_rs1, rval = 5'00000).
Adding SRST signal on $flatten\complex.\l_hart[1].core.\decoder.$procdff$3846 ($dff) from module littledualsoc (D = $flatten\complex.\l_hart[1].core.\decoder.$procmux$3473_Y [1:0], Q = \complex.l_hart[1].core.decoder.pc [1:0], rval = 2'00).
Adding EN signal on $auto$ff.cc:337:slice$3995 ($sdff) from module littledualsoc (D = $flatten\complex.\l_hart[1].core.\decoder.$procmux$3471_Y [1:0], Q = \complex.l_hart[1].core.decoder.pc [1:0]).
Adding SRST signal on $flatten\complex.\l_hart[1].core.\decoder.$procdff$3845 ($dff) from module littledualsoc (D = { $flatten\complex.\l_hart[1].core.\decoder.$procmux$3459_Y $flatten\complex.\l_hart[1].core.\decoder.$procmux$3450_Y $flatten\complex.\l_hart[1].core.\decoder.$procmux$3413_Y $flatten\complex.\l_hart[1].core.\decoder.$procmux$3428_Y $flatten\complex.\l_hart[1].core.\decoder.$procmux$3437_Y $flatten\complex.\l_hart[1].core.\decoder.$procmux$3398_Y $flatten\complex.\l_hart[1].core.\decoder.$procmux$3389_Y $flatten\complex.\l_hart[1].core.\decoder.$procmux$3372_Y $flatten\complex.\l_hart[1].core.\decoder.$procmux$3361_Y $flatten\complex.\l_hart[1].core.\decoder.$procmux$3350_Y $flatten\complex.\l_hart[1].core.\decoder.$procmux$3339_Y $flatten\complex.\l_hart[1].core.\decoder.$procmux$3328_Y $flatten\complex.\l_hart[1].core.\decoder.$procmux$3317_Y $flatten\complex.\l_hart[1].core.\decoder.$procmux$3306_Y $flatten\complex.\l_hart[1].core.\decoder.$procmux$3295_Y $flatten\complex.\l_hart[1].core.\decoder.$procmux$3284_Y $flatten\complex.\l_hart[1].core.\decoder.$procmux$3273_Y $flatten\complex.\l_hart[1].core.\decoder.$procmux$3262_Y $flatten\complex.\l_hart[1].core.\decoder.$procmux$3251_Y $flatten\complex.\l_hart[1].core.\decoder.$procmux$3240_Y $flatten\complex.\l_hart[1].core.\decoder.$procmux$3229_Y $flatten\complex.\l_hart[1].core.\decoder.$procmux$3218_Y $flatten\complex.\l_hart[1].core.\decoder.$procmux$3207_Y $flatten\complex.\l_hart[1].core.\decoder.$procmux$3196_Y $flatten\complex.\l_hart[1].core.\decoder.$procmux$3185_Y $flatten\complex.\l_hart[1].core.\decoder.$procmux$3174_Y $flatten\complex.\l_hart[1].core.\decoder.$procmux$3163_Y $flatten\complex.\l_hart[1].core.\decoder.$procmux$3152_Y $flatten\complex.\l_hart[1].core.\decoder.$procmux$3141_Y $flatten\complex.\l_hart[1].core.\decoder.$procmux$3130_Y $flatten\complex.\l_hart[1].core.\decoder.$procmux$3119_Y $flatten\complex.\l_hart[1].core.\decoder.$procmux$3108_Y $flatten\complex.\l_hart[1].core.\decoder.$procmux$3097_Y $flatten\complex.\l_hart[1].core.\decoder.$procmux$3086_Y $flatten\complex.\l_hart[1].core.\decoder.$procmux$3075_Y $flatten\complex.\l_hart[1].core.\decoder.$procmux$3064_Y $flatten\complex.\l_hart[1].core.\decoder.$procmux$3053_Y $flatten\complex.\l_hart[1].core.\decoder.$procmux$3042_Y $flatten\complex.\l_hart[1].core.\decoder.$procmux$3031_Y $flatten\complex.\l_hart[1].core.\decoder.$procmux$3020_Y $flatten\complex.\l_hart[1].core.\decoder.$procmux$3009_Y $flatten\complex.\l_hart[1].core.\decoder.$procmux$2998_Y $flatten\complex.\l_hart[1].core.\decoder.$procmux$2976_Y $flatten\complex.\l_hart[1].core.\decoder.$procmux$2987_Y }, Q = \complex.l_hart[1].core.decoder.out, rval = 141'000000000000000000000000000000000000000000000000000000000000000000000000000000000000000000000000000000000000000000000000000000000000000000000).
Adding EN signal on $auto$ff.cc:337:slice$3998 ($sdff) from module littledualsoc (D = { $flatten\complex.\l_hart[1].core.\decoder.$procmux$3456_Y $flatten\complex.\l_hart[1].core.\decoder.$procmux$3447_Y $flatten\complex.\l_hart[1].core.\decoder.$procmux$3410_Y $flatten\complex.\l_hart[1].core.\decoder.$procmux$3425_Y $flatten\complex.\l_hart[1].core.\decoder.$procmux$3434_Y $flatten\complex.\l_hart[1].core.\decoder.$procmux$3395_Y $flatten\complex.\l_hart[1].core.\decoder.$procmux$3386_Y $flatten\complex.\l_hart[1].core.\decoder.$procmux$3369_Y $flatten\complex.\l_hart[1].core.\decoder.$procmux$3358_Y $flatten\complex.\l_hart[1].core.\decoder.$procmux$3347_Y $flatten\complex.\l_hart[1].core.\decoder.$procmux$3336_Y $flatten\complex.\l_hart[1].core.\decoder.$procmux$3325_Y $flatten\complex.\l_hart[1].core.\decoder.$procmux$3314_Y $flatten\complex.\l_hart[1].core.\decoder.$procmux$3303_Y $flatten\complex.\l_hart[1].core.\decoder.$procmux$3292_Y $flatten\complex.\l_hart[1].core.\decoder.$procmux$3281_Y $flatten\complex.\l_hart[1].core.\decoder.$procmux$3270_Y $flatten\complex.\l_hart[1].core.\decoder.$procmux$3259_Y $flatten\complex.\l_hart[1].core.\decoder.$procmux$3248_Y $flatten\complex.\l_hart[1].core.\decoder.$procmux$3237_Y $flatten\complex.\l_hart[1].core.\decoder.$procmux$3226_Y $flatten\complex.\l_hart[1].core.\decoder.$procmux$3215_Y $flatten\complex.\l_hart[1].core.\decoder.$procmux$3204_Y $flatten\complex.\l_hart[1].core.\decoder.$procmux$3193_Y $flatten\complex.\l_hart[1].core.\decoder.$procmux$3182_Y $flatten\complex.\l_hart[1].core.\decoder.$procmux$3171_Y $flatten\complex.\l_hart[1].core.\decoder.$procmux$3160_Y $flatten\complex.\l_hart[1].core.\decoder.$procmux$3149_Y $flatten\complex.\l_hart[1].core.\decoder.$procmux$3138_Y $flatten\complex.\l_hart[1].core.\decoder.$procmux$3127_Y $flatten\complex.\l_hart[1].core.\decoder.$procmux$3116_Y $flatten\complex.\l_hart[1].core.\decoder.$procmux$3105_Y $flatten\complex.\l_hart[1].core.\decoder.$procmux$3094_Y $flatten\complex.\l_hart[1].core.\decoder.$procmux$3083_Y $flatten\complex.\l_hart[1].core.\decoder.$procmux$3072_Y $flatten\complex.\l_hart[1].core.\decoder.$procmux$3061_Y $flatten\complex.\l_hart[1].core.\decoder.$procmux$3050_Y $flatten\complex.\l_hart[1].core.\decoder.$procmux$3039_Y $flatten\complex.\l_hart[1].core.\decoder.$procmux$3028_Y $flatten\complex.\l_hart[1].core.\decoder.$procmux$3017_Y $flatten\complex.\l_hart[1].core.\decoder.$procmux$3006_Y $flatten\complex.\l_hart[1].core.\decoder.$procmux$2995_Y $flatten\complex.\l_hart[1].core.\decoder.$procmux$2973_Y $flatten\complex.\l_hart[1].core.\decoder.$procmux$2984_Y }, Q = \complex.l_hart[1].core.decoder.out).
Adding SRST signal on $flatten\complex.\l_hart[1].core.\csrs.$procdff$3803 ($dff) from module littledualsoc (D = $flatten\complex.\l_hart[1].core.\csrs.$procmux$2281_Y, Q = \complex.l_hart[1].core.csrs.mie_mtie, rval = 1'0).
Adding EN signal on $auto$ff.cc:337:slice$4000 ($sdff) from module littledualsoc (D = \complex.l_hart[1].core.csrs.warl [7], Q = \complex.l_hart[1].core.csrs.mie_mtie).
Adding SRST signal on $flatten\complex.\l_hart[1].core.\csrs.$procdff$3802 ($dff) from module littledualsoc (D = $flatten\complex.\l_hart[1].core.\csrs.$procmux$2298_Y, Q = \complex.l_hart[1].core.csrs.mstatus_mpie, rval = 1'0).
Adding EN signal on $auto$ff.cc:337:slice$4004 ($sdff) from module littledualsoc (D = $flatten\complex.\l_hart[1].core.\csrs.$procmux$2298_Y, Q = \complex.l_hart[1].core.csrs.mstatus_mpie).
Adding SRST signal on $flatten\complex.\l_hart[1].core.\csrs.$procdff$3801 ($dff) from module littledualsoc (D = $flatten\complex.\l_hart[1].core.\csrs.$procmux$2312_Y, Q = \complex.l_hart[1].core.csrs.mstatus_mie, rval = 1'0).
Adding EN signal on $auto$ff.cc:337:slice$4012 ($sdff) from module littledualsoc (D = $flatten\complex.\l_hart[1].core.\csrs.$procmux$2312_Y, Q = \complex.l_hart[1].core.csrs.mstatus_mie).
Adding SRST signal on $flatten\complex.\l_hart[1].core.\csrs.$procdff$3800 ($dff) from module littledualsoc (D = $flatten\complex.\l_hart[1].core.\csrs.$procmux$2325_Y, Q = \complex.l_hart[1].core.csrs.mcause, rval = 0).
Adding EN signal on $auto$ff.cc:337:slice$4022 ($sdff) from module littledualsoc (D = $flatten\complex.\l_hart[1].core.\csrs.$procmux$2325_Y, Q = \complex.l_hart[1].core.csrs.mcause).
Adding SRST signal on $flatten\complex.\l_hart[1].core.\csrs.$procdff$3799 ($dff) from module littledualsoc (D = $flatten\complex.\l_hart[1].core.\csrs.$procmux$2336_Y [31:1], Q = \complex.l_hart[1].core.csrs.mepc [31:1], rval = 31'0000000000000000000000000000000).
Adding SRST signal on $flatten\complex.\l_hart[1].core.\csrs.$procdff$3799 ($dff) from module littledualsoc (D = $flatten\complex.\l_hart[1].core.\csrs.$procmux$2333_Y [0], Q = \complex.l_hart[1].core.csrs.mepc [0], rval = 1'0).
Adding EN signal on $auto$ff.cc:337:slice$4031 ($sdff) from module littledualsoc (D = \complex.l_hart[1].core.csrs.warl [0], Q = \complex.l_hart[1].core.csrs.mepc [0]).
Adding EN signal on $auto$ff.cc:337:slice$4030 ($sdff) from module littledualsoc (D = $flatten\complex.\l_hart[1].core.\csrs.$procmux$2336_Y [31:1], Q = \complex.l_hart[1].core.csrs.mepc [31:1]).
Adding SRST signal on $flatten\complex.\l_hart[1].core.\csrs.$procdff$3798 ($dff) from module littledualsoc (D = $flatten\complex.\l_hart[1].core.\csrs.$procmux$2346_Y, Q = \complex.l_hart[1].core.csrs.mtvec, rval = 0).
Adding EN signal on $auto$ff.cc:337:slice$4044 ($sdff) from module littledualsoc (D = \complex.l_hart[1].core.csrs.warl, Q = \complex.l_hart[1].core.csrs.mtvec).
Adding SRST signal on $flatten\complex.\l_hart[1].core.\csrs.$procdff$3797 ($dff) from module littledualsoc (D = $flatten\complex.\l_hart[1].core.\csrs.$procmux$2355_Y, Q = \complex.l_hart[1].core.csrs.mscratch, rval = 0).
Adding EN signal on $auto$ff.cc:337:slice$4048 ($sdff) from module littledualsoc (D = \complex.l_hart[1].core.csrs.warl, Q = \complex.l_hart[1].core.csrs.mscratch).
Adding SRST signal on $flatten\complex.\l_hart[1].core.\csrs.$procdff$3796 ($dff) from module littledualsoc (D = { \complex.l_hart[1].core.csrs.minstret_next_hi \complex.l_hart[1].core.csrs.minstret_next_lo }, Q = \complex.l_hart[1].core.csrs.minstret, rval = 64'0000000000000000000000000000000000000000000000000000000000000000).
Adding EN signal on $auto$ff.cc:337:slice$4052 ($sdff) from module littledualsoc (D = \complex.l_hart[1].core.csrs.minstret_next_hi, Q = \complex.l_hart[1].core.csrs.minstret [63:32]).
Adding EN signal on $auto$ff.cc:337:slice$4052 ($sdff) from module littledualsoc (D = \complex.l_hart[1].core.csrs.minstret_next_lo, Q = \complex.l_hart[1].core.csrs.minstret [31:0]).
Adding SRST signal on $flatten\complex.\l_hart[1].core.\csrs.$procdff$3795 ($dff) from module littledualsoc (D = { \complex.l_hart[1].core.csrs.mcycle_next_hi \complex.l_hart[1].core.csrs.mcycle_next_lo }, Q = \complex.l_hart[1].core.csrs.mcycle, rval = 64'0000000000000000000000000000000000000000000000000000000000000000).
Adding EN signal on $auto$ff.cc:337:slice$4059 ($sdff) from module littledualsoc (D = \complex.l_hart[1].core.csrs.mcycle_next_hi, Q = \complex.l_hart[1].core.csrs.mcycle [63:32]).
Adding EN signal on $auto$ff.cc:337:slice$4059 ($sdff) from module littledualsoc (D = \complex.l_hart[1].core.csrs.mcycle_next_lo, Q = \complex.l_hart[1].core.csrs.mcycle [31:0]).
Adding SRST signal on $flatten\complex.\mtimer.$procdff$3832 ($dff) from module littledualsoc (D = { $flatten\complex.\mtimer.$procmux$2613_Y $flatten\complex.\mtimer.$procmux$2620_Y $flatten\complex.\mtimer.$procmux$2627_Y $flatten\complex.\mtimer.$procmux$2634_Y $flatten\complex.\mtimer.$procmux$2641_Y $flatten\complex.\mtimer.$procmux$2648_Y $flatten\complex.\mtimer.$procmux$2655_Y $flatten\complex.\mtimer.$procmux$2662_Y }, Q = \complex.mtimer.mtimecmp, rval = 64'0000000000000000000000000000000000000000000000000000000000000000).
Adding EN signal on $auto$ff.cc:337:slice$4066 ($sdff) from module littledualsoc (D = \complex.dmem.mem_wdata [7:0], Q = \complex.mtimer.mtimecmp [7:0]).
Adding EN signal on $auto$ff.cc:337:slice$4066 ($sdff) from module littledualsoc (D = \complex.dmem.mem_wdata [15:8], Q = \complex.mtimer.mtimecmp [15:8]).
Adding EN signal on $auto$ff.cc:337:slice$4066 ($sdff) from module littledualsoc (D = \complex.dmem.mem_wdata [23:16], Q = \complex.mtimer.mtimecmp [23:16]).
Adding EN signal on $auto$ff.cc:337:slice$4066 ($sdff) from module littledualsoc (D = \complex.dmem.mem_wdata [31:24], Q = \complex.mtimer.mtimecmp [31:24]).
Adding EN signal on $auto$ff.cc:337:slice$4066 ($sdff) from module littledualsoc (D = \complex.dmem.mem_wdata [7:0], Q = \complex.mtimer.mtimecmp [39:32]).
Adding EN signal on $auto$ff.cc:337:slice$4066 ($sdff) from module littledualsoc (D = \complex.dmem.mem_wdata [15:8], Q = \complex.mtimer.mtimecmp [47:40]).
Adding EN signal on $auto$ff.cc:337:slice$4066 ($sdff) from module littledualsoc (D = \complex.dmem.mem_wdata [23:16], Q = \complex.mtimer.mtimecmp [55:48]).
Adding EN signal on $auto$ff.cc:337:slice$4066 ($sdff) from module littledualsoc (D = \complex.dmem.mem_wdata [31:24], Q = \complex.mtimer.mtimecmp [63:56]).
Adding SRST signal on $flatten\complex.\l_hart[1].core.\executor.$procdff$3833 ($dff) from module littledualsoc (D = { $flatten\complex.\l_hart[1].core.\executor.$procmux$2791_Y $flatten\complex.\l_hart[1].core.\executor.$procmux$2743_Y $flatten\complex.\l_hart[1].core.\executor.$procmux$2752_Y }, Q = \complex.l_hart[1].core.executor.out, rval = 38'00000000000000000000000000000000000000).
Adding EN signal on $auto$ff.cc:337:slice$4091 ($sdff) from module littledualsoc (D = \complex.l_hart[1].core.decoder.out [139:135], Q = \complex.l_hart[1].core.executor.out [36:32]).
Adding EN signal on $auto$ff.cc:337:slice$4091 ($sdff) from module littledualsoc (D = { $flatten\complex.\l_hart[1].core.\executor.$procmux$2791_Y $flatten\complex.\l_hart[1].core.\executor.$procmux$2752_Y }, Q = { \complex.l_hart[1].core.executor.out [37] \complex.l_hart[1].core.executor.out [31:0] }).
Adding SRST signal on $flatten\complex.\l_hart[1].core.\executor.$procdff$3834 ($dff) from module littledualsoc (D = $flatten\complex.\l_hart[1].core.\executor.$procmux$2943_Y, Q = \complex.l_hart[1].core.executor.state, rval = 2'00).
Adding EN signal on $auto$ff.cc:337:slice$4100 ($sdff) from module littledualsoc (D = $flatten\complex.\l_hart[1].core.\executor.$procmux$2943_Y, Q = \complex.l_hart[1].core.executor.state).
Adding SRST signal on $flatten\complex.\l_hart[1].core.\executor.$procdff$3835 ($dff) from module littledualsoc (D = $flatten\complex.\l_hart[1].core.\executor.$procmux$2923_Y, Q = \complex.l_hart[1].core.executor.mul_div_counter, rval = 7'0000000).
Adding EN signal on $auto$ff.cc:337:slice$4114 ($sdff) from module littledualsoc (D = $flatten\complex.\l_hart[1].core.\executor.$procmux$2923_Y, Q = \complex.l_hart[1].core.executor.mul_div_counter).
Adding SRST signal on $flatten\complex.\l_hart[1].core.\executor.$procdff$3836 ($dff) from module littledualsoc (D = $flatten\complex.\l_hart[1].core.\executor.$procmux$2903_Y, Q = \complex.l_hart[1].core.executor.div_rem, rval = 0).
Adding EN signal on $auto$ff.cc:337:slice$4128 ($sdff) from module littledualsoc (D = $flatten\complex.\l_hart[1].core.\executor.$procmux$2903_Y, Q = \complex.l_hart[1].core.executor.div_rem).
Adding SRST signal on $flatten\complex.\l_hart[1].core.\executor.$procdff$3837 ($dff) from module littledualsoc (D = $flatten\complex.\l_hart[1].core.\executor.$procmux$2883_Y, Q = \complex.l_hart[1].core.executor.div_quot, rval = 0).
Adding EN signal on $auto$ff.cc:337:slice$4142 ($sdff) from module littledualsoc (D = $flatten\complex.\l_hart[1].core.\executor.$procmux$2883_Y, Q = \complex.l_hart[1].core.executor.div_quot).
Adding SRST signal on $flatten\complex.\l_hart[1].core.\executor.$procdff$3838 ($dff) from module littledualsoc (D = $flatten\complex.\l_hart[1].core.\executor.$procmux$2874_Y, Q = \complex.l_hart[1].core.executor.div_divisor, rval = 0).
Adding EN signal on $auto$ff.cc:337:slice$4156 ($sdff) from module littledualsoc (D = \complex.l_hart[1].core.executor.div_y, Q = \complex.l_hart[1].core.executor.div_divisor).
Adding SRST signal on $flatten\complex.\l_hart[1].core.\executor.$procdff$3839 ($dff) from module littledualsoc (D = $flatten\complex.\l_hart[1].core.\executor.$procmux$2857_Y, Q = \complex.l_hart[1].core.executor.op_is_div, rval = 1'0).
Adding EN signal on $auto$ff.cc:337:slice$4164 ($sdff) from module littledualsoc (D = \complex.l_hart[1].core.decoder.out [28], Q = \complex.l_hart[1].core.executor.op_is_div).
Adding SRST signal on $flatten\complex.\l_hart[1].core.\executor.$procdff$3840 ($dff) from module littledualsoc (D = $flatten\complex.\l_hart[1].core.\executor.$procmux$2846_Y, Q = \complex.l_hart[1].core.executor.op_is_divu, rval = 1'0).
Adding EN signal on $auto$ff.cc:337:slice$4168 ($sdff) from module littledualsoc (D = \complex.l_hart[1].core.decoder.out [27], Q = \complex.l_hart[1].core.executor.op_is_divu).
Adding SRST signal on $flatten\complex.\l_hart[1].core.\executor.$procdff$3841 ($dff) from module littledualsoc (D = $flatten\complex.\l_hart[1].core.\executor.$procmux$2835_Y, Q = \complex.l_hart[1].core.executor.op_is_rem, rval = 1'0).
Adding EN signal on $auto$ff.cc:337:slice$4172 ($sdff) from module littledualsoc (D = \complex.l_hart[1].core.decoder.out [26], Q = \complex.l_hart[1].core.executor.op_is_rem).
Adding SRST signal on $flatten\complex.\l_hart[1].core.\executor.$procdff$3843 ($dff) from module littledualsoc (D = $flatten\complex.\l_hart[1].core.\executor.$procmux$2813_Y, Q = \complex.l_hart[1].core.executor.op_sign_x, rval = 1'0).
Adding EN signal on $auto$ff.cc:337:slice$4176 ($sdff) from module littledualsoc (D = \complex.l_hart[1].core.decoder.out [134], Q = \complex.l_hart[1].core.executor.op_sign_x).
Adding SRST signal on $flatten\complex.\l_hart[1].core.\executor.$procdff$3844 ($dff) from module littledualsoc (D = $flatten\complex.\l_hart[1].core.\executor.$procmux$2965_Y, Q = \complex.l_hart[1].core.executor.op_sign_y, rval = 1'0).
Adding EN signal on $auto$ff.cc:337:slice$4180 ($sdff) from module littledualsoc (D = \complex.l_hart[1].core.decoder.out [102], Q = \complex.l_hart[1].core.executor.op_sign_y).
Adding SRST signal on $flatten\complex.\l_hart[1].core.\accessor.$procdff$3852 ($dff) from module littledualsoc (D = $flatten\complex.\l_hart[1].core.\accessor.$logic_and$rtl/accessor.v:362$67_Y, Q = \complex.l_hart[1].core.accessor.take_is_lbu, rval = 1'0).
Adding SRST signal on $flatten\complex.\l_hart[1].core.\accessor.$procdff$3851 ($dff) from module littledualsoc (D = $flatten\complex.\l_hart[1].core.\accessor.$logic_and$rtl/accessor.v:361$66_Y, Q = \complex.l_hart[1].core.accessor.take_is_lb, rval = 1'0).
Adding SRST signal on $flatten\complex.\l_hart[1].core.\accessor.$procdff$3850 ($dff) from module littledualsoc (D = { \complex.l_hart[1].core.executor.out [36:32] $flatten\complex.\l_hart[1].core.\accessor.$ternary$rtl/accessor.v:403$88_Y [0] }, Q = { \complex.l_hart[1].core.accessor.out [36:32] \complex.l_hart[1].core.accessor.out [0] }, rval = 6'000000).
Adding SRST signal on $flatten\complex.\l_hart[1].core.\accessor.$procdff$3850 ($dff) from module littledualsoc (D = $flatten\complex.\l_hart[1].core.\accessor.$ternary$rtl/accessor.v:404$87_Y [31:1], Q = \complex.l_hart[1].core.accessor.out [31:1], rval = 31'0000000000000000000000000000000).
Adding SRST signal on $flatten\complex.\l_hart[1].core.\accessor.$procdff$3869 ($dff) from module littledualsoc (D = $flatten\complex.\l_hart[1].core.\accessor.$logic_and$rtl/accessor.v:382$81_Y, Q = \complex.l_hart[1].core.accessor.take_amo_max, rval = 1'0).
Adding SRST signal on $flatten\complex.\l_hart[1].core.\accessor.$procdff$3870 ($dff) from module littledualsoc (D = $flatten\complex.\l_hart[1].core.\accessor.$logic_and$rtl/accessor.v:383$82_Y, Q = \complex.l_hart[1].core.accessor.take_amo_minu, rval = 1'0).
Adding SRST signal on $flatten\complex.\l_hart[1].core.\accessor.$procdff$3871 ($dff) from module littledualsoc (D = $flatten\complex.\l_hart[1].core.\accessor.$logic_and$rtl/accessor.v:384$83_Y, Q = \complex.l_hart[1].core.accessor.take_amo_maxu, rval = 1'0).
Adding SRST signal on $flatten\complex.\l_hart[1].core.\accessor.$procdff$3872 ($dff) from module littledualsoc (D = $flatten\complex.\l_hart[1].core.\accessor.$procmux$3737_Y, Q = \complex.l_hart[1].core.accessor.rsrv_word, rval = 30'000000000000000000000000000000).
Adding EN signal on $auto$ff.cc:337:slice$4194 ($sdff) from module littledualsoc (D = \complex.l_hart[1].core.decoder.out [70:41], Q = \complex.l_hart[1].core.accessor.rsrv_word).
Adding SRST signal on $flatten\complex.\l_hart[1].core.\accessor.$procdff$3873 ($dff) from module littledualsoc (D = $flatten\complex.\l_hart[1].core.\accessor.$procmux$3723_Y, Q = \complex.l_hart[1].core.accessor.rsrv_held, rval = 1'0).
Adding EN signal on $auto$ff.cc:337:slice$4200 ($sdff) from module littledualsoc (D = $flatten\complex.\l_hart[1].core.\accessor.$procmux$3721_Y, Q = \complex.l_hart[1].core.accessor.rsrv_held).
Adding SRST signal on $flatten\complex.\l_hart[0].core.\executor.$procdff$3833 ($dff) from module littledualsoc (D = { $flatten\complex.\l_hart[0].core.\executor.$procmux$2791_Y $flatten\complex.\l_hart[0].core.\executor.$procmux$2743_Y $flatten\complex.\l_hart[0].core.\executor.$procmux$2752_Y }, Q = \complex.l_hart[0].core.executor.out, rval = 38'00000000000000000000000000000000000000).
Adding EN signal on $auto$ff.cc:337:slice$4208 ($sdff) from module littledualsoc (D = \complex.l_hart[0].core.decoder.out [139:135], Q = \complex.l_hart[0].core.executor.out [36:32]).
Adding EN signal on $auto$ff.cc:337:slice$4208 ($sdff) from module littledualsoc (D = { $flatten\complex.\l_hart[0].core.\executor.$procmux$2791_Y $flatten\complex.\l_hart[0].core.\executor.$procmux$2752_Y }, Q = { \complex.l_hart[0].core.executor.out [37] \complex.l_hart[0].core.executor.out [31:0] }).
Adding SRST signal on $flatten\complex.\l_hart[1].core.\accessor.$procdff$3853 ($dff) from module littledualsoc (D = $flatten\complex.\l_hart[1].core.\accessor.$logic_and$rtl/accessor.v:363$68_Y, Q = \complex.l_hart[1].core.accessor.take_is_lh, rval = 1'0).
Adding SRST signal on $flatten\complex.\l_hart[1].core.\accessor.$procdff$3854 ($dff) from module littledualsoc (D = $flatten\complex.\l_hart[1].core.\accessor.$logic_and$rtl/accessor.v:364$69_Y, Q = \complex.l_hart[1].core.accessor.take_is_lhu, rval = 1'0).
Adding SRST signal on $flatten\complex.\l_hart[0].core.\executor.$procdff$3834 ($dff) from module littledualsoc (D = $flatten\complex.\l_hart[0].core.\executor.$procmux$2943_Y, Q = \complex.l_hart[0].core.executor.state, rval = 2'00).
Adding EN signal on $auto$ff.cc:337:slice$4219 ($sdff) from module littledualsoc (D = $flatten\complex.\l_hart[0].core.\executor.$procmux$2943_Y, Q = \complex.l_hart[0].core.executor.state).
Adding SRST signal on $flatten\complex.\l_hart[1].core.\accessor.$procdff$3855 ($dff) from module littledualsoc (D = $flatten\complex.\l_hart[1].core.\accessor.$logic_and$rtl/accessor.v:365$70_Y, Q = \complex.l_hart[1].core.accessor.take_is_lw, rval = 1'0).
Adding SRST signal on $flatten\complex.\l_hart[1].core.\accessor.$procdff$3856 ($dff) from module littledualsoc (D = \complex.l_hart[1].core.decoder.out [40:39], Q = \complex.l_hart[1].core.accessor.take_lane, rval = 2'00).
Adding SRST signal on $flatten\complex.\arbiter.$procdff$3794 ($dff) from module littledualsoc (D = $flatten\complex.\arbiter.$ternary$rtl/busarbiter.v:45$1217_Y, Q = \complex.arbiter.grant, rval = 2'00).
Adding EN signal on $auto$ff.cc:337:slice$4235 ($sdff) from module littledualsoc (D = \complex.arbiter.winner, Q = \complex.arbiter.grant).
Adding SRST signal on $flatten\complex.\l_hart[1].core.\accessor.$procdff$3857 ($dff) from module littledualsoc (D = $flatten\complex.\l_hart[1].core.\accessor.$logic_and$rtl/accessor.v:367$71_Y, Q = \complex.l_hart[1].core.accessor.take_is_lr, rval = 1'0).
Adding SRST signal on $flatten\complex.\l_hart[1].core.\accessor.$procdff$3858 ($dff) from module littledualsoc (D = \complex.l_hart[1].core.accessor.mem_lock, Q = \complex.l_hart[1].core.accessor.take_amo, rval = 1'0).
Adding SRST signal on $flatten\complex.\l_hart[1].core.\accessor.$procdff$3859 ($dff) from module littledualsoc (D = $flatten\complex.\l_hart[1].core.\accessor.$logic_and$rtl/accessor.v:371$72_Y, Q = \complex.l_hart[1].core.accessor.take_is_sc, rval = 1'0).
Adding SRST signal on $flatten\complex.\l_hart[1].core.\accessor.$procdff$3860 ($dff) from module littledualsoc (D = $flatten\complex.\l_hart[1].core.\accessor.$logic_not$rtl/accessor.v:372$73_Y, Q = \complex.l_hart[1].core.accessor.take_sc_failed, rval = 1'0).
Adding SRST signal on $flatten\complex.\l_hart[0].core.\executor.$procdff$3835 ($dff) from module littledualsoc (D = $flatten\complex.\l_hart[0].core.\executor.$procmux$2923_Y, Q = \complex.l_hart[0].core.executor.mul_div_counter, rval = 7'0000000).
Adding EN signal on $auto$ff.cc:337:slice$4241 ($sdff) from module littledualsoc (D = $flatten\complex.\l_hart[0].core.\executor.$procmux$2923_Y, Q = \complex.l_hart[0].core.executor.mul_div_counter).
Adding SRST signal on $flatten\complex.\l_hart[0].core.\executor.$procdff$3836 ($dff) from module littledualsoc (D = $flatten\complex.\l_hart[0].core.\executor.$procmux$2903_Y, Q = \complex.l_hart[0].core.executor.div_rem, rval = 0).
Adding EN signal on $auto$ff.cc:337:slice$4255 ($sdff) from module littledualsoc (D = $flatten\complex.\l_hart[0].core.\executor.$procmux$2903_Y, Q = \complex.l_hart[0].core.executor.div_rem).
Adding SRST signal on $flatten\complex.\l_hart[0].core.\executor.$procdff$3837 ($dff) from module littledualsoc (D = $flatten\complex.\l_hart[0].core.\executor.$procmux$2883_Y, Q = \complex.l_hart[0].core.executor.div_quot, rval = 0).
Adding EN signal on $auto$ff.cc:337:slice$4269 ($sdff) from module littledualsoc (D = $flatten\complex.\l_hart[0].core.\executor.$procmux$2883_Y, Q = \complex.l_hart[0].core.executor.div_quot).
Adding SRST signal on $flatten\complex.\l_hart[1].core.\accessor.$procdff$3861 ($dff) from module littledualsoc (D = \complex.l_hart[1].core.decoder.out [70:41], Q = \complex.l_hart[1].core.accessor.take_amo_addr [31:2], rval = 30'000000000000000000000000000000).
Adding SRST signal on $flatten\complex.\l_hart[1].core.\accessor.$procdff$3862 ($dff) from module littledualsoc (D = \complex.l_hart[1].core.decoder.out [102:71], Q = \complex.l_hart[1].core.accessor.take_amo_arg, rval = 0).
Adding SRST signal on $flatten\complex.\l_hart[1].core.\accessor.$procdff$3863 ($dff) from module littledualsoc (D = $flatten\complex.\l_hart[1].core.\accessor.$logic_and$rtl/accessor.v:376$75_Y, Q = \complex.l_hart[1].core.accessor.take_amo_swap, rval = 1'0).
Adding SRST signal on $flatten\complex.\l_hart[1].core.\accessor.$procdff$3864 ($dff) from module littledualsoc (D = $flatten\complex.\l_hart[1].core.\accessor.$logic_and$rtl/accessor.v:377$76_Y, Q = \complex.l_hart[1].core.accessor.take_amo_add, rval = 1'0).
Adding SRST signal on $flatten\complex.\l_hart[0].core.\executor.$procdff$3838 ($dff) from module littledualsoc (D = $flatten\complex.\l_hart[0].core.\executor.$procmux$2874_Y, Q = \complex.l_hart[0].core.executor.div_divisor, rval = 0).
Adding EN signal on $auto$ff.cc:337:slice$4288 ($sdff) from module littledualsoc (D = \complex.l_hart[0].core.executor.div_y, Q = \complex.l_hart[0].core.executor.div_divisor).
Adding SRST signal on $flatten\complex.\l_hart[0].core.\executor.$procdff$3839 ($dff) from module littledualsoc (D = $flatten\complex.\l_hart[0].core.\executor.$procmux$2857_Y, Q = \complex.l_hart[0].core.executor.op_is_div, rval = 1'0).
Adding EN signal on $auto$ff.cc:337:slice$4296 ($sdff) from module littledualsoc (D = \complex.l_hart[0].core.decoder.out [28], Q = \complex.l_hart[0].core.executor.op_is_div).
Adding SRST signal on $flatten\complex.\l_hart[0].core.\executor.$procdff$3840 ($dff) from module littledualsoc (D = $flatten\complex.\l_hart[0].core.\executor.$procmux$2846_Y, Q = \complex.l_hart[0].core.executor.op_is_divu, rval = 1'0).
Adding EN signal on $auto$ff.cc:337:slice$4300 ($sdff) from module littledualsoc (D = \complex.l_hart[0].core.decoder.out [27], Q = \complex.l_hart[0].core.executor.op_is_divu).
Adding SRST signal on $flatten\complex.\l_hart[1].core.\accessor.$procdff$3865 ($dff) from module littledualsoc (D = $flatten\complex.\l_hart[1].core.\accessor.$logic_and$rtl/accessor.v:378$77_Y, Q = \complex.l_hart[1].core.accessor.take_amo_xor, rval = 1'0).
Adding SRST signal on $flatten\complex.\l_hart[1].core.\accessor.$procdff$3866 ($dff) from module littledualsoc (D = $flatten\complex.\l_hart[1].core.\accessor.$logic_and$rtl/accessor.v:379$78_Y, Q = \complex.l_hart[1].core.accessor.take_amo_and, rval = 1'0).
Adding SRST signal on $flatten\complex.\l_hart[1].core.\accessor.$procdff$3867 ($dff) from module littledualsoc (D = $flatten\complex.\l_hart[1].core.\accessor.$logic_and$rtl/accessor.v:380$79_Y, Q = \complex.l_hart[1].core.accessor.take_amo_or, rval = 1'0).
Adding SRST signal on $flatten\complex.\l_hart[1].core.\accessor.$procdff$3868 ($dff) from module littledualsoc (D = $flatten\complex.\l_hart[1].core.\accessor.$logic_and$rtl/accessor.v:381$80_Y, Q = \complex.l_hart[1].core.accessor.take_amo_min, rval = 1'0).
Adding SRST signal on $flatten\complex.\mtimer.$procdff$3827 ($dff) from module littledualsoc (D = $flatten\complex.\mtimer.$ge$rtl/timer.v:172$1541_Y, Q = \complex.mtimer.mtip [1], rval = 1'0).
Adding SRST signal on $flatten\complex.\mtimer.$procdff$3828 ($dff) from module littledualsoc (D = { $flatten\complex.\mtimer.$procmux$2554_Y $flatten\complex.\mtimer.$procmux$2561_Y $flatten\complex.\mtimer.$procmux$2568_Y $flatten\complex.\mtimer.$procmux$2575_Y $flatten\complex.\mtimer.$procmux$2582_Y $flatten\complex.\mtimer.$procmux$2589_Y $flatten\complex.\mtimer.$procmux$2596_Y $flatten\complex.\mtimer.$procmux$2603_Y }, Q = \complex.mtimer.l_harts.l_hart[1].cmp, rval = 64'0000000000000000000000000000000000000000000000000000000000000000).
Adding EN signal on $auto$ff.cc:337:slice$4309 ($sdff) from module littledualsoc (D = \complex.dmem.mem_wdata [7:0], Q = \complex.mtimer.l_harts.l_hart[1].cmp [7:0]).
Adding EN signal on $auto$ff.cc:337:slice$4309 ($sdff) from module littledualsoc (D = \complex.dmem.mem_wdata [15:8], Q = \complex.mtimer.l_harts.l_hart[1].cmp [15:8]).
Adding EN signal on $auto$ff.cc:337:slice$4309 ($sdff) from module littledualsoc (D = \complex.dmem.mem_wdata [23:16], Q = \complex.mtimer.l_harts.l_hart[1].cmp [23:16]).
Adding EN signal on $auto$ff.cc:337:slice$4309 ($sdff) from module littledualsoc (D = \complex.dmem.mem_wdata [31:24], Q = \complex.mtimer.l_harts.l_hart[1].cmp [31:24]).
Adding EN signal on $auto$ff.cc:337:slice$4309 ($sdff) from module littledualsoc (D = \complex.dmem.mem_wdata [7:0], Q = \complex.mtimer.l_harts.l_hart[1].cmp [39:32]).
Adding EN signal on $auto$ff.cc:337:slice$4309 ($sdff) from module littledualsoc (D = \complex.dmem.mem_wdata [15:8], Q = \complex.mtimer.l_harts.l_hart[1].cmp [47:40]).
Adding EN signal on $auto$ff.cc:337:slice$4309 ($sdff) from module littledualsoc (D = \complex.dmem.mem_wdata [23:16], Q = \complex.mtimer.l_harts.l_hart[1].cmp [55:48]).
Adding EN signal on $auto$ff.cc:337:slice$4309 ($sdff) from module littledualsoc (D = \complex.dmem.mem_wdata [31:24], Q = \complex.mtimer.l_harts.l_hart[1].cmp [63:56]).
Adding SRST signal on $flatten\complex.\mtimer.$procdff$3829 ($dff) from module littledualsoc (D = \complex.mtimer.read_word, Q = \complex.mtimer.mem_rdata, rval = 0).
Adding SRST signal on $flatten\complex.\mtimer.$procdff$3830 ($dff) from module littledualsoc (D = $flatten\complex.\mtimer.$ge$rtl/timer.v:238$1530_Y, Q = \complex.mtimer.mtip [0], rval = 1'0).
Adding SRST signal on $flatten\complex.\mtimer.$procdff$3831 ($dff) from module littledualsoc (D = { $flatten\complex.\mtimer.$procmux$2724_Y $flatten\complex.\mtimer.$procmux$2669_Y $flatten\complex.\mtimer.$procmux$2676_Y $flatten\complex.\mtimer.$procmux$2683_Y $flatten\complex.\mtimer.$procmux$2690_Y $flatten\complex.\mtimer.$procmux$2697_Y $flatten\complex.\mtimer.$procmux$2704_Y $flatten\complex.\mtimer.$procmux$2711_Y }, Q = \complex.mtimer.mtime, rval = 64'0000000000000000000000000000000000000000000000000000000000000000).
Adding SRST signal on $flatten\complex.\l_hart[0].core.\decoder.$procdff$3848 ($dff) from module littledualsoc (D = \complex.l_hart[0].core.regfile.rs2, Q = \complex.l_hart[0].core.decoder.prev_rs2, rval = 5'00000).
Adding SRST signal on $flatten\complex.\l_hart[0].core.\executor.$procdff$3841 ($dff) from module littledualsoc (D = $flatten\complex.\l_hart[0].core.\executor.$procmux$2835_Y, Q = \complex.l_hart[0].core.executor.op_is_rem, rval = 1'0).
Adding EN signal on $auto$ff.cc:337:slice$4342 ($sdff) from module littledualsoc (D = \complex.l_hart[0].core.decoder.out [26], Q = \complex.l_hart[0].core.executor.op_is_rem).
Adding SRST signal on $flatten\complex.\l_hart[0].core.\decoder.$procdff$3847 ($dff) from module littledualsoc (D = \complex.l_hart[0].core.regfile.rs1, Q = \complex.l_hart[0].core.decoder.prev_rs1, rval = 5'00000).
Adding SRST signal on $flatten\complex.\l_hart[0].core.\decoder.$procdff$3846 ($dff) from module littledualsoc (D = $flatten\complex.\l_hart[0].core.\decoder.$procmux$3473_Y [1:0], Q = \complex.l_hart[0].core.decoder.pc [1:0], rval = 2'00).
Adding EN signal on $auto$ff.cc:337:slice$4347 ($sdff) from module littledualsoc (D = $flatten\complex.\l_hart[0].core.\decoder.$procmux$3471_Y [1:0], Q = \complex.l_hart[0].core.decoder.pc [1:0]).
Adding SRST signal on $flatten\complex.\l_hart[0].core.\decoder.$procdff$3845 ($dff) from module littledualsoc (D = { $flatten\complex.\l_hart[0].core.\decoder.$procmux$3459_Y $flatten\complex.\l_hart[0].core.\decoder.$procmux$3450_Y $flatten\complex.\l_hart[0].core.\decoder.$procmux$3413_Y $flatten\complex.\l_hart[0].core.\decoder.$procmux$3428_Y $flatten\complex.\l_hart[0].core.\decoder.$procmux$3437_Y $flatten\complex.\l_hart[0].core.\decoder.$procmux$3398_Y $flatten\complex.\l_hart[0].core.\decoder.$procmux$3389_Y $flatten\complex.\l_hart[0].core.\decoder.$procmux$3372_Y $flatten\complex.\l_hart[0].core.\decoder.$procmux$3361_Y $flatten\complex.\l_hart[0].core.\decoder.$procmux$3350_Y $flatten\complex.\l_hart[0].core.\decoder.$procmux$3339_Y $flatten\complex.\l_hart[0].core.\decoder.$procmux$3328_Y $flatten\complex.\l_hart[0].core.\decoder.$procmux$3317_Y $flatten\complex.\l_hart[0].core.\decoder.$procmux$3306_Y $flatten\complex.\l_hart[0].core.\decoder.$procmux$3295_Y $flatten\complex.\l_hart[0].core.\decoder.$procmux$3284_Y $flatten\complex.\l_hart[0].core.\decoder.$procmux$3273_Y $flatten\complex.\l_hart[0].core.\decoder.$procmux$3262_Y $flatten\complex.\l_hart[0].core.\decoder.$procmux$3251_Y $flatten\complex.\l_hart[0].core.\decoder.$procmux$3240_Y $flatten\complex.\l_hart[0].core.\decoder.$procmux$3229_Y $flatten\complex.\l_hart[0].core.\decoder.$procmux$3218_Y $flatten\complex.\l_hart[0].core.\decoder.$procmux$3207_Y $flatten\complex.\l_hart[0].core.\decoder.$procmux$3196_Y $flatten\complex.\l_hart[0].core.\decoder.$procmux$3185_Y $flatten\complex.\l_hart[0].core.\decoder.$procmux$3174_Y $flatten\complex.\l_hart[0].core.\decoder.$procmux$3163_Y $flatten\complex.\l_hart[0].core.\decoder.$procmux$3152_Y $flatten\complex.\l_hart[0].core.\decoder.$procmux$3141_Y $flatten\complex.\l_hart[0].core.\decoder.$procmux$3130_Y $flatten\complex.\l_hart[0].core.\decoder.$procmux$3119_Y $flatten\complex.\l_hart[0].core.\decoder.$procmux$3108_Y $flatten\complex.\l_hart[0].core.\decoder.$procmux$3097_Y $flatten\complex.\l_hart[0].core.\decoder.$procmux$3086_Y $flatten\complex.\l_hart[0].core.\decoder.$procmux$3075_Y $flatten\complex.\l_hart[0].core.\decoder.$procmux$3064_Y $flatten\complex.\l_hart[0].core.\decoder.$procmux$3053_Y $flatten\complex.\l_hart[0].core.\decoder.$procmux$3042_Y $flatten\complex.\l_hart[0].core.\decoder.$procmux$3031_Y $flatten\complex.\l_hart[0].core.\decoder.$procmux$3020_Y $flatten\complex.\l_hart[0].core.\decoder.$procmux$3009_Y $flatten\complex.\l_hart[0].core.\decoder.$procmux$2998_Y $flatten\complex.\l_hart[0].core.\decoder.$procmux$2976_Y $flatten\complex.\l_hart[0].core.\decoder.$procmux$2987_Y }, Q = \complex.l_hart[0].core.decoder.out, rval = 141'000000000000000000000000000000000000000000000000000000000000000000000000000000000000000000000000000000000000000000000000000000000000000000000).
Adding EN signal on $auto$ff.cc:337:slice$4350 ($sdff) from module littledualsoc (D = { $flatten\complex.\l_hart[0].core.\decoder.$procmux$3456_Y $flatten\complex.\l_hart[0].core.\decoder.$procmux$3447_Y $flatten\complex.\l_hart[0].core.\decoder.$procmux$3410_Y $flatten\complex.\l_hart[0].core.\decoder.$procmux$3425_Y $flatten\complex.\l_hart[0].core.\decoder.$procmux$3434_Y $flatten\complex.\l_hart[0].core.\decoder.$procmux$3395_Y $flatten\complex.\l_hart[0].core.\decoder.$procmux$3386_Y $flatten\complex.\l_hart[0].core.\decoder.$procmux$3369_Y $flatten\complex.\l_hart[0].core.\decoder.$procmux$3358_Y $flatten\complex.\l_hart[0].core.\decoder.$procmux$3347_Y $flatten\complex.\l_hart[0].core.\decoder.$procmux$3336_Y $flatten\complex.\l_hart[0].core.\decoder.$procmux$3325_Y $flatten\complex.\l_hart[0].core.\decoder.$procmux$3314_Y $flatten\complex.\l_hart[0].core.\decoder.$procmux$3303_Y $flatten\complex.\l_hart[0].core.\decoder.$procmux$3292_Y $flatten\complex.\l_hart[0].core.\decoder.$procmux$3281_Y $flatten\complex.\l_hart[0].core.\decoder.$procmux$3270_Y $flatten\complex.\l_hart[0].core.\decoder.$procmux$3259_Y $flatten\complex.\l_hart[0].core.\decoder.$procmux$3248_Y $flatten\complex.\l_hart[0].core.\decoder.$procmux$3237_Y $flatten\complex.\l_hart[0].core.\decoder.$procmux$3226_Y $flatten\complex.\l_hart[0].core.\decoder.$procmux$3215_Y $flatten\complex.\l_hart[0].core.\decoder.$procmux$3204_Y $flatten\complex.\l_hart[0].core.\decoder.$procmux$3193_Y $flatten\complex.\l_hart[0].core.\decoder.$procmux$3182_Y $flatten\complex.\l_hart[0].core.\decoder.$procmux$3171_Y $flatten\complex.\l_hart[0].core.\decoder.$procmux$3160_Y $flatten\complex.\l_hart[0].core.\decoder.$procmux$3149_Y $flatten\complex.\l_hart[0].core.\decoder.$procmux$3138_Y $flatten\complex.\l_hart[0].core.\decoder.$procmux$3127_Y $flatten\complex.\l_hart[0].core.\decoder.$procmux$3116_Y $flatten\complex.\l_hart[0].core.\decoder.$procmux$3105_Y $flatten\complex.\l_hart[0].core.\decoder.$procmux$3094_Y $flatten\complex.\l_hart[0].core.\decoder.$procmux$3083_Y $flatten\complex.\l_hart[0].core.\decoder.$procmux$3072_Y $flatten\complex.\l_hart[0].core.\decoder.$procmux$3061_Y $flatten\complex.\l_hart[0].core.\decoder.$procmux$3050_Y $flatten\complex.\l_hart[0].core.\decoder.$procmux$3039_Y $flatten\complex.\l_hart[0].core.\decoder.$procmux$3028_Y $flatten\complex.\l_hart[0].core.\decoder.$procmux$3017_Y $flatten\complex.\l_hart[0].core.\decoder.$procmux$3006_Y $flatten\complex.\l_hart[0].core.\decoder.$procmux$2995_Y $flatten\complex.\l_hart[0].core.\decoder.$procmux$2973_Y $flatten\complex.\l_hart[0].core.\decoder.$procmux$2984_Y }, Q = \complex.l_hart[0].core.decoder.out).
Adding SRST signal on $flatten\complex.\l_hart[0].core.\executor.$procdff$3843 ($dff) from module littledualsoc (D = $flatten\complex.\l_hart[0].core.\executor.$procmux$2813_Y, Q = \complex.l_hart[0].core.executor.op_sign_x, rval = 1'0).
Adding EN signal on $auto$ff.cc:337:slice$4352 ($sdff) from module littledualsoc (D = \complex.l_hart[0].core.decoder.out [134], Q = \complex.l_hart[0].core.executor.op_sign_x).
Adding SRST signal on $flatten\complex.\l_hart[0].core.\accessor.$procdff$3852 ($dff) from module littledualsoc (D = $flatten\complex.\l_hart[0].core.\accessor.$logic_and$rtl/accessor.v:362$67_Y, Q = \complex.l_hart[0].core.accessor.take_is_lbu, rval = 1'0).
Adding SRST signal on $flatten\complex.\l_hart[0].core.\executor.$procdff$3844 ($dff) from module littledualsoc (D = $flatten\complex.\l_hart[0].core.\executor.$procmux$2965_Y, Q = \complex.l_hart[0].core.executor.op_sign_y, rval = 1'0).
Adding EN signal on $auto$ff.cc:337:slice$4357 ($sdff) from module littledualsoc (D = \complex.l_hart[0].core.decoder.out [102], Q = \complex.l_hart[0].core.executor.op_sign_y).
Adding SRST signal on $flatten\complex.\l_hart[0].core.\accessor.$procdff$3851 ($dff) from module littledualsoc (D = $flatten\complex.\l_hart[0].core.\accessor.$logic_and$rtl/accessor.v:361$66_Y, Q = \complex.l_hart[0].core.accessor.take_is_lb, rval = 1'0).
Adding SRST signal on $flatten\complex.\l_hart[0].core.\accessor.$procdff$3850 ($dff) from module littledualsoc (D = { \complex.l_hart[0].core.executor.out [36:32] $flatten\complex.\l_hart[0].core.\accessor.$ternary$rtl/accessor.v:403$88_Y [0] }, Q = { \complex.l_hart[0].core.accessor.out [36:32] \complex.l_hart[0].core.accessor.out [0] }, rval = 6'000000).
Adding SRST signal on $flatten\complex.\l_hart[0].core.\accessor.$procdff$3850 ($dff) from module littledualsoc (D = $flatten\complex.\l_hart[0].core.\accessor.$ternary$rtl/accessor.v:404$87_Y [31:1], Q = \complex.l_hart[0].core.accessor.out [31:1], rval = 31'0000000000000000000000000000000).
Adding EN signal on $flatten\complex.\dmem.$procdff$3814 ($dff) from module littledualsoc (D = $flatten\complex.\dmem.$ternary$rtl/memory.v:125$1591_Y, Q = \complex.dmem.mem_rdata).
Adding SRST signal on $auto$ff.cc:337:slice$4367 ($dffe) from module littledualsoc (D = $flatten\complex.\dmem.$memrd$\ram$rtl/memory.v:125$1590_DATA, Q = \complex.dmem.mem_rdata, rval = 0).
Adding SRST signal on $flatten\complex.\l_hart[0].core.\csrs.$procdff$3750 ($dff) from module littledualsoc (D = $flatten\complex.\l_hart[0].core.\csrs.$procmux$1917_Y, Q = \complex.l_hart[0].core.csrs.mie_mtie, rval = 1'0).
Adding EN signal on $auto$ff.cc:337:slice$4375 ($sdff) from module littledualsoc (D = \complex.l_hart[0].core.csrs.warl [7], Q = \complex.l_hart[0].core.csrs.mie_mtie).
Adding SRST signal on $flatten\complex.\l_hart[0].core.\csrs.$procdff$3749 ($dff) from module littledualsoc (D = $flatten\complex.\l_hart[0].core.\csrs.$procmux$1934_Y, Q = \complex.l_hart[0].core.csrs.mstatus_mpie, rval = 1'0).
Adding EN signal on $auto$ff.cc:337:slice$4379 ($sdff) from module littledualsoc (D = $flatten\complex.\l_hart[0].core.\csrs.$procmux$1934_Y, Q = \complex.l_hart[0].core.csrs.mstatus_mpie).
Adding SRST signal on $flatten\complex.\l_hart[0].core.\csrs.$procdff$3748 ($dff) from module littledualsoc (D = $flatten\complex.\l_hart[0].core.\csrs.$procmux$1948_Y, Q = \complex.l_hart[0].core.csrs.mstatus_mie, rval = 1'0).
Adding EN signal on $auto$ff.cc:337:slice$4387 ($sdff) from module littledualsoc (D = $flatten\complex.\l_hart[0].core.\csrs.$procmux$1948_Y, Q = \complex.l_hart[0].core.csrs.mstatus_mie).
Adding SRST signal on $flatten\complex.\l_hart[0].core.\csrs.$procdff$3747 ($dff) from module littledualsoc (D = $flatten\complex.\l_hart[0].core.\csrs.$procmux$1961_Y, Q = \complex.l_hart[0].core.csrs.mcause, rval = 0).
Adding EN signal on $auto$ff.cc:337:slice$4397 ($sdff) from module littledualsoc (D = $flatten\complex.\l_hart[0].core.\csrs.$procmux$1961_Y, Q = \complex.l_hart[0].core.csrs.mcause).
Adding SRST signal on $flatten\complex.\l_hart[0].core.\csrs.$procdff$3746 ($dff) from module littledualsoc (D = $flatten\complex.\l_hart[0].core.\csrs.$procmux$1972_Y [31:1], Q = \complex.l_hart[0].core.csrs.mepc [31:1], rval = 31'0000000000000000000000000000000).
Adding SRST signal on $flatten\complex.\l_hart[0].core.\csrs.$procdff$3746 ($dff) from module littledualsoc (D = $flatten\complex.\l_hart[0].core.\csrs.$procmux$1969_Y [0], Q = \complex.l_hart[0].core.csrs.mepc [0], rval = 1'0).
Adding EN signal on $auto$ff.cc:337:slice$4406 ($sdff) from module littledualsoc (D = \complex.l_hart[0].core.csrs.warl [0], Q = \complex.l_hart[0].core.csrs.mepc [0]).
Adding EN signal on $auto$ff.cc:337:slice$4405 ($sdff) from module littledualsoc (D = $flatten\complex.\l_hart[0].core.\csrs.$procmux$1972_Y [31:1], Q = \complex.l_hart[0].core.csrs.mepc [31:1]).
Adding SRST signal on $flatten\complex.\l_hart[0].core.\csrs.$procdff$3745 ($dff) from module littledualsoc (D = $flatten\complex.\l_hart[0].core.\csrs.$procmux$1982_Y, Q = \complex.l_hart[0].core.csrs.mtvec, rval = 0).
Adding EN signal on $auto$ff.cc:337:slice$4419 ($sdff) from module littledualsoc (D = \complex.l_hart[0].core.csrs.warl, Q = \complex.l_hart[0].core.csrs.mtvec).
Adding SRST signal on $flatten\complex.\l_hart[0].core.\csrs.$procdff$3744 ($dff) from module littledualsoc (D = $flatten\complex.\l_hart[0].core.\csrs.$procmux$1991_Y, Q = \complex.l_hart[0].core.csrs.mscratch, rval = 0).
Adding EN signal on $auto$ff.cc:337:slice$4423 ($sdff) from module littledualsoc (D = \complex.l_hart[0].core.csrs.warl, Q = \complex.l_hart[0].core.csrs.mscratch).
Adding SRST signal on $flatten\complex.\l_hart[0].core.\csrs.$procdff$3743 ($dff) from module littledualsoc (D = { \complex.l_hart[0].core.csrs.minstret_next_hi \complex.l_hart[0].core.csrs.minstret_next_lo }, Q = \complex.l_hart[0].core.csrs.minstret, rval = 64'0000000000000000000000000000000000000000000000000000000000000000).
Adding EN signal on $auto$ff.cc:337:slice$4427 ($sdff) from module littledualsoc (D = \complex.l_hart[0].core.csrs.minstret_next_hi, Q = \complex.l_hart[0].core.csrs.minstret [63:32]).
Adding EN signal on $auto$ff.cc:337:slice$4427 ($sdff) from module littledualsoc (D = \complex.l_hart[0].core.csrs.minstret_next_lo, Q = \complex.l_hart[0].core.csrs.minstret [31:0]).
Adding SRST signal on $flatten\complex.\l_hart[0].core.\csrs.$procdff$3742 ($dff) from module littledualsoc (D = { \complex.l_hart[0].core.csrs.mcycle_next_hi \complex.l_hart[0].core.csrs.mcycle_next_lo }, Q = \complex.l_hart[0].core.csrs.mcycle, rval = 64'0000000000000000000000000000000000000000000000000000000000000000).
Adding EN signal on $auto$ff.cc:337:slice$4434 ($sdff) from module littledualsoc (D = \complex.l_hart[0].core.csrs.mcycle_next_hi, Q = \complex.l_hart[0].core.csrs.mcycle [63:32]).
Adding EN signal on $auto$ff.cc:337:slice$4434 ($sdff) from module littledualsoc (D = \complex.l_hart[0].core.csrs.mcycle_next_lo, Q = \complex.l_hart[0].core.csrs.mcycle [31:0]).

17.14.7. Executing OPT_CLEAN pass (remove unused cells and wires).
Finding unused cells or wires in module \littledualsoc..
Removed 395 unused cells and 280 unused wires.
<suppressed ~396 debug messages>

17.14.8. Executing OPT_EXPR pass (perform const folding).
Optimizing module littledualsoc.
<suppressed ~36 debug messages>

17.14.9. Rerunning OPT passes. (Maybe there is more to do..)

17.14.10. Executing OPT_MUXTREE pass (detect dead branches in mux trees).
Running muxtree optimizer on module \littledualsoc..
  Creating internal representation of mux trees.
  Evaluating internal representation of mux trees.
  Analyzing evaluation results.
Removed 0 multiplexer ports.
<suppressed ~918 debug messages>

17.14.11. Executing OPT_REDUCE pass (consolidate $*mux and $reduce_* inputs).
  Optimizing cells in module \littledualsoc.
Performed a total of 0 changes.

17.14.12. Executing OPT_MERGE pass (detect identical cells).
Finding identical cells in module `\littledualsoc'.
Computing hashes of 2605 cells of `\littledualsoc'.
Finding duplicate cells in `\littledualsoc'.
Computing hashes of 2561 cells of `\littledualsoc'.
Finding duplicate cells in `\littledualsoc'.
Computing hashes of 2557 cells of `\littledualsoc'.
Finding duplicate cells in `\littledualsoc'.
<suppressed ~144 debug messages>
Removed a total of 48 cells.

17.14.13. Executing OPT_DFF pass (perform DFF optimizations).

17.14.14. Executing OPT_CLEAN pass (remove unused cells and wires).
Finding unused cells or wires in module \littledualsoc..
Removed 0 unused cells and 48 unused wires.
<suppressed ~1 debug messages>

17.14.15. Executing OPT_EXPR pass (perform const folding).
Optimizing module littledualsoc.

17.14.16. Rerunning OPT passes. (Maybe there is more to do..)

17.14.17. Executing OPT_MUXTREE pass (detect dead branches in mux trees).
Running muxtree optimizer on module \littledualsoc..
  Creating internal representation of mux trees.
  Evaluating internal representation of mux trees.
  Analyzing evaluation results.
Removed 0 multiplexer ports.
<suppressed ~918 debug messages>

17.14.18. Executing OPT_REDUCE pass (consolidate $*mux and $reduce_* inputs).
  Optimizing cells in module \littledualsoc.
Performed a total of 0 changes.

17.14.19. Executing OPT_MERGE pass (detect identical cells).
Finding identical cells in module `\littledualsoc'.
Computing hashes of 2557 cells of `\littledualsoc'.
Finding duplicate cells in `\littledualsoc'.
Removed a total of 0 cells.

17.14.20. Executing OPT_DFF pass (perform DFF optimizations).

17.14.21. Executing OPT_CLEAN pass (remove unused cells and wires).
Finding unused cells or wires in module \littledualsoc..

17.14.22. Executing OPT_EXPR pass (perform const folding).
Optimizing module littledualsoc.

17.14.23. Finished fast OPT passes. (There is nothing left to do.)

17.15. Executing WREDUCE pass (reducing word size of cells).
Removed top 22 address bits (of 32) from memory init port littledualsoc.$flatten\complex.\imem.$meminit$\rom_even$rtl/imemory.v:86$1848 (complex.imem.rom_even).
Removed top 22 address bits (of 32) from memory init port littledualsoc.$flatten\complex.\imem.$meminit$\rom_odd$rtl/imemory.v:87$1849 (complex.imem.rom_odd).
Removed top 1 bits (of 2) from port B of cell littledualsoc.$auto$opt_dff.cc:351:make_patterns_logic$4246 ($ne).
Removed top 1 bits (of 2) from port B of cell littledualsoc.$auto$opt_dff.cc:351:make_patterns_logic$4230 ($ne).
Removed top 1 bits (of 2) from port B of cell littledualsoc.$auto$opt_dff.cc:351:make_patterns_logic$4119 ($ne).
Removed top 1 bits (of 2) from port B of cell littledualsoc.$auto$opt_dff.cc:351:make_patterns_logic$4111 ($ne).
Removed top 3 bits (of 4) from port B of cell littledualsoc.$add$rtl/littledualsoc.v:37$1238 ($add).
Removed top 1 bits (of 33) from port A of cell littledualsoc.$flatten\complex.\l_hart[1].core.\executor.$sub$rtl/executor.v:23$790 ($sub).
Removed top 1 bits (of 33) from port B of cell littledualsoc.$flatten\complex.\l_hart[1].core.\executor.$sub$rtl/executor.v:23$790 ($sub).
Removed top 27 bits (of 32) from mux cell littledualsoc.$flatten\complex.\l_hart[1].core.\fetcher.$ternary$rtl/fetcher.v:46$847 ($mux).
Removed top 7 bits (of 32) from mux cell littledualsoc.$flatten\complex.\l_hart[1].core.\decoder.\next_regs.$ternary$rtl/regsel.v:21$1051 ($mux).
Removed top 1 bits (of 2) from port B of cell littledualsoc.$flatten\complex.\l_hart[1].core.\decoder.\next_regs.$eq$rtl/regsel.v:66$1085 ($eq).
Removed top 1 bits (of 2) from port B of cell littledualsoc.$flatten\complex.\l_hart[1].core.\decoder.\next_regs.$eq$rtl/regsel.v:69$1100 ($eq).
Removed top 1 bits (of 3) from port B of cell littledualsoc.$flatten\complex.\l_hart[1].core.\decoder.\next_regs.$eq$rtl/regsel.v:77$1134 ($eq).
Removed top 1 bits (of 2) from port B of cell littledualsoc.$flatten\complex.\l_hart[1].core.\decoder.\next_regs.$eq$rtl/regsel.v:81$1149 ($eq).
Removed top 1 bits (of 3) from port B of cell littledualsoc.$flatten\complex.\l_hart[1].core.\decoder.\next_regs.$eq$rtl/regsel.v:81$1150 ($eq).
Removed top 3 bits (of 5) from port B of cell littledualsoc.$flatten\complex.\l_hart[1].core.\decoder.\next_regs.$eq$rtl/regsel.v:81$1152 ($eq).
Removed top 29 bits (of 32) from mux cell littledualsoc.$flatten\complex.\l_hart[1].core.\decoder.$procmux$3504 ($mux).
Removed top 29 bits (of 32) from mux cell littledualsoc.$flatten\complex.\l_hart[1].core.\decoder.$procmux$3506 ($mux).
Removed top 29 bits (of 32) from mux cell littledualsoc.$flatten\complex.\l_hart[1].core.\decoder.$procmux$3508 ($mux).
Removed top 29 bits (of 32) from mux cell littledualsoc.$flatten\complex.\l_hart[1].core.\decoder.$procmux$3510 ($mux).
Removed top 28 bits (of 32) from mux cell littledualsoc.$flatten\complex.\l_hart[1].core.\decoder.$procmux$3512 ($mux).
Removed top 28 bits (of 32) from mux cell littledualsoc.$flatten\complex.\l_hart[1].core.\decoder.$procmux$3514 ($mux).
Removed top 1 bits (of 33) from port A of cell littledualsoc.$flatten\complex.\l_hart[1].core.\decoder.$sub$rtl/decoder.v:742$751 ($sub).
Removed top 1 bits (of 33) from port B of cell littledualsoc.$flatten\complex.\l_hart[1].core.\decoder.$sub$rtl/decoder.v:742$751 ($sub).
Removed top 29 bits (of 32) from mux cell littledualsoc.$flatten\complex.\l_hart[1].core.\decoder.$ternary$rtl/decoder.v:590$668 ($mux).
Removed top 3 bits (of 5) from port B of cell littledualsoc.$flatten\complex.\l_hart[1].core.\decoder.$eq$rtl/decoder.v:419$542 ($eq).
Removed top 3 bits (of 12) from port B of cell littledualsoc.$flatten\complex.\l_hart[1].core.\decoder.$eq$rtl/decoder.v:413$540 ($eq).
Removed top 2 bits (of 12) from port B of cell littledualsoc.$flatten\complex.\l_hart[1].core.\decoder.$eq$rtl/decoder.v:409$538 ($eq).
Removed top 11 bits (of 12) from port B of cell littledualsoc.$flatten\complex.\l_hart[1].core.\decoder.$eq$rtl/decoder.v:408$535 ($eq).
Removed top 6 bits (of 7) from port B of cell littledualsoc.$flatten\complex.\l_hart[1].core.\decoder.$eq$rtl/decoder.v:349$464 ($eq).
Removed top 1 bits (of 2) from port B of cell littledualsoc.$flatten\complex.\l_hart[1].core.\decoder.$eq$rtl/decoder.v:340$434 ($eq).
Removed top 1 bits (of 5) from port B of cell littledualsoc.$flatten\complex.\l_hart[1].core.\decoder.$eq$rtl/decoder.v:330$387 ($eq).
Removed top 1 bits (of 2) from port B of cell littledualsoc.$flatten\complex.\l_hart[1].core.\decoder.$eq$rtl/decoder.v:325$377 ($eq).
Removed top 1 bits (of 3) from port B of cell littledualsoc.$flatten\complex.\l_hart[1].core.\decoder.$eq$rtl/decoder.v:315$340 ($eq).
Removed top 3 bits (of 5) from port B of cell littledualsoc.$flatten\complex.\l_hart[1].core.\decoder.$eq$rtl/decoder.v:310$326 ($eq).
Removed top 2 bits (of 5) from port B of cell littledualsoc.$flatten\complex.\l_hart[1].core.\decoder.$eq$rtl/decoder.v:306$312 ($eq).
Removed top 1 bits (of 7) from port B of cell littledualsoc.$flatten\complex.\l_hart[1].core.\decoder.$eq$rtl/decoder.v:305$311 ($eq).
Removed top 3 bits (of 5) from port B of cell littledualsoc.$flatten\complex.\l_hart[1].core.\decoder.$eq$rtl/decoder.v:297$298 ($eq).
Removed top 3 bits (of 5) from port B of cell littledualsoc.$flatten\complex.\l_hart[1].core.\decoder.$eq$rtl/decoder.v:296$294 ($eq).
Removed top 1 bits (of 5) from port B of cell littledualsoc.$flatten\complex.\l_hart[1].core.\decoder.$eq$rtl/decoder.v:288$284 ($eq).
Removed top 1 bits (of 5) from port B of cell littledualsoc.$flatten\complex.\l_hart[1].core.\decoder.$eq$rtl/decoder.v:287$282 ($eq).
Removed top 2 bits (of 5) from port B of cell littledualsoc.$flatten\complex.\l_hart[1].core.\decoder.$eq$rtl/decoder.v:286$280 ($eq).
Removed top 4 bits (of 5) from port B of cell littledualsoc.$flatten\complex.\l_hart[1].core.\decoder.$eq$rtl/decoder.v:285$278 ($eq).
Removed top 1 bits (of 5) from port B of cell littledualsoc.$flatten\complex.\l_hart[1].core.\decoder.$eq$rtl/decoder.v:283$272 ($eq).
Removed top 1 bits (of 5) from port B of cell littledualsoc.$flatten\complex.\l_hart[1].core.\decoder.$eq$rtl/decoder.v:271$256 ($eq).
Removed top 1 bits (of 3) from port B of cell littledualsoc.$flatten\complex.\l_hart[1].core.\decoder.$eq$rtl/decoder.v:268$249 ($eq).
Removed top 1 bits (of 3) from port B of cell littledualsoc.$flatten\complex.\l_hart[1].core.\decoder.$eq$rtl/decoder.v:265$240 ($eq).
Removed top 2 bits (of 3) from port B of cell littledualsoc.$flatten\complex.\l_hart[1].core.\decoder.$eq$rtl/decoder.v:254$217 ($eq).
Removed top 2 bits (of 3) from port B of cell littledualsoc.$flatten\complex.\l_hart[1].core.\decoder.$eq$rtl/decoder.v:246$192 ($eq).
Removed top 2 bits (of 5) from port B of cell littledualsoc.$flatten\complex.\l_hart[1].core.\decoder.$eq$rtl/decoder.v:240$176 ($eq).
Removed top 3 bits (of 5) from port B of cell littledualsoc.$flatten\complex.\l_hart[1].core.\decoder.$ne$rtl/decoder.v:239$174 ($ne).
Removed top 1 bits (of 3) from port B of cell littledualsoc.$flatten\complex.\l_hart[1].core.\decoder.$eq$rtl/decoder.v:238$170 ($eq).
Removed top 1 bits (of 2) from port B of cell littledualsoc.$flatten\complex.\l_hart[1].core.\decoder.$eq$rtl/decoder.v:238$169 ($eq).
Removed top 1 bits (of 5) from port B of cell littledualsoc.$flatten\complex.\l_hart[1].core.\decoder.$eq$rtl/decoder.v:236$166 ($eq).
Removed top 2 bits (of 12) from port B of cell littledualsoc.$flatten\complex.\l_hart[1].core.\csrs.$procmux$2401_CMP0 ($eq).
Removed top 2 bits (of 12) from port B of cell littledualsoc.$flatten\complex.\l_hart[1].core.\csrs.$procmux$2394_CMP0 ($eq).
Removed top 2 bits (of 12) from port B of cell littledualsoc.$flatten\complex.\l_hart[1].core.\csrs.$procmux$2383_CMP0 ($eq).
Removed top 2 bits (of 12) from port B of cell littledualsoc.$flatten\complex.\l_hart[1].core.\csrs.$procmux$2377_CMP0 ($eq).
Removed top 2 bits (of 12) from port B of cell littledualsoc.$flatten\complex.\l_hart[1].core.\csrs.$procmux$2354_CMP0 ($eq).
Removed top 2 bits (of 12) from port B of cell littledualsoc.$flatten\complex.\l_hart[1].core.\csrs.$procmux$2345_CMP0 ($eq).
Removed top 2 bits (of 12) from port B of cell littledualsoc.$flatten\complex.\l_hart[1].core.\csrs.$procmux$2332_CMP0 ($eq).
Removed top 2 bits (of 12) from port B of cell littledualsoc.$flatten\complex.\l_hart[1].core.\csrs.$procmux$2321_CMP0 ($eq).
Removed top 2 bits (of 12) from port B of cell littledualsoc.$flatten\complex.\l_hart[1].core.\csrs.$procmux$2292_CMP0 ($eq).
Removed top 2 bits (of 12) from port B of cell littledualsoc.$flatten\complex.\l_hart[1].core.\csrs.$procmux$2280_CMP0 ($eq).
Removed top 63 bits (of 64) from port B of cell littledualsoc.$flatten\complex.\l_hart[1].core.\csrs.$add$rtl/csrs.v:269$1898 ($add).
Removed top 63 bits (of 64) from port B of cell littledualsoc.$flatten\complex.\l_hart[1].core.\csrs.$add$rtl/csrs.v:268$1896 ($add).
Removed top 2 bits (of 7) from port B of cell littledualsoc.$flatten\complex.\l_hart[1].core.\csrs.$eq$rtl/csrs.v:167$1874 ($eq).
Removed top 3 bits (of 5) from port B of cell littledualsoc.$flatten\complex.\l_hart[1].core.\csrs.$gt$rtl/csrs.v:164$1870 ($gt).
Removed top 31 bits (of 32) from port B of cell littledualsoc.$flatten\complex.\l_hart[1].core.\executor.$sub$rtl/executor.v:232$843 ($sub).
Removed top 25 bits (of 32) from port Y of cell littledualsoc.$flatten\complex.\l_hart[1].core.\executor.$sub$rtl/executor.v:232$843 ($sub).
Removed top 1 bits (of 33) from port B of cell littledualsoc.$flatten\complex.\l_hart[1].core.\executor.$sub$rtl/executor.v:71$804 ($sub).
Removed top 1 bits (of 33) from port Y of cell littledualsoc.$flatten\complex.\l_hart[1].core.\executor.$sshr$rtl/executor.v:41$795 ($sshr).
Removed cell littledualsoc.$flatten\complex.\l_hart[1].core.\accessor.$procmux$3582 ($mux).
Removed top 31 bits (of 32) from mux cell littledualsoc.$flatten\complex.\l_hart[1].core.\accessor.$ternary$rtl/accessor.v:403$88 ($mux).
Removed top 3 bits (of 4) from port A of cell littledualsoc.$flatten\complex.\l_hart[1].core.\accessor.$shl$rtl/accessor.v:326$64 ($shl).
Removed top 1 bits (of 4) from mux cell littledualsoc.$flatten\complex.\l_hart[1].core.\accessor.$ternary$rtl/accessor.v:274$59 ($mux).
Removed top 32 bits (of 33) from port B of cell littledualsoc.$flatten\complex.\l_hart[1].core.\accessor.$add$rtl/accessor.v:247$51 ($add).
Removed top 1 bits (of 33) from port A of cell littledualsoc.$flatten\complex.\l_hart[1].core.\accessor.$add$rtl/accessor.v:247$50 ($add).
Removed top 1 bits (of 33) from port A of cell littledualsoc.$flatten\complex.\l_hart[1].core.\accessor.$not$rtl/accessor.v:246$48 ($not).
Removed top 1 bits (of 33) from port A of cell littledualsoc.$flatten\complex.\l_hart[0].core.\executor.$sub$rtl/executor.v:23$790 ($sub).
Removed top 1 bits (of 33) from port B of cell littledualsoc.$flatten\complex.\l_hart[0].core.\executor.$sub$rtl/executor.v:23$790 ($sub).
Removed top 27 bits (of 32) from mux cell littledualsoc.$flatten\complex.\l_hart[0].core.\fetcher.$ternary$rtl/fetcher.v:46$847 ($mux).
Removed top 7 bits (of 32) from mux cell littledualsoc.$flatten\complex.\l_hart[0].core.\decoder.\next_regs.$ternary$rtl/regsel.v:21$1051 ($mux).
Removed top 1 bits (of 2) from port B of cell littledualsoc.$flatten\complex.\l_hart[0].core.\decoder.\next_regs.$eq$rtl/regsel.v:66$1085 ($eq).
Removed top 1 bits (of 2) from port B of cell littledualsoc.$flatten\complex.\l_hart[0].core.\decoder.\next_regs.$eq$rtl/regsel.v:69$1100 ($eq).
Removed top 1 bits (of 3) from port B of cell littledualsoc.$flatten\complex.\l_hart[0].core.\decoder.\next_regs.$eq$rtl/regsel.v:77$1134 ($eq).
Removed top 1 bits (of 2) from port B of cell littledualsoc.$flatten\complex.\l_hart[0].core.\decoder.\next_regs.$eq$rtl/regsel.v:81$1149 ($eq).
Removed top 1 bits (of 3) from port B of cell littledualsoc.$flatten\complex.\l_hart[0].core.\decoder.\next_regs.$eq$rtl/regsel.v:81$1150 ($eq).
Removed top 3 bits (of 5) from port B of cell littledualsoc.$flatten\complex.\l_hart[0].core.\decoder.\next_regs.$eq$rtl/regsel.v:81$1152 ($eq).
Removed top 29 bits (of 32) from mux cell littledualsoc.$flatten\complex.\l_hart[0].core.\decoder.$procmux$3504 ($mux).
Removed top 29 bits (of 32) from mux cell littledualsoc.$flatten\complex.\l_hart[0].core.\decoder.$procmux$3506 ($mux).
Removed top 29 bits (of 32) from mux cell littledualsoc.$flatten\complex.\l_hart[0].core.\decoder.$procmux$3508 ($mux).
Removed top 29 bits (of 32) from mux cell littledualsoc.$flatten\complex.\l_hart[0].core.\decoder.$procmux$3510 ($mux).
Removed top 28 bits (of 32) from mux cell littledualsoc.$flatten\complex.\l_hart[0].core.\decoder.$procmux$3512 ($mux).
Removed top 28 bits (of 32) from mux cell littledualsoc.$flatten\complex.\l_hart[0].core.\decoder.$procmux$3514 ($mux).
Removed top 1 bits (of 33) from port A of cell littledualsoc.$flatten\complex.\l_hart[0].core.\decoder.$sub$rtl/decoder.v:742$751 ($sub).
Removed top 1 bits (of 33) from port B of cell littledualsoc.$flatten\complex.\l_hart[0].core.\decoder.$sub$rtl/decoder.v:742$751 ($sub).
Removed top 29 bits (of 32) from mux cell littledualsoc.$flatten\complex.\l_hart[0].core.\decoder.$ternary$rtl/decoder.v:590$668 ($mux).
Removed top 3 bits (of 5) from port B of cell littledualsoc.$flatten\complex.\l_hart[0].core.\decoder.$eq$rtl/decoder.v:419$542 ($eq).
Removed top 3 bits (of 12) from port B of cell littledualsoc.$flatten\complex.\l_hart[0].core.\decoder.$eq$rtl/decoder.v:413$540 ($eq).
Removed top 2 bits (of 12) from port B of cell littledualsoc.$flatten\complex.\l_hart[0].core.\decoder.$eq$rtl/decoder.v:409$538 ($eq).
Removed top 11 bits (of 12) from port B of cell littledualsoc.$flatten\complex.\l_hart[0].core.\decoder.$eq$rtl/decoder.v:408$535 ($eq).
Removed top 6 bits (of 7) from port B of cell littledualsoc.$flatten\complex.\l_hart[0].core.\decoder.$eq$rtl/decoder.v:349$464 ($eq).
Removed top 1 bits (of 2) from port B of cell littledualsoc.$flatten\complex.\l_hart[0].core.\decoder.$eq$rtl/decoder.v:340$434 ($eq).
Removed top 1 bits (of 5) from port B of cell littledualsoc.$flatten\complex.\l_hart[0].core.\decoder.$eq$rtl/decoder.v:330$387 ($eq).
Removed top 1 bits (of 2) from port B of cell littledualsoc.$flatten\complex.\l_hart[0].core.\decoder.$eq$rtl/decoder.v:325$377 ($eq).
Removed top 1 bits (of 3) from port B of cell littledualsoc.$flatten\complex.\l_hart[0].core.\decoder.$eq$rtl/decoder.v:315$340 ($eq).
Removed top 3 bits (of 5) from port B of cell littledualsoc.$flatten\complex.\l_hart[0].core.\decoder.$eq$rtl/decoder.v:310$326 ($eq).
Removed top 2 bits (of 5) from port B of cell littledualsoc.$flatten\complex.\l_hart[0].core.\decoder.$eq$rtl/decoder.v:306$312 ($eq).
Removed top 1 bits (of 7) from port B of cell littledualsoc.$flatten\complex.\l_hart[0].core.\decoder.$eq$rtl/decoder.v:305$311 ($eq).
Removed top 3 bits (of 5) from port B of cell littledualsoc.$flatten\complex.\l_hart[0].core.\decoder.$eq$rtl/decoder.v:297$298 ($eq).
Removed top 3 bits (of 5) from port B of cell littledualsoc.$flatten\complex.\l_hart[0].core.\decoder.$eq$rtl/decoder.v:296$294 ($eq).
Removed top 1 bits (of 5) from port B of cell littledualsoc.$flatten\complex.\l_hart[0].core.\decoder.$eq$rtl/decoder.v:288$284 ($eq).
Removed top 1 bits (of 5) from port B of cell littledualsoc.$flatten\complex.\l_hart[0].core.\decoder.$eq$rtl/decoder.v:287$282 ($eq).
Removed top 2 bits (of 5) from port B of cell littledualsoc.$flatten\complex.\l_hart[0].core.\decoder.$eq$rtl/decoder.v:286$280 ($eq).
Removed top 4 bits (of 5) from port B of cell littledualsoc.$flatten\complex.\l_hart[0].core.\decoder.$eq$rtl/decoder.v:285$278 ($eq).
Removed top 1 bits (of 5) from port B of cell littledualsoc.$flatten\complex.\l_hart[0].core.\decoder.$eq$rtl/decoder.v:283$272 ($eq).
Removed top 1 bits (of 5) from port B of cell littledualsoc.$flatten\complex.\l_hart[0].core.\decoder.$eq$rtl/decoder.v:271$256 ($eq).
Removed top 1 bits (of 3) from port B of cell littledualsoc.$flatten\complex.\l_hart[0].core.\decoder.$eq$rtl/decoder.v:268$249 ($eq).
Removed top 1 bits (of 3) from port B of cell littledualsoc.$flatten\complex.\l_hart[0].core.\decoder.$eq$rtl/decoder.v:265$240 ($eq).
Removed top 2 bits (of 3) from port B of cell littledualsoc.$flatten\complex.\l_hart[0].core.\decoder.$eq$rtl/decoder.v:254$217 ($eq).
Removed top 2 bits (of 3) from port B of cell littledualsoc.$flatten\complex.\l_hart[0].core.\decoder.$eq$rtl/decoder.v:246$192 ($eq).
Removed top 2 bits (of 5) from port B of cell littledualsoc.$flatten\complex.\l_hart[0].core.\decoder.$eq$rtl/decoder.v:240$176 ($eq).
Removed top 3 bits (of 5) from port B of cell littledualsoc.$flatten\complex.\l_hart[0].core.\decoder.$ne$rtl/decoder.v:239$174 ($ne).
Removed top 1 bits (of 3) from port B of cell littledualsoc.$flatten\complex.\l_hart[0].core.\decoder.$eq$rtl/decoder.v:238$170 ($eq).
Removed top 1 bits (of 2) from port B of cell littledualsoc.$flatten\complex.\l_hart[0].core.\decoder.$eq$rtl/decoder.v:238$169 ($eq).
Removed top 1 bits (of 5) from port B of cell littledualsoc.$flatten\complex.\l_hart[0].core.\decoder.$eq$rtl/decoder.v:236$166 ($eq).
Removed top 2 bits (of 12) from port B of cell littledualsoc.$flatten\complex.\l_hart[0].core.\csrs.$procmux$2037_CMP0 ($eq).
Removed top 2 bits (of 12) from port B of cell littledualsoc.$flatten\complex.\l_hart[0].core.\csrs.$procmux$2030_CMP0 ($eq).
Removed top 2 bits (of 12) from port B of cell littledualsoc.$flatten\complex.\l_hart[0].core.\csrs.$procmux$2019_CMP0 ($eq).
Removed top 2 bits (of 12) from port B of cell littledualsoc.$flatten\complex.\l_hart[0].core.\csrs.$procmux$2013_CMP0 ($eq).
Removed top 2 bits (of 12) from port B of cell littledualsoc.$flatten\complex.\l_hart[0].core.\csrs.$procmux$1990_CMP0 ($eq).
Removed top 2 bits (of 12) from port B of cell littledualsoc.$flatten\complex.\l_hart[0].core.\csrs.$procmux$1981_CMP0 ($eq).
Removed top 2 bits (of 12) from port B of cell littledualsoc.$flatten\complex.\l_hart[0].core.\csrs.$procmux$1968_CMP0 ($eq).
Removed top 2 bits (of 12) from port B of cell littledualsoc.$flatten\complex.\l_hart[0].core.\csrs.$procmux$1957_CMP0 ($eq).
Removed top 2 bits (of 12) from port B of cell littledualsoc.$flatten\complex.\l_hart[0].core.\csrs.$procmux$1928_CMP0 ($eq).
Removed top 2 bits (of 12) from port B of cell littledualsoc.$flatten\complex.\l_hart[0].core.\csrs.$procmux$1916_CMP0 ($eq).
Removed top 63 bits (of 64) from port B of cell littledualsoc.$flatten\complex.\l_hart[0].core.\csrs.$add$rtl/csrs.v:269$1506 ($add).
Removed top 63 bits (of 64) from port B of cell littledualsoc.$flatten\complex.\l_hart[0].core.\csrs.$add$rtl/csrs.v:268$1504 ($add).
Removed top 2 bits (of 7) from port B of cell littledualsoc.$flatten\complex.\l_hart[0].core.\csrs.$eq$rtl/csrs.v:167$1482 ($eq).
Removed top 3 bits (of 5) from port B of cell littledualsoc.$flatten\complex.\l_hart[0].core.\csrs.$gt$rtl/csrs.v:164$1478 ($gt).
Removed top 31 bits (of 32) from port B of cell littledualsoc.$flatten\complex.\l_hart[0].core.\executor.$sub$rtl/executor.v:232$843 ($sub).
Removed top 25 bits (of 32) from port Y of cell littledualsoc.$flatten\complex.\l_hart[0].core.\executor.$sub$rtl/executor.v:232$843 ($sub).
Removed top 1 bits (of 33) from port B of cell littledualsoc.$flatten\complex.\l_hart[0].core.\executor.$sub$rtl/executor.v:71$804 ($sub).
Removed top 1 bits (of 33) from port Y of cell littledualsoc.$flatten\complex.\l_hart[0].core.\executor.$sshr$rtl/executor.v:41$795 ($sshr).
Removed cell littledualsoc.$flatten\complex.\l_hart[0].core.\accessor.$procmux$3582 ($mux).
Removed top 31 bits (of 32) from mux cell littledualsoc.$flatten\complex.\l_hart[0].core.\accessor.$ternary$rtl/accessor.v:403$88 ($mux).
Removed top 3 bits (of 4) from port A of cell littledualsoc.$flatten\complex.\l_hart[0].core.\accessor.$shl$rtl/accessor.v:326$64 ($shl).
Removed top 1 bits (of 4) from mux cell littledualsoc.$flatten\complex.\l_hart[0].core.\accessor.$ternary$rtl/accessor.v:274$59 ($mux).
Removed top 32 bits (of 33) from port B of cell littledualsoc.$flatten\complex.\l_hart[0].core.\accessor.$add$rtl/accessor.v:247$51 ($add).
Removed top 1 bits (of 33) from port A of cell littledualsoc.$flatten\complex.\l_hart[0].core.\accessor.$add$rtl/accessor.v:247$50 ($add).
Removed top 1 bits (of 33) from port A of cell littledualsoc.$flatten\complex.\l_hart[0].core.\accessor.$not$rtl/accessor.v:246$48 ($not).
Removed top 1 bits (of 2) from port B of cell littledualsoc.$flatten\complex.\mtimer.$eq$rtl/timer.v:96$1520 ($eq).
Removed top 63 bits (of 64) from port B of cell littledualsoc.$flatten\complex.\mtimer.$add$rtl/timer.v:110$1527 ($add).
Removed top 1 bits (of 3) from port B of cell littledualsoc.$flatten\complex.\mtimer.$procmux$2548_CMP0 ($eq).
Removed top 1 bits (of 3) from port B of cell littledualsoc.$flatten\complex.\mtimer.$procmux$2549_CMP0 ($eq).
Removed top 2 bits (of 3) from port B of cell littledualsoc.$flatten\complex.\mtimer.$procmux$2550_CMP0 ($eq).
Removed top 15 bits (of 16) from port B of cell littledualsoc.$flatten\complex.\dmem.$eq$rtl/memory.v:92$1548 ($eq).
Removed top 15 bits (of 16) from port B of cell littledualsoc.$flatten\complex.\dmem.$eq$rtl/memory.v:100$1592 ($eq).
Removed top 9 bits (of 10) from port B of cell littledualsoc.$flatten\complex.\imem.$add$rtl/imemory.v:202$1850 ($add).
Removed top 14 bits (of 27) from port B of cell littledualsoc.$flatten\complex.\mtimer.$eq$rtl/timer.v:87$1515 ($eq).
Removed top 15 bits (of 16) from port B of cell littledualsoc.$flatten\complex.\dmem.$eq$rtl/memory.v:88$1547 ($eq).
Removed top 9 bits (of 10) from port B of cell littledualsoc.$flatten\complex.\imem.$add$rtl/imemory.v:96$1745 ($add).
Removed top 7 bits (of 32) from mux cell littledualsoc.$flatten\complex.\l_hart[1].core.\fetcher.$procmux$2730 ($mux).
Removed top 7 bits (of 32) from mux cell littledualsoc.$flatten\complex.\l_hart[0].core.\fetcher.$procmux$2730 ($mux).
Removed top 7 bits (of 32) from mux cell littledualsoc.$flatten\complex.\l_hart[1].core.\fetcher.$ternary$rtl/fetcher.v:58$850 ($mux).
Removed top 7 bits (of 32) from mux cell littledualsoc.$flatten\complex.\l_hart[0].core.\fetcher.$ternary$rtl/fetcher.v:58$850 ($mux).
Removed top 27 bits (of 32) from port B of cell littledualsoc.$flatten\complex.\l_hart[1].core.\fetcher.$shr$rtl/fetcher.v:46$848 ($shr).
Removed top 7 bits (of 64) from port Y of cell littledualsoc.$flatten\complex.\l_hart[1].core.\fetcher.$shr$rtl/fetcher.v:46$848 ($shr).
Removed top 27 bits (of 32) from port B of cell littledualsoc.$flatten\complex.\l_hart[0].core.\fetcher.$shr$rtl/fetcher.v:46$848 ($shr).
Removed top 7 bits (of 64) from port Y of cell littledualsoc.$flatten\complex.\l_hart[0].core.\fetcher.$shr$rtl/fetcher.v:46$848 ($shr).
Removed top 31 bits (of 32) from wire littledualsoc.$flatten\complex.\l_hart[0].core.\accessor.$ternary$rtl/accessor.v:403$88_Y.
Removed top 27 bits (of 32) from wire littledualsoc.$flatten\complex.\l_hart[0].core.\fetcher.$ternary$rtl/fetcher.v:46$847_Y.
Removed top 1 bits (of 4) from wire littledualsoc.$flatten\complex.\l_hart[0].core.\accessor.$ternary$rtl/accessor.v:274$59_Y.
Removed top 1 bits (of 4) from wire littledualsoc.$flatten\complex.\l_hart[1].core.\accessor.$ternary$rtl/accessor.v:274$59_Y.
Removed top 31 bits (of 32) from wire littledualsoc.$flatten\complex.\l_hart[1].core.\accessor.$ternary$rtl/accessor.v:403$88_Y.
Removed top 25 bits (of 32) from wire littledualsoc.$flatten\complex.\l_hart[1].core.\executor.$sub$rtl/executor.v:232$843_Y.
Removed top 29 bits (of 32) from wire littledualsoc.$flatten\complex.\l_hart[0].core.\decoder.$procmux$3504_Y.
Removed top 29 bits (of 32) from wire littledualsoc.$flatten\complex.\l_hart[0].core.\decoder.$procmux$3506_Y.
Removed top 29 bits (of 32) from wire littledualsoc.$flatten\complex.\l_hart[0].core.\decoder.$procmux$3508_Y.
Removed top 29 bits (of 32) from wire littledualsoc.$flatten\complex.\l_hart[0].core.\decoder.$procmux$3510_Y.
Removed top 28 bits (of 32) from wire littledualsoc.$flatten\complex.\l_hart[0].core.\decoder.$procmux$3512_Y.
Removed top 28 bits (of 32) from wire littledualsoc.$flatten\complex.\l_hart[0].core.\decoder.$procmux$3514_Y.
Removed top 24 bits (of 32) from wire littledualsoc.$flatten\complex.\dmem.$0$memwr$\ram$rtl/memory.v:120$1543_EN[31:0]$1552.
Removed top 25 bits (of 32) from wire littledualsoc.$flatten\complex.\l_hart[0].core.\executor.$sub$rtl/executor.v:232$843_Y.
Removed top 16 bits (of 32) from wire littledualsoc.$flatten\complex.\dmem.$0$memwr$\ram$rtl/memory.v:121$1544_EN[31:0]$1555.
Removed top 8 bits (of 32) from wire littledualsoc.$flatten\complex.\dmem.$0$memwr$\ram$rtl/memory.v:122$1545_EN[31:0]$1558.
Removed top 24 bits (of 32) from wire littledualsoc.$flatten\complex.\dmem.$2$memwr$\ram$rtl/memory.v:120$1543_EN[31:0]$1578.
Removed top 16 bits (of 32) from wire littledualsoc.$flatten\complex.\dmem.$2$memwr$\ram$rtl/memory.v:121$1544_EN[31:0]$1581.
Removed top 8 bits (of 32) from wire littledualsoc.$flatten\complex.\dmem.$2$memwr$\ram$rtl/memory.v:122$1545_EN[31:0]$1584.
Removed top 24 bits (of 32) from wire littledualsoc.$flatten\complex.\imem.$0$memwr$\rom_even$rtl/imemory.v:159$1737_EN[31:0]$1766.
Removed top 16 bits (of 32) from wire littledualsoc.$flatten\complex.\imem.$0$memwr$\rom_even$rtl/imemory.v:160$1738_EN[31:0]$1769.
Removed top 8 bits (of 32) from wire littledualsoc.$flatten\complex.\imem.$0$memwr$\rom_even$rtl/imemory.v:161$1739_EN[31:0]$1772.
Removed top 24 bits (of 32) from wire littledualsoc.$flatten\complex.\imem.$0$memwr$\rom_odd$rtl/imemory.v:165$1741_EN[31:0]$1778.
Removed top 16 bits (of 32) from wire littledualsoc.$flatten\complex.\imem.$0$memwr$\rom_odd$rtl/imemory.v:166$1742_EN[31:0]$1781.
Removed top 8 bits (of 32) from wire littledualsoc.$flatten\complex.\imem.$0$memwr$\rom_odd$rtl/imemory.v:167$1743_EN[31:0]$1784.
Removed top 29 bits (of 32) from wire littledualsoc.$flatten\complex.\l_hart[1].core.\decoder.$procmux$3504_Y.
Removed top 29 bits (of 32) from wire littledualsoc.$flatten\complex.\l_hart[1].core.\decoder.$procmux$3506_Y.
Removed top 29 bits (of 32) from wire littledualsoc.$flatten\complex.\l_hart[1].core.\decoder.$procmux$3508_Y.
Removed top 29 bits (of 32) from wire littledualsoc.$flatten\complex.\l_hart[1].core.\decoder.$procmux$3510_Y.
Removed top 28 bits (of 32) from wire littledualsoc.$flatten\complex.\l_hart[1].core.\decoder.$procmux$3512_Y.
Removed top 28 bits (of 32) from wire littledualsoc.$flatten\complex.\l_hart[1].core.\decoder.$procmux$3514_Y.
Removed top 27 bits (of 32) from wire littledualsoc.$flatten\complex.\l_hart[1].core.\fetcher.$ternary$rtl/fetcher.v:46$847_Y.

17.16. Executing PEEPOPT pass (run peephole optimizers).

17.17. Executing OPT_CLEAN pass (remove unused cells and wires).
Finding unused cells or wires in module \littledualsoc..
Removed 0 unused cells and 34 unused wires.
<suppressed ~1 debug messages>

17.18. Executing SHARE pass (SAT-based resource sharing).
Found 10 cells in module littledualsoc that may be considered for resource sharing.
  Analyzing resource sharing options for $flatten\complex.\l_hart[1].core.\fetcher.$shr$rtl/fetcher.v:46$848 ($shr):
    Found 8 activation_patterns using ctrl signal { \complex.imem.fetch_stall [1] \complex.l_hart[1].core.decoder.stall $flatten\complex.\l_hart[1].core.\decoder.\next_regs.$logic_or$rtl/regsel.v:103$1184_Y $flatten\complex.\l_hart[1].core.\decoder.\next_regs.$logic_or$rtl/regsel.v:102$1183_Y $flatten\complex.\l_hart[1].core.\decoder.\next_regs.$logic_or$rtl/regsel.v:101$1179_Y $flatten\complex.\l_hart[1].core.\decoder.\next_regs.$logic_or$rtl/regsel.v:92$1171_Y $flatten\complex.\l_hart[1].core.\decoder.\next_regs.$logic_or$rtl/regsel.v:88$1168_Y $flatten\complex.\l_hart[1].core.\decoder.\next_regs.$logic_or$rtl/regsel.v:87$1158_Y \reset $auto$opt_reduce.cc:137:opt_pmux$3952 }.
    Found 1 candidates: $flatten\complex.\l_hart[0].core.\fetcher.$shr$rtl/fetcher.v:46$848
    Analyzing resource sharing with $flatten\complex.\l_hart[0].core.\fetcher.$shr$rtl/fetcher.v:46$848 ($shr):
      Found 8 activation_patterns using ctrl signal { \complex.imem.fetch_stall [0] \complex.l_hart[0].core.decoder.stall $flatten\complex.\l_hart[0].core.\decoder.\next_regs.$logic_or$rtl/regsel.v:103$1184_Y $flatten\complex.\l_hart[0].core.\decoder.\next_regs.$logic_or$rtl/regsel.v:102$1183_Y $flatten\complex.\l_hart[0].core.\decoder.\next_regs.$logic_or$rtl/regsel.v:101$1179_Y $flatten\complex.\l_hart[0].core.\decoder.\next_regs.$logic_or$rtl/regsel.v:92$1171_Y $flatten\complex.\l_hart[0].core.\decoder.\next_regs.$logic_or$rtl/regsel.v:88$1168_Y $flatten\complex.\l_hart[0].core.\decoder.\next_regs.$logic_or$rtl/regsel.v:87$1158_Y \reset $auto$opt_reduce.cc:137:opt_pmux$3930 }.
      Forbidden control signals for this pair of cells: { $flatten\complex.\arbiter.$eq$rtl/busarbiter.v:37$1211_Y \complex.l_hart[0].core.csrs.wen \complex.l_hart[0].core.csrs.trap_entry \complex.l_hart[0].core.csrs.wr_mcycle \complex.l_hart[0].core.csrs.wr_mcycleh \complex.l_hart[0].core.csrs.wr_minstret \complex.l_hart[0].core.csrs.wr_minstreth \complex.l_hart[0].core.csrs.mcycle_tick \complex.l_hart[0].core.csrs.minstret_tick $flatten\complex.\l_hart[0].core.\csrs.$eq$rtl/csrs.v:249$1487_Y $flatten\complex.\l_hart[0].core.\csrs.$eq$rtl/csrs.v:250$1489_Y $flatten\complex.\l_hart[0].core.\csrs.$eq$rtl/csrs.v:251$1491_Y $flatten\complex.\l_hart[0].core.\csrs.$eq$rtl/csrs.v:252$1493_Y $flatten\complex.\l_hart[0].core.\csrs.$procmux$1916_CMP $flatten\complex.\l_hart[0].core.\csrs.$procmux$1928_CMP $flatten\complex.\l_hart[0].core.\csrs.$procmux$1957_CMP $flatten\complex.\l_hart[0].core.\csrs.$procmux$1968_CMP $flatten\complex.\l_hart[0].core.\csrs.$procmux$1981_CMP $flatten\complex.\l_hart[0].core.\csrs.$procmux$1990_CMP $flatten\complex.\l_hart[0].core.\csrs.$procmux$2013_CMP $flatten\complex.\l_hart[0].core.\csrs.$procmux$2019_CMP \complex.l_hart[0].core.decoder.uncompressed \complex.l_hart[0].core.decoder.instr_jal_op \complex.l_hart[0].core.decoder.instr_clui \complex.l_hart[0].core.decoder.instr_branch_op \complex.l_hart[0].core.decoder.instr_store_op \complex.l_hart[0].core.decoder.instr_math_immediate \complex.l_hart[0].core.decoder.instr_auipc \complex.l_hart[0].core.decoder.instr_jalr \complex.l_hart[0].core.decoder.instr_beq \complex.l_hart[0].core.decoder.instr_bne \complex.l_hart[0].core.decoder.instr_blt \complex.l_hart[0].core.decoder.instr_bltu \complex.l_hart[0].core.decoder.instr_bge \complex.l_hart[0].core.decoder.instr_bgeu \complex.l_hart[0].core.decoder.instr_lui \complex.l_hart[0].core.decoder.instr_ecall \complex.l_hart[0].core.decoder.instr_ebreak \complex.l_hart[0].core.decoder.instr_csrrw \complex.l_hart[0].core.decoder.instr_csrrs \complex.l_hart[0].core.decoder.instr_csr_access \complex.l_hart[0].core.decoder.is_csr_imm \complex.l_hart[0].core.decoder.instr_mret \complex.l_hart[0].core.decoder.load_misaligned \complex.l_hart[0].core.decoder.store_misaligned \complex.l_hart[0].core.decoder.load_access_fault \complex.l_hart[0].core.decoder.store_access_fault \complex.l_hart[0].core.decoder.instr_illegal \complex.l_hart[0].core.decoder.trap_pending \complex.l_hart[0].core.decoder.trap_taken \complex.l_hart[0].core.decoder.instr_math \complex.l_hart[0].core.decoder.instr_shift \complex.l_hart[0].core.decoder.stall $flatten\complex.\l_hart[0].core.\decoder.$eq$rtl/decoder.v:117$158_Y $flatten\complex.\l_hart[0].core.\decoder.$logic_or$rtl/decoder.v:210$163_Y $flatten\complex.\l_hart[0].core.\decoder.$logic_or$rtl/decoder.v:223$164_Y $flatten\complex.\l_hart[0].core.\decoder.$logic_or$rtl/decoder.v:224$165_Y $flatten\complex.\l_hart[0].core.\decoder.$logic_or$rtl/decoder.v:558$638_Y $flatten\complex.\l_hart[0].core.\decoder.$logic_or$rtl/decoder.v:560$639_Y $flatten\complex.\l_hart[0].core.\decoder.$logic_or$rtl/decoder.v:561$640_Y $flatten\complex.\l_hart[0].core.\decoder.$logic_or$rtl/decoder.v:562$646_Y $flatten\complex.\l_hart[0].core.\decoder.$logic_or$rtl/decoder.v:775$763_Y $flatten\complex.\l_hart[0].core.\decoder.$logic_or$rtl/decoder.v:837$781_Y $flatten\complex.\l_hart[0].core.\decoder.$logic_or$rtl/decoder.v:963$783_Y $flatten\complex.\l_hart[0].core.\decoder.$logic_or$rtl/decoder.v:971$788_Y $flatten\complex.\l_hart[0].core.\decoder.\current_regs.$logic_or$rtl/regsel.v:102$1183_Y $flatten\complex.\l_hart[0].core.\decoder.\current_regs.$logic_or$rtl/regsel.v:101$1179_Y $flatten\complex.\l_hart[0].core.\decoder.\current_regs.$logic_or$rtl/regsel.v:92$1171_Y $flatten\complex.\l_hart[0].core.\decoder.\current_regs.$logic_or$rtl/regsel.v:88$1168_Y $flatten\complex.\l_hart[0].core.\decoder.\current_regs.$logic_or$rtl/regsel.v:87$1158_Y \complex.l_hart[0].core.decoder.current_regs.instr_caddi16sp \complex.l_hart[0].core.decoder.current_regs.instr_caddi4spn \complex.l_hart[0].core.decoder.current_regs.instr_cswsp \complex.l_hart[0].core.decoder.current_regs.instr_clwsp $flatten\complex.\l_hart[0].core.\decoder.\next_regs.$logic_or$rtl/regsel.v:103$1184_Y $flatten\complex.\l_hart[0].core.\decoder.\next_regs.$logic_or$rtl/regsel.v:102$1183_Y $flatten\complex.\l_hart[0].core.\decoder.\next_regs.$logic_or$rtl/regsel.v:101$1179_Y $flatten\complex.\l_hart[0].core.\decoder.\next_regs.$logic_or$rtl/regsel.v:92$1171_Y $flatten\complex.\l_hart[0].core.\decoder.\next_regs.$logic_or$rtl/regsel.v:88$1168_Y $flatten\complex.\l_hart[0].core.\decoder.\next_regs.$logic_or$rtl/regsel.v:87$1158_Y $flatten\complex.\l_hart[0].core.\decoder.\next_regs.$eq$rtl/regsel.v:21$1050_Y $flatten\complex.\l_hart[0].core.\regfile.$logic_and$rtl/regfile.v:37$1024_Y $flatten\complex.\l_hart[0].core.\regfile.$logic_and$rtl/regfile.v:38$1028_Y $flatten\complex.\l_hart[0].core.\fetcher.$eq$rtl/fetcher.v:58$849_Y \complex.l_hart[0].core.csr_mret_entry \complex.l_hart[1].core.csrs.wen \complex.l_hart[1].core.csrs.trap_entry \complex.l_hart[1].core.csrs.wr_mcycle \complex.l_hart[1].core.csrs.wr_mcycleh \complex.l_hart[1].core.csrs.wr_minstret \complex.l_hart[1].core.csrs.wr_minstreth \complex.l_hart[1].core.csrs.mcycle_tick \complex.l_hart[1].core.csrs.minstret_tick $flatten\complex.\l_hart[1].core.\csrs.$eq$rtl/csrs.v:249$1879_Y $flatten\complex.\l_hart[1].core.\csrs.$eq$rtl/csrs.v:250$1881_Y $flatten\complex.\l_hart[1].core.\csrs.$eq$rtl/csrs.v:251$1883_Y $flatten\complex.\l_hart[1].core.\csrs.$eq$rtl/csrs.v:252$1885_Y $flatten\complex.\l_hart[1].core.\csrs.$procmux$2280_CMP $flatten\complex.\l_hart[1].core.\csrs.$procmux$2292_CMP $flatten\complex.\l_hart[1].core.\csrs.$procmux$2321_CMP $flatten\complex.\l_hart[1].core.\csrs.$procmux$2332_CMP $flatten\complex.\l_hart[1].core.\csrs.$procmux$2345_CMP $flatten\complex.\l_hart[1].core.\csrs.$procmux$2354_CMP $flatten\complex.\l_hart[1].core.\csrs.$procmux$2372_CMP $flatten\complex.\l_hart[1].core.\csrs.$procmux$2377_CMP $flatten\complex.\l_hart[1].core.\csrs.$procmux$2383_CMP \complex.l_hart[1].core.decoder.uncompressed \complex.l_hart[1].core.decoder.instr_jal_op \complex.l_hart[1].core.decoder.instr_clui \complex.l_hart[1].core.decoder.instr_branch_op \complex.l_hart[1].core.decoder.instr_store_op \complex.l_hart[1].core.decoder.instr_math_immediate \complex.l_hart[1].core.decoder.instr_auipc \complex.l_hart[1].core.decoder.instr_jalr \complex.l_hart[1].core.decoder.instr_beq \complex.l_hart[1].core.decoder.instr_bne \complex.l_hart[1].core.decoder.instr_blt \complex.l_hart[1].core.decoder.instr_bltu \complex.l_hart[1].core.decoder.instr_bge \complex.l_hart[1].core.decoder.instr_bgeu \complex.l_hart[1].core.decoder.instr_lui \complex.l_hart[1].core.decoder.instr_ecall \complex.l_hart[1].core.decoder.instr_ebreak \complex.l_hart[1].core.decoder.instr_csrrw \complex.l_hart[1].core.decoder.instr_csrrs \complex.l_hart[1].core.decoder.instr_csr_access \complex.l_hart[1].core.decoder.is_csr_imm \complex.l_hart[1].core.decoder.instr_mret \complex.l_hart[1].core.decoder.load_misaligned \complex.l_hart[1].core.decoder.store_misaligned \complex.l_hart[1].core.decoder.load_access_fault \complex.l_hart[1].core.decoder.store_access_fault \complex.l_hart[1].core.decoder.instr_illegal \complex.l_hart[1].core.decoder.trap_pending \complex.l_hart[1].core.decoder.trap_taken \complex.l_hart[1].core.decoder.instr_math \complex.l_hart[1].core.decoder.instr_shift \complex.l_hart[1].core.decoder.stall $flatten\complex.\l_hart[1].core.\decoder.$eq$rtl/decoder.v:117$158_Y $flatten\complex.\l_hart[1].core.\decoder.$logic_or$rtl/decoder.v:210$163_Y $flatten\complex.\l_hart[1].core.\decoder.$logic_or$rtl/decoder.v:223$164_Y $flatten\complex.\l_hart[1].core.\decoder.$logic_or$rtl/decoder.v:224$165_Y $flatten\complex.\l_hart[1].core.\decoder.$logic_or$rtl/decoder.v:558$638_Y $flatten\complex.\l_hart[1].core.\decoder.$logic_or$rtl/decoder.v:560$639_Y $flatten\complex.\l_hart[1].core.\decoder.$logic_or$rtl/decoder.v:561$640_Y $flatten\complex.\l_hart[1].core.\decoder.$logic_or$rtl/decoder.v:562$646_Y $flatten\complex.\l_hart[1].core.\decoder.$logic_or$rtl/decoder.v:775$763_Y $flatten\complex.\l_hart[1].core.\decoder.$logic_or$rtl/decoder.v:837$781_Y $flatten\complex.\l_hart[1].core.\decoder.$logic_or$rtl/decoder.v:963$783_Y $flatten\complex.\l_hart[1].core.\decoder.$logic_or$rtl/decoder.v:971$788_Y $flatten\complex.\l_hart[1].core.\decoder.\current_regs.$logic_or$rtl/regsel.v:102$1183_Y $flatten\complex.\l_hart[1].core.\decoder.\current_regs.$logic_or$rtl/regsel.v:101$1179_Y $flatten\complex.\l_hart[1].core.\decoder.\current_regs.$logic_or$rtl/regsel.v:92$1171_Y $flatten\complex.\l_hart[1].core.\decoder.\current_regs.$logic_or$rtl/regsel.v:88$1168_Y $flatten\complex.\l_hart[1].core.\decoder.\current_regs.$logic_or$rtl/regsel.v:87$1158_Y \complex.l_hart[1].core.decoder.current_regs.instr_caddi16sp \complex.l_hart[1].core.decoder.current_regs.instr_caddi4spn \complex.l_hart[1].core.decoder.current_regs.instr_cswsp \complex.l_hart[1].core.decoder.current_regs.instr_clwsp $flatten\complex.\l_hart[1].core.\decoder.\next_regs.$logic_or$rtl/regsel.v:103$1184_Y $flatten\complex.\l_hart[1].core.\decoder.\next_regs.$logic_or$rtl/regsel.v:102$1183_Y $flatten\complex.\l_hart[1].core.\decoder.\next_regs.$logic_or$rtl/regsel.v:101$1179_Y $flatten\complex.\l_hart[1].core.\decoder.\next_regs.$logic_or$rtl/regsel.v:92$1171_Y $flatten\complex.\l_hart[1].core.\decoder.\next_regs.$logic_or$rtl/regsel.v:88$1168_Y $flatten\complex.\l_hart[1].core.\decoder.\next_regs.$logic_or$rtl/regsel.v:87$1158_Y $flatten\complex.\l_hart[1].core.\decoder.\next_regs.$eq$rtl/regsel.v:21$1050_Y $flatten\complex.\l_hart[1].core.\regfile.$logic_and$rtl/regfile.v:37$1024_Y $flatten\complex.\l_hart[1].core.\regfile.$logic_and$rtl/regfile.v:38$1028_Y $flatten\complex.\l_hart[1].core.\fetcher.$eq$rtl/fetcher.v:58$849_Y \complex.l_hart[1].core.csr_mret_entry $auto$opt_reduce.cc:137:opt_pmux$3912 $auto$opt_reduce.cc:137:opt_pmux$3914 $auto$opt_reduce.cc:137:opt_pmux$3916 $auto$opt_reduce.cc:137:opt_pmux$3918 $auto$opt_reduce.cc:137:opt_pmux$3920 $auto$opt_reduce.cc:137:opt_pmux$3922 $auto$opt_reduce.cc:137:opt_pmux$3924 $auto$opt_reduce.cc:137:opt_pmux$3926 $auto$opt_reduce.cc:137:opt_pmux$3928 $auto$opt_reduce.cc:137:opt_pmux$3930 $auto$opt_reduce.cc:137:opt_pmux$3934 $auto$opt_reduce.cc:137:opt_pmux$3936 $auto$opt_reduce.cc:137:opt_pmux$3938 $auto$opt_reduce.cc:137:opt_pmux$3940 $auto$opt_reduce.cc:137:opt_pmux$3942 $auto$opt_reduce.cc:137:opt_pmux$3944 $auto$opt_reduce.cc:137:opt_pmux$3946 $auto$opt_reduce.cc:137:opt_pmux$3948 $auto$opt_reduce.cc:137:opt_pmux$3950 $auto$opt_reduce.cc:137:opt_pmux$3952 }
      Activation pattern for cell $flatten\complex.\l_hart[1].core.\fetcher.$shr$rtl/fetcher.v:46$848: \reset = 1'0
      Activation pattern for cell $flatten\complex.\l_hart[1].core.\fetcher.$shr$rtl/fetcher.v:46$848: { \complex.imem.fetch_stall [1] \reset } = 2'00
      Activation pattern for cell $flatten\complex.\l_hart[0].core.\fetcher.$shr$rtl/fetcher.v:46$848: \reset = 1'0
      Activation pattern for cell $flatten\complex.\l_hart[0].core.\fetcher.$shr$rtl/fetcher.v:46$848: { \complex.imem.fetch_stall [0] \reset } = 2'00
      Size of SAT problem: 0 cells, 25 variables, 63 clauses
      According to the SAT solver this pair of cells can not be shared.
      Model from SAT solver: { \complex.imem.fetch_stall \reset } = 3'000
  Analyzing resource sharing options for $flatten\complex.\l_hart[1].core.\regfile.$memrd$\regs_b$rtl/regfile.v:38$1029 ($memrd):
    Found 1 activation_patterns using ctrl signal $flatten\complex.\l_hart[1].core.\regfile.$logic_and$rtl/regfile.v:38$1028_Y.
    No candidates found.
  Analyzing resource sharing options for $flatten\complex.\l_hart[1].core.\regfile.$memrd$\regs_a$rtl/regfile.v:37$1025 ($memrd):
    Found 1 activation_patterns using ctrl signal $flatten\complex.\l_hart[1].core.\regfile.$logic_and$rtl/regfile.v:37$1024_Y.
    No candidates found.
  Analyzing resource sharing options for $flatten\complex.\l_hart[0].core.\executor.$mul$rtl/executor.v:114$816 ($mul):
    Found 1 activation_patterns using ctrl signal { $flatten\complex.\l_hart[0].core.\executor.$logic_or$rtl/executor.v:161$829_Y $flatten\complex.\l_hart[0].core.\executor.$procmux$2744_CMP }.
    Found 1 candidates: $flatten\complex.\l_hart[1].core.\executor.$mul$rtl/executor.v:114$816
    Analyzing resource sharing with $flatten\complex.\l_hart[1].core.\executor.$mul$rtl/executor.v:114$816 ($mul):
      Found 1 activation_patterns using ctrl signal { $flatten\complex.\l_hart[1].core.\executor.$logic_or$rtl/executor.v:161$829_Y $flatten\complex.\l_hart[1].core.\executor.$procmux$2744_CMP }.
      Activation pattern for cell $flatten\complex.\l_hart[0].core.\executor.$mul$rtl/executor.v:114$816: { $flatten\complex.\l_hart[0].core.\executor.$logic_or$rtl/executor.v:161$829_Y $flatten\complex.\l_hart[0].core.\executor.$procmux$2744_CMP } = 2'11
      Activation pattern for cell $flatten\complex.\l_hart[1].core.\executor.$mul$rtl/executor.v:114$816: { $flatten\complex.\l_hart[1].core.\executor.$logic_or$rtl/executor.v:161$829_Y $flatten\complex.\l_hart[1].core.\executor.$procmux$2744_CMP } = 2'11
      Size of SAT problem: 8 cells, 72 variables, 161 clauses
      According to the SAT solver this pair of cells can not be shared.
      Model from SAT solver: { $flatten\complex.\l_hart[0].core.\executor.$logic_or$rtl/executor.v:161$829_Y $flatten\complex.\l_hart[0].core.\executor.$procmux$2744_CMP $flatten\complex.\l_hart[1].core.\executor.$logic_or$rtl/executor.v:161$829_Y $flatten\complex.\l_hart[1].core.\executor.$procmux$2744_CMP } = 4'1111
  Analyzing resource sharing options for $flatten\complex.\l_hart[1].core.\executor.$mul$rtl/executor.v:114$816 ($mul):
    Found 1 activation_patterns using ctrl signal { $flatten\complex.\l_hart[1].core.\executor.$logic_or$rtl/executor.v:161$829_Y $flatten\complex.\l_hart[1].core.\executor.$procmux$2744_CMP }.
    No candidates found.
  Analyzing resource sharing options for $flatten\complex.\l_hart[1].core.\executor.$sshr$rtl/executor.v:41$795 ($sshr):
    Found 2 activation_patterns using ctrl signal { $flatten\complex.\l_hart[1].core.\executor.$logic_or$rtl/executor.v:158$824_Y $flatten\complex.\l_hart[1].core.\executor.$procmux$2744_CMP \complex.l_hart[1].core.decoder.out [24] }.
    Found 1 candidates: $flatten\complex.\l_hart[0].core.\executor.$sshr$rtl/executor.v:41$795
    Analyzing resource sharing with $flatten\complex.\l_hart[0].core.\executor.$sshr$rtl/executor.v:41$795 ($sshr):
      Found 2 activation_patterns using ctrl signal { $flatten\complex.\l_hart[0].core.\executor.$logic_or$rtl/executor.v:158$824_Y $flatten\complex.\l_hart[0].core.\executor.$procmux$2744_CMP \complex.l_hart[0].core.decoder.out [24] }.
      Activation pattern for cell $flatten\complex.\l_hart[1].core.\executor.$sshr$rtl/executor.v:41$795: { $flatten\complex.\l_hart[1].core.\executor.$logic_or$rtl/executor.v:158$824_Y $flatten\complex.\l_hart[1].core.\executor.$procmux$2744_CMP } = 2'11
      Activation pattern for cell $flatten\complex.\l_hart[1].core.\executor.$sshr$rtl/executor.v:41$795: { $flatten\complex.\l_hart[1].core.\executor.$procmux$2744_CMP \complex.l_hart[1].core.decoder.out [24] } = 2'11
      Activation pattern for cell $flatten\complex.\l_hart[0].core.\executor.$sshr$rtl/executor.v:41$795: { $flatten\complex.\l_hart[0].core.\executor.$logic_or$rtl/executor.v:158$824_Y $flatten\complex.\l_hart[0].core.\executor.$procmux$2744_CMP } = 2'11
      Activation pattern for cell $flatten\complex.\l_hart[0].core.\executor.$sshr$rtl/executor.v:41$795: { $flatten\complex.\l_hart[0].core.\executor.$procmux$2744_CMP \complex.l_hart[0].core.decoder.out [24] } = 2'11
      Size of SAT problem: 4 cells, 64 variables, 151 clauses
      According to the SAT solver this pair of cells can not be shared.
      Model from SAT solver: { $flatten\complex.\l_hart[0].core.\executor.$logic_or$rtl/executor.v:158$824_Y $flatten\complex.\l_hart[0].core.\executor.$procmux$2744_CMP \complex.l_hart[0].core.decoder.out [24] $flatten\complex.\l_hart[1].core.\executor.$logic_or$rtl/executor.v:158$824_Y $flatten\complex.\l_hart[1].core.\executor.$procmux$2744_CMP \complex.l_hart[1].core.decoder.out [24] } = 6'011110
  Analyzing resource sharing options for $flatten\complex.\l_hart[0].core.\fetcher.$shr$rtl/fetcher.v:46$848 ($shr):
    Found 8 activation_patterns using ctrl signal { \complex.imem.fetch_stall [0] \complex.l_hart[0].core.decoder.stall $flatten\complex.\l_hart[0].core.\decoder.\next_regs.$logic_or$rtl/regsel.v:103$1184_Y $flatten\complex.\l_hart[0].core.\decoder.\next_regs.$logic_or$rtl/regsel.v:102$1183_Y $flatten\complex.\l_hart[0].core.\decoder.\next_regs.$logic_or$rtl/regsel.v:101$1179_Y $flatten\complex.\l_hart[0].core.\decoder.\next_regs.$logic_or$rtl/regsel.v:92$1171_Y $flatten\complex.\l_hart[0].core.\decoder.\next_regs.$logic_or$rtl/regsel.v:88$1168_Y $flatten\complex.\l_hart[0].core.\decoder.\next_regs.$logic_or$rtl/regsel.v:87$1158_Y \reset $auto$opt_reduce.cc:137:opt_pmux$3930 }.
    No candidates found.
  Analyzing resource sharing options for $flatten\complex.\l_hart[0].core.\regfile.$memrd$\regs_b$rtl/regfile.v:38$1029 ($memrd):
    Found 1 activation_patterns using ctrl signal $flatten\complex.\l_hart[0].core.\regfile.$logic_and$rtl/regfile.v:38$1028_Y.
    No candidates found.
  Analyzing resource sharing options for $flatten\complex.\l_hart[0].core.\regfile.$memrd$\regs_a$rtl/regfile.v:37$1025 ($memrd):
    Found 1 activation_patterns using ctrl signal $flatten\complex.\l_hart[0].core.\regfile.$logic_and$rtl/regfile.v:37$1024_Y.
    No candidates found.
  Analyzing resource sharing options for $flatten\complex.\l_hart[0].core.\executor.$sshr$rtl/executor.v:41$795 ($sshr):
    Found 2 activation_patterns using ctrl signal { $flatten\complex.\l_hart[0].core.\executor.$logic_or$rtl/executor.v:158$824_Y $flatten\complex.\l_hart[0].core.\executor.$procmux$2744_CMP \complex.l_hart[0].core.decoder.out [24] }.
    No candidates found.

17.19. Executing TECHMAP pass (map to technology primitives).

17.19.1. Executing Verilog-2005 frontend: /Users/jeff/.cache/little-cpu/oss-cad-suite/libexec/../share/yosys/cmp2lut.v
Parsing Verilog input from `/Users/jeff/.cache/little-cpu/oss-cad-suite/libexec/../share/yosys/cmp2lut.v' to AST representation.
Generating RTLIL representation for module `\_90_lut_cmp_'.
Successfully finished Verilog frontend.

17.19.2. Continuing TECHMAP pass.
No more expansions possible.
<suppressed ~62 debug messages>

17.20. Executing OPT_EXPR pass (perform const folding).
Optimizing module littledualsoc.

17.21. Executing OPT_CLEAN pass (remove unused cells and wires).
Finding unused cells or wires in module \littledualsoc..

17.22. Executing TECHMAP pass (map to technology primitives).

17.22.1. Executing Verilog-2005 frontend: /Users/jeff/.cache/little-cpu/oss-cad-suite/libexec/../share/yosys/mul2dsp.v
Parsing Verilog input from `/Users/jeff/.cache/little-cpu/oss-cad-suite/libexec/../share/yosys/mul2dsp.v' to AST representation.
Generating RTLIL representation for module `\_80_mul'.
Generating RTLIL representation for module `\_90_soft_mul'.
Successfully finished Verilog frontend.

17.22.2. Continuing TECHMAP pass.
Using template $paramod$550e203a952dbffa6a242dc3ff52d918f7107edc\_80_mul for cells of type $mul.
Using template $paramod$20c936a0792f4d1374c5655c28d1183b326ddc16\_80_mul for cells of type $__mul.
Using template $paramod$53619bec844f404c540ad98bff25578b57460b55\_80_mul for cells of type $__mul.
Using template $paramod$dea5bd344db76a97cfc2d2ce1e3c016835e6674d\_80_mul for cells of type $__mul.
Using template $paramod$2b87aee4ebaafa612245fc7fd7616dd6042fdae6\_80_mul for cells of type $__mul.
Using template $paramod$6b575be7a871ec606b9b0767ebd93c7f3c2d2c79\_80_mul for cells of type $__mul.
Using template $paramod$ba1b36458f074a6329f9cad9c8b71be8774bccea\_80_mul for cells of type $__mul.
No more expansions possible.
<suppressed ~602 debug messages>

17.23. Executing TECHMAP pass (map to technology primitives).

17.23.1. Executing Verilog-2005 frontend: /Users/jeff/.cache/little-cpu/oss-cad-suite/libexec/../share/yosys/lattice/dsp_map_18x18.v
Parsing Verilog input from `/Users/jeff/.cache/little-cpu/oss-cad-suite/libexec/../share/yosys/lattice/dsp_map_18x18.v' to AST representation.
Generating RTLIL representation for module `$__MUL18X18'.
Successfully finished Verilog frontend.

17.23.2. Continuing TECHMAP pass.
Using template $paramod$8966f1902fe419d84ad9f3abc17827c8390a13bf$__MUL18X18 for cells of type $__MUL18X18.
Using template $paramod$2d2a570e39348c56898214c319f101b20f7da6fb$__MUL18X18 for cells of type $__MUL18X18.
Using template $paramod$e5ade21dea2c4d51df0cdca72b2a93a08fd8e7d1$__MUL18X18 for cells of type $__MUL18X18.
No more expansions possible.
<suppressed ~68 debug messages>

17.24. Executing ALUMACC pass (create $alu and $macc cells).
Extracting $alu and $macc cells in module littledualsoc:
  creating $macc model for $techmap$flatten\complex.\l_hart[0].core.\executor.$mul$rtl/executor.v:114$816.genblk1.genblk1.genblk1.genblk1.genblk1.sliceA[0].mul.$add$/Users/jeff/.cache/little-cpu/oss-cad-suite/libexec/../share/yosys/mul2dsp.v:232$4485 ($add).
  creating $macc model for $techmap$flatten\complex.\l_hart[0].core.\executor.$mul$rtl/executor.v:114$816.genblk1.genblk1.genblk1.genblk1.genblk1.sliceA.last.$add$/Users/jeff/.cache/little-cpu/oss-cad-suite/libexec/../share/yosys/mul2dsp.v:232$4481 ($add).
  creating $macc model for $techmap$flatten\complex.\l_hart[1].core.\executor.$mul$rtl/executor.v:114$816.genblk1.genblk1.genblk1.genblk1.genblk1.sliceA[0].mul.$add$/Users/jeff/.cache/little-cpu/oss-cad-suite/libexec/../share/yosys/mul2dsp.v:232$4485 ($add).
  creating $macc model for $techmap$flatten\complex.\l_hart[1].core.\executor.$mul$rtl/executor.v:114$816.genblk1.genblk1.genblk1.genblk1.genblk1.sliceA.last.$add$/Users/jeff/.cache/little-cpu/oss-cad-suite/libexec/../share/yosys/mul2dsp.v:232$4481 ($add).
  creating $macc model for $techmap$flatten\complex.\l_hart[0].core.\executor.$mul$rtl/executor.v:114$816.$add$/Users/jeff/.cache/little-cpu/oss-cad-suite/libexec/../share/yosys/mul2dsp.v:175$4477 ($add).
  creating $macc model for $techmap$flatten\complex.\l_hart[1].core.\executor.$mul$rtl/executor.v:114$816.$add$/Users/jeff/.cache/little-cpu/oss-cad-suite/libexec/../share/yosys/mul2dsp.v:175$4477 ($add).
  creating $macc model for $flatten\complex.\l_hart[0].core.\decoder.$add$rtl/decoder.v:438$592 ($add).
  creating $macc model for $flatten\complex.\l_hart[0].core.\decoder.$add$rtl/decoder.v:452$593 ($add).
  creating $macc model for $flatten\complex.\l_hart[0].core.\decoder.$sub$rtl/decoder.v:742$751 ($sub).
  creating $macc model for $flatten\complex.\l_hart[0].core.\decoder.$add$rtl/decoder.v:772$761 ($add).
  creating $macc model for $flatten\complex.\l_hart[0].core.\decoder.$add$rtl/decoder.v:775$764 ($add).
  creating $macc model for $flatten\complex.\l_hart[0].core.\decoder.$add$rtl/decoder.v:777$765 ($add).
  creating $macc model for $flatten\complex.\l_hart[0].core.\executor.$neg$rtl/executor.v:234$844 ($neg).
  creating $macc model for $flatten\complex.\l_hart[0].core.\executor.$sub$rtl/executor.v:232$843 ($sub).
  creating $macc model for $flatten\complex.\l_hart[0].core.\csrs.$add$rtl/csrs.v:268$1504 ($add).
  creating $macc model for $flatten\complex.\l_hart[0].core.\csrs.$add$rtl/csrs.v:269$1506 ($add).
  creating $macc model for $flatten\complex.\l_hart[0].core.\executor.$neg$rtl/executor.v:48$798 ($neg).
  creating $macc model for $flatten\complex.\l_hart[0].core.\executor.$neg$rtl/executor.v:49$802 ($neg).
  creating $macc model for $flatten\complex.\l_hart[0].core.\executor.$sub$rtl/executor.v:23$790 ($sub).
  creating $macc model for $flatten\complex.\l_hart[1].core.\accessor.$add$rtl/accessor.v:247$50 ($add).
  creating $macc model for $flatten\complex.\l_hart[1].core.\accessor.$add$rtl/accessor.v:247$51 ($add).
  creating $macc model for $flatten\complex.\l_hart[1].core.\executor.$neg$rtl/executor.v:48$798 ($neg).
  creating $macc model for $flatten\complex.\l_hart[1].core.\executor.$neg$rtl/executor.v:49$802 ($neg).
  creating $macc model for $flatten\complex.\l_hart[1].core.\executor.$sub$rtl/executor.v:71$804 ($sub).
  creating $macc model for $flatten\complex.\l_hart[1].core.\executor.$sub$rtl/executor.v:116$818 ($sub).
  creating $macc model for $flatten\complex.\l_hart[1].core.\executor.$sub$rtl/executor.v:116$820 ($sub).
  creating $macc model for $flatten\complex.\l_hart[1].core.\executor.$add$rtl/executor.v:150$822 ($add).
  creating $macc model for $flatten\complex.\l_hart[1].core.\executor.$sub$rtl/executor.v:232$843 ($sub).
  creating $macc model for $flatten\complex.\l_hart[1].core.\executor.$neg$rtl/executor.v:234$844 ($neg).
  creating $macc model for $flatten\complex.\l_hart[1].core.\csrs.$add$rtl/csrs.v:268$1896 ($add).
  creating $macc model for $flatten\complex.\l_hart[1].core.\csrs.$add$rtl/csrs.v:269$1898 ($add).
  creating $macc model for $flatten\complex.\mtimer.$add$rtl/timer.v:110$1527 ($add).
  creating $macc model for $flatten\complex.\l_hart[0].core.\executor.$sub$rtl/executor.v:71$804 ($sub).
  creating $macc model for $flatten\complex.\l_hart[0].core.\accessor.$add$rtl/accessor.v:247$50 ($add).
  creating $macc model for $flatten\complex.\l_hart[0].core.\accessor.$add$rtl/accessor.v:247$51 ($add).
  creating $macc model for $flatten\complex.\l_hart[1].core.\decoder.$add$rtl/decoder.v:438$592 ($add).
  creating $macc model for $flatten\complex.\l_hart[1].core.\decoder.$add$rtl/decoder.v:452$593 ($add).
  creating $macc model for $flatten\complex.\l_hart[1].core.\decoder.$sub$rtl/decoder.v:742$751 ($sub).
  creating $macc model for $flatten\complex.\l_hart[1].core.\decoder.$add$rtl/decoder.v:772$761 ($add).
  creating $macc model for $flatten\complex.\l_hart[1].core.\decoder.$add$rtl/decoder.v:775$764 ($add).
  creating $macc model for $flatten\complex.\l_hart[1].core.\decoder.$add$rtl/decoder.v:777$765 ($add).
  creating $macc model for $flatten\complex.\l_hart[0].core.\executor.$sub$rtl/executor.v:116$818 ($sub).
  creating $macc model for $flatten\complex.\imem.$add$rtl/imemory.v:202$1850 ($add).
  creating $macc model for $flatten\complex.\l_hart[0].core.\executor.$sub$rtl/executor.v:116$820 ($sub).
  creating $macc model for $flatten\complex.\l_hart[0].core.\executor.$add$rtl/executor.v:150$822 ($add).
  creating $macc model for $flatten\complex.\imem.$add$rtl/imemory.v:96$1745 ($add).
  creating $macc model for $flatten\complex.\l_hart[1].core.\executor.$sub$rtl/executor.v:23$790 ($sub).
  creating $macc model for $add$rtl/littledualsoc.v:37$1238 ($add).
  merging $macc model for $flatten\complex.\l_hart[0].core.\executor.$sub$rtl/executor.v:116$818 into $flatten\complex.\l_hart[0].core.\executor.$sub$rtl/executor.v:116$820.
  merging $macc model for $flatten\complex.\l_hart[0].core.\accessor.$add$rtl/accessor.v:247$50 into $flatten\complex.\l_hart[0].core.\accessor.$add$rtl/accessor.v:247$51.
  merging $macc model for $flatten\complex.\l_hart[1].core.\executor.$sub$rtl/executor.v:116$818 into $flatten\complex.\l_hart[1].core.\executor.$sub$rtl/executor.v:116$820.
  merging $macc model for $flatten\complex.\l_hart[1].core.\accessor.$add$rtl/accessor.v:247$50 into $flatten\complex.\l_hart[1].core.\accessor.$add$rtl/accessor.v:247$51.
  creating $alu model for $macc $flatten\complex.\imem.$add$rtl/imemory.v:202$1850.
  creating $alu model for $macc $flatten\complex.\l_hart[0].core.\executor.$add$rtl/executor.v:150$822.
  creating $alu model for $macc $flatten\complex.\l_hart[1].core.\decoder.$add$rtl/decoder.v:777$765.
  creating $alu model for $macc $flatten\complex.\l_hart[1].core.\decoder.$add$rtl/decoder.v:775$764.
  creating $alu model for $macc $flatten\complex.\l_hart[1].core.\decoder.$add$rtl/decoder.v:772$761.
  creating $alu model for $macc $flatten\complex.\l_hart[1].core.\decoder.$sub$rtl/decoder.v:742$751.
  creating $alu model for $macc $flatten\complex.\l_hart[1].core.\decoder.$add$rtl/decoder.v:452$593.
  creating $alu model for $macc $flatten\complex.\l_hart[1].core.\decoder.$add$rtl/decoder.v:438$592.
  creating $alu model for $macc $flatten\complex.\l_hart[0].core.\accessor.$add$rtl/accessor.v:247$51.
  creating $alu model for $macc $flatten\complex.\imem.$add$rtl/imemory.v:96$1745.
  creating $alu model for $macc $flatten\complex.\l_hart[0].core.\executor.$sub$rtl/executor.v:71$804.
  creating $alu model for $macc $flatten\complex.\mtimer.$add$rtl/timer.v:110$1527.
  creating $alu model for $macc $flatten\complex.\l_hart[1].core.\csrs.$add$rtl/csrs.v:269$1898.
  creating $alu model for $macc $flatten\complex.\l_hart[1].core.\csrs.$add$rtl/csrs.v:268$1896.
  creating $alu model for $macc $flatten\complex.\l_hart[1].core.\executor.$neg$rtl/executor.v:234$844.
  creating $alu model for $macc $flatten\complex.\l_hart[1].core.\executor.$sub$rtl/executor.v:232$843.
  creating $alu model for $macc $flatten\complex.\l_hart[1].core.\executor.$add$rtl/executor.v:150$822.
  creating $alu model for $macc $flatten\complex.\l_hart[1].core.\executor.$sub$rtl/executor.v:23$790.
  creating $alu model for $macc $flatten\complex.\l_hart[1].core.\executor.$sub$rtl/executor.v:71$804.
  creating $alu model for $macc $flatten\complex.\l_hart[1].core.\executor.$neg$rtl/executor.v:49$802.
  creating $alu model for $macc $flatten\complex.\l_hart[1].core.\executor.$neg$rtl/executor.v:48$798.
  creating $alu model for $macc $flatten\complex.\l_hart[1].core.\accessor.$add$rtl/accessor.v:247$51.
  creating $alu model for $macc $add$rtl/littledualsoc.v:37$1238.
  creating $alu model for $macc $flatten\complex.\l_hart[0].core.\executor.$sub$rtl/executor.v:23$790.
  creating $alu model for $macc $flatten\complex.\l_hart[0].core.\executor.$neg$rtl/executor.v:49$802.
  creating $alu model for $macc $flatten\complex.\l_hart[0].core.\executor.$neg$rtl/executor.v:48$798.
  creating $alu model for $macc $flatten\complex.\l_hart[0].core.\csrs.$add$rtl/csrs.v:269$1506.
  creating $alu model for $macc $flatten\complex.\l_hart[0].core.\csrs.$add$rtl/csrs.v:268$1504.
  creating $alu model for $macc $flatten\complex.\l_hart[0].core.\executor.$sub$rtl/executor.v:232$843.
  creating $alu model for $macc $flatten\complex.\l_hart[0].core.\executor.$neg$rtl/executor.v:234$844.
  creating $alu model for $macc $flatten\complex.\l_hart[0].core.\decoder.$add$rtl/decoder.v:777$765.
  creating $alu model for $macc $flatten\complex.\l_hart[0].core.\decoder.$add$rtl/decoder.v:775$764.
  creating $alu model for $macc $flatten\complex.\l_hart[0].core.\decoder.$add$rtl/decoder.v:772$761.
  creating $alu model for $macc $flatten\complex.\l_hart[0].core.\decoder.$sub$rtl/decoder.v:742$751.
  creating $alu model for $macc $flatten\complex.\l_hart[0].core.\decoder.$add$rtl/decoder.v:452$593.
  creating $alu model for $macc $flatten\complex.\l_hart[0].core.\decoder.$add$rtl/decoder.v:438$592.
  creating $alu model for $macc $techmap$flatten\complex.\l_hart[1].core.\executor.$mul$rtl/executor.v:114$816.$add$/Users/jeff/.cache/little-cpu/oss-cad-suite/libexec/../share/yosys/mul2dsp.v:175$4477.
  creating $alu model for $macc $techmap$flatten\complex.\l_hart[0].core.\executor.$mul$rtl/executor.v:114$816.$add$/Users/jeff/.cache/little-cpu/oss-cad-suite/libexec/../share/yosys/mul2dsp.v:175$4477.
  creating $alu model for $macc $techmap$flatten\complex.\l_hart[1].core.\executor.$mul$rtl/executor.v:114$816.genblk1.genblk1.genblk1.genblk1.genblk1.sliceA.last.$add$/Users/jeff/.cache/little-cpu/oss-cad-suite/libexec/../share/yosys/mul2dsp.v:232$4481.
  creating $alu model for $macc $techmap$flatten\complex.\l_hart[1].core.\executor.$mul$rtl/executor.v:114$816.genblk1.genblk1.genblk1.genblk1.genblk1.sliceA[0].mul.$add$/Users/jeff/.cache/little-cpu/oss-cad-suite/libexec/../share/yosys/mul2dsp.v:232$4485.
  creating $alu model for $macc $techmap$flatten\complex.\l_hart[0].core.\executor.$mul$rtl/executor.v:114$816.genblk1.genblk1.genblk1.genblk1.genblk1.sliceA.last.$add$/Users/jeff/.cache/little-cpu/oss-cad-suite/libexec/../share/yosys/mul2dsp.v:232$4481.
  creating $alu model for $macc $techmap$flatten\complex.\l_hart[0].core.\executor.$mul$rtl/executor.v:114$816.genblk1.genblk1.genblk1.genblk1.genblk1.sliceA[0].mul.$add$/Users/jeff/.cache/little-cpu/oss-cad-suite/libexec/../share/yosys/mul2dsp.v:232$4485.
  creating $macc cell for $flatten\complex.\l_hart[1].core.\executor.$sub$rtl/executor.v:116$820: $auto$alumacc.cc:399:replace_macc$4502
  creating $macc cell for $flatten\complex.\l_hart[0].core.\executor.$sub$rtl/executor.v:116$820: $auto$alumacc.cc:399:replace_macc$4503
  creating $alu model for $flatten\complex.\mtimer.$ge$rtl/timer.v:172$1541 ($ge): new $alu
  creating $alu model for $flatten\complex.\l_hart[1].core.\csrs.$gt$rtl/csrs.v:164$1870 ($gt): new $alu
  creating $alu model for $flatten\complex.\mtimer.$ge$rtl/timer.v:238$1530 ($ge): new $alu
  creating $alu model for $flatten\complex.\l_hart[0].core.\csrs.$gt$rtl/csrs.v:164$1478 ($gt): new $alu
  creating $alu cell for $flatten\complex.\l_hart[0].core.\csrs.$gt$rtl/csrs.v:164$1478: $auto$alumacc.cc:548:replace_alu$4508
  creating $alu cell for $flatten\complex.\mtimer.$ge$rtl/timer.v:238$1530: $auto$alumacc.cc:548:replace_alu$4519
  creating $alu cell for $flatten\complex.\l_hart[1].core.\csrs.$gt$rtl/csrs.v:164$1870: $auto$alumacc.cc:548:replace_alu$4532
  creating $alu cell for $flatten\complex.\mtimer.$ge$rtl/timer.v:172$1541: $auto$alumacc.cc:548:replace_alu$4543
  creating $alu cell for $techmap$flatten\complex.\l_hart[0].core.\executor.$mul$rtl/executor.v:114$816.genblk1.genblk1.genblk1.genblk1.genblk1.sliceA[0].mul.$add$/Users/jeff/.cache/little-cpu/oss-cad-suite/libexec/../share/yosys/mul2dsp.v:232$4485: $auto$alumacc.cc:548:replace_alu$4556
  creating $alu cell for $techmap$flatten\complex.\l_hart[0].core.\executor.$mul$rtl/executor.v:114$816.genblk1.genblk1.genblk1.genblk1.genblk1.sliceA.last.$add$/Users/jeff/.cache/little-cpu/oss-cad-suite/libexec/../share/yosys/mul2dsp.v:232$4481: $auto$alumacc.cc:548:replace_alu$4559
  creating $alu cell for $techmap$flatten\complex.\l_hart[1].core.\executor.$mul$rtl/executor.v:114$816.genblk1.genblk1.genblk1.genblk1.genblk1.sliceA[0].mul.$add$/Users/jeff/.cache/little-cpu/oss-cad-suite/libexec/../share/yosys/mul2dsp.v:232$4485: $auto$alumacc.cc:548:replace_alu$4562
  creating $alu cell for $techmap$flatten\complex.\l_hart[1].core.\executor.$mul$rtl/executor.v:114$816.genblk1.genblk1.genblk1.genblk1.genblk1.sliceA.last.$add$/Users/jeff/.cache/little-cpu/oss-cad-suite/libexec/../share/yosys/mul2dsp.v:232$4481: $auto$alumacc.cc:548:replace_alu$4565
  creating $alu cell for $techmap$flatten\complex.\l_hart[0].core.\executor.$mul$rtl/executor.v:114$816.$add$/Users/jeff/.cache/little-cpu/oss-cad-suite/libexec/../share/yosys/mul2dsp.v:175$4477: $auto$alumacc.cc:548:replace_alu$4568
  creating $alu cell for $techmap$flatten\complex.\l_hart[1].core.\executor.$mul$rtl/executor.v:114$816.$add$/Users/jeff/.cache/little-cpu/oss-cad-suite/libexec/../share/yosys/mul2dsp.v:175$4477: $auto$alumacc.cc:548:replace_alu$4571
  creating $alu cell for $flatten\complex.\l_hart[0].core.\decoder.$add$rtl/decoder.v:452$593: $auto$alumacc.cc:548:replace_alu$4574
  creating $alu cell for $flatten\complex.\l_hart[0].core.\decoder.$sub$rtl/decoder.v:742$751: $auto$alumacc.cc:548:replace_alu$4577
  creating $alu cell for $flatten\complex.\l_hart[0].core.\decoder.$add$rtl/decoder.v:438$592: $auto$alumacc.cc:548:replace_alu$4580
  creating $alu cell for $flatten\complex.\l_hart[0].core.\decoder.$add$rtl/decoder.v:772$761: $auto$alumacc.cc:548:replace_alu$4583
  creating $alu cell for $flatten\complex.\l_hart[0].core.\decoder.$add$rtl/decoder.v:775$764: $auto$alumacc.cc:548:replace_alu$4586
  creating $alu cell for $flatten\complex.\l_hart[0].core.\decoder.$add$rtl/decoder.v:777$765: $auto$alumacc.cc:548:replace_alu$4589
  creating $alu cell for $flatten\complex.\l_hart[0].core.\executor.$neg$rtl/executor.v:234$844: $auto$alumacc.cc:548:replace_alu$4592
  creating $alu cell for $flatten\complex.\l_hart[0].core.\executor.$sub$rtl/executor.v:232$843: $auto$alumacc.cc:548:replace_alu$4595
  creating $alu cell for $flatten\complex.\l_hart[0].core.\csrs.$add$rtl/csrs.v:268$1504: $auto$alumacc.cc:548:replace_alu$4598
  creating $alu cell for $flatten\complex.\l_hart[0].core.\csrs.$add$rtl/csrs.v:269$1506: $auto$alumacc.cc:548:replace_alu$4601
  creating $alu cell for $flatten\complex.\l_hart[0].core.\executor.$neg$rtl/executor.v:48$798: $auto$alumacc.cc:548:replace_alu$4604
  creating $alu cell for $flatten\complex.\l_hart[0].core.\executor.$neg$rtl/executor.v:49$802: $auto$alumacc.cc:548:replace_alu$4607
  creating $alu cell for $flatten\complex.\l_hart[0].core.\executor.$sub$rtl/executor.v:23$790: $auto$alumacc.cc:548:replace_alu$4610
  creating $alu cell for $add$rtl/littledualsoc.v:37$1238: $auto$alumacc.cc:548:replace_alu$4613
  creating $alu cell for $flatten\complex.\l_hart[1].core.\accessor.$add$rtl/accessor.v:247$51: $auto$alumacc.cc:548:replace_alu$4616
  creating $alu cell for $flatten\complex.\l_hart[1].core.\executor.$neg$rtl/executor.v:48$798: $auto$alumacc.cc:548:replace_alu$4619
  creating $alu cell for $flatten\complex.\l_hart[1].core.\executor.$neg$rtl/executor.v:49$802: $auto$alumacc.cc:548:replace_alu$4622
  creating $alu cell for $flatten\complex.\l_hart[1].core.\executor.$sub$rtl/executor.v:71$804: $auto$alumacc.cc:548:replace_alu$4625
  creating $alu cell for $flatten\complex.\l_hart[1].core.\executor.$sub$rtl/executor.v:23$790: $auto$alumacc.cc:548:replace_alu$4628
  creating $alu cell for $flatten\complex.\l_hart[1].core.\executor.$add$rtl/executor.v:150$822: $auto$alumacc.cc:548:replace_alu$4631
  creating $alu cell for $flatten\complex.\l_hart[1].core.\executor.$sub$rtl/executor.v:232$843: $auto$alumacc.cc:548:replace_alu$4634
  creating $alu cell for $flatten\complex.\l_hart[1].core.\executor.$neg$rtl/executor.v:234$844: $auto$alumacc.cc:548:replace_alu$4637
  creating $alu cell for $flatten\complex.\l_hart[1].core.\csrs.$add$rtl/csrs.v:268$1896: $auto$alumacc.cc:548:replace_alu$4640
  creating $alu cell for $flatten\complex.\l_hart[1].core.\csrs.$add$rtl/csrs.v:269$1898: $auto$alumacc.cc:548:replace_alu$4643
  creating $alu cell for $flatten\complex.\mtimer.$add$rtl/timer.v:110$1527: $auto$alumacc.cc:548:replace_alu$4646
  creating $alu cell for $flatten\complex.\l_hart[0].core.\executor.$sub$rtl/executor.v:71$804: $auto$alumacc.cc:548:replace_alu$4649
  creating $alu cell for $flatten\complex.\imem.$add$rtl/imemory.v:96$1745: $auto$alumacc.cc:548:replace_alu$4652
  creating $alu cell for $flatten\complex.\l_hart[0].core.\accessor.$add$rtl/accessor.v:247$51: $auto$alumacc.cc:548:replace_alu$4655
  creating $alu cell for $flatten\complex.\l_hart[1].core.\decoder.$add$rtl/decoder.v:452$593: $auto$alumacc.cc:548:replace_alu$4658
  creating $alu cell for $flatten\complex.\l_hart[1].core.\decoder.$sub$rtl/decoder.v:742$751: $auto$alumacc.cc:548:replace_alu$4661
  creating $alu cell for $flatten\complex.\l_hart[1].core.\decoder.$add$rtl/decoder.v:438$592: $auto$alumacc.cc:548:replace_alu$4664
  creating $alu cell for $flatten\complex.\l_hart[1].core.\decoder.$add$rtl/decoder.v:772$761: $auto$alumacc.cc:548:replace_alu$4667
  creating $alu cell for $flatten\complex.\l_hart[1].core.\decoder.$add$rtl/decoder.v:775$764: $auto$alumacc.cc:548:replace_alu$4670
  creating $alu cell for $flatten\complex.\l_hart[1].core.\decoder.$add$rtl/decoder.v:777$765: $auto$alumacc.cc:548:replace_alu$4673
  creating $alu cell for $flatten\complex.\l_hart[0].core.\executor.$add$rtl/executor.v:150$822: $auto$alumacc.cc:548:replace_alu$4676
  creating $alu cell for $flatten\complex.\imem.$add$rtl/imemory.v:202$1850: $auto$alumacc.cc:548:replace_alu$4679
  created 46 $alu and 2 $macc cells.

17.25. Executing OPT pass (performing simple optimizations).

17.25.1. Executing OPT_EXPR pass (perform const folding).
Optimizing module littledualsoc.

17.25.2. Executing OPT_MERGE pass (detect identical cells).
Finding identical cells in module `\littledualsoc'.
Computing hashes of 2585 cells of `\littledualsoc'.
Finding duplicate cells in `\littledualsoc'.
Computing hashes of 2581 cells of `\littledualsoc'.
Finding duplicate cells in `\littledualsoc'.
<suppressed ~12 debug messages>
Removed a total of 4 cells.

17.25.3. Executing OPT_MUXTREE pass (detect dead branches in mux trees).
Running muxtree optimizer on module \littledualsoc..
  Creating internal representation of mux trees.
  Evaluating internal representation of mux trees.
  Analyzing evaluation results.
Removed 0 multiplexer ports.
<suppressed ~914 debug messages>

17.25.4. Executing OPT_REDUCE pass (consolidate $*mux and $reduce_* inputs).
  Optimizing cells in module \littledualsoc.
Performed a total of 0 changes.

17.25.5. Executing OPT_MERGE pass (detect identical cells).
Finding identical cells in module `\littledualsoc'.
Computing hashes of 2581 cells of `\littledualsoc'.
Finding duplicate cells in `\littledualsoc'.
Removed a total of 0 cells.

17.25.6. Executing OPT_DFF pass (perform DFF optimizations).
Setting constant 0-bit at position 0 on $auto$ff.cc:337:slice$3985 ($dff) from module littledualsoc.
Setting constant 0-bit at position 1 on $auto$ff.cc:337:slice$3985 ($dff) from module littledualsoc.

17.25.7. Executing OPT_CLEAN pass (remove unused cells and wires).
Finding unused cells or wires in module \littledualsoc..
Removed 4 unused cells and 113 unused wires.
<suppressed ~5 debug messages>

17.25.8. Executing OPT_EXPR pass (perform const folding).
Optimizing module littledualsoc.

17.25.9. Rerunning OPT passes. (Maybe there is more to do..)

17.25.10. Executing OPT_MUXTREE pass (detect dead branches in mux trees).
Running muxtree optimizer on module \littledualsoc..
  Creating internal representation of mux trees.
  Evaluating internal representation of mux trees.
  Analyzing evaluation results.
Removed 0 multiplexer ports.
<suppressed ~914 debug messages>

17.25.11. Executing OPT_REDUCE pass (consolidate $*mux and $reduce_* inputs).
  Optimizing cells in module \littledualsoc.
Performed a total of 0 changes.

17.25.12. Executing OPT_MERGE pass (detect identical cells).
Finding identical cells in module `\littledualsoc'.
Computing hashes of 2576 cells of `\littledualsoc'.
Finding duplicate cells in `\littledualsoc'.
Removed a total of 0 cells.

17.25.13. Executing OPT_DFF pass (perform DFF optimizations).

17.25.14. Executing OPT_CLEAN pass (remove unused cells and wires).
Finding unused cells or wires in module \littledualsoc..

17.25.15. Executing OPT_EXPR pass (perform const folding).
Optimizing module littledualsoc.

17.25.16. Finished fast OPT passes. (There is nothing left to do.)

17.26. Executing MEMORY pass.

17.26.1. Executing OPT_MEM pass (optimize memories).
Performed a total of 288 transformations.

17.26.2. Executing OPT_MEM_PRIORITY pass (removing unnecessary memory write priority relations).
Performed a total of 18 transformations.

17.26.3. Executing OPT_MEM_FEEDBACK pass (finding memory read-to-write feedback paths).
  Analyzing littledualsoc.complex.imem.rom_odd write port 0.
  Analyzing littledualsoc.complex.imem.rom_odd write port 1.
  Analyzing littledualsoc.complex.imem.rom_odd write port 2.
  Analyzing littledualsoc.complex.imem.rom_odd write port 3.
  Analyzing littledualsoc.complex.imem.rom_even write port 0.
  Analyzing littledualsoc.complex.imem.rom_even write port 1.
  Analyzing littledualsoc.complex.imem.rom_even write port 2.
  Analyzing littledualsoc.complex.imem.rom_even write port 3.
  Analyzing littledualsoc.complex.dmem.ram write port 0.
  Analyzing littledualsoc.complex.dmem.ram write port 1.
  Analyzing littledualsoc.complex.dmem.ram write port 2.
  Analyzing littledualsoc.complex.dmem.ram write port 3.
  Analyzing littledualsoc.complex.l_hart[0].core.regfile.regs_a write port 0.
  Analyzing littledualsoc.complex.l_hart[0].core.regfile.regs_b write port 0.
  Analyzing littledualsoc.complex.l_hart[1].core.regfile.regs_a write port 0.
  Analyzing littledualsoc.complex.l_hart[1].core.regfile.regs_b write port 0.

17.26.4. Executing MEMORY_BMUX2ROM pass (converting muxes to ROMs).

17.26.5. Executing MEMORY_DFF pass (merging $dff cells to $memrd).
Checking read port `\complex.imem.rom_odd'[0] in module `\littledualsoc': merging output FF to cell.
    Write port 0: non-transparent.
    Write port 1: non-transparent.
    Write port 2: non-transparent.
    Write port 3: non-transparent.
Checking read port `\complex.imem.rom_odd'[1] in module `\littledualsoc': merging output FF to cell.
    Write port 0: non-transparent.
    Write port 1: non-transparent.
    Write port 2: non-transparent.
    Write port 3: non-transparent.
Checking read port `\complex.imem.rom_even'[0] in module `\littledualsoc': merging output FF to cell.
    Write port 0: non-transparent.
    Write port 1: non-transparent.
    Write port 2: non-transparent.
    Write port 3: non-transparent.
Checking read port `\complex.imem.rom_even'[1] in module `\littledualsoc': merging output FF to cell.
    Write port 0: non-transparent.
    Write port 1: non-transparent.
    Write port 2: non-transparent.
    Write port 3: non-transparent.
Checking read port `\complex.dmem.ram'[0] in module `\littledualsoc': merging output FF to cell.
    Write port 0: don't care on collision.
    Write port 1: don't care on collision.
    Write port 2: don't care on collision.
    Write port 3: don't care on collision.
Checking read port `\complex.l_hart[0].core.regfile.regs_a'[0] in module `\littledualsoc': merging output FF to cell.
    Write port 0: transparent.
Checking read port `\complex.l_hart[0].core.regfile.regs_b'[0] in module `\littledualsoc': merging output FF to cell.
    Write port 0: transparent.
Checking read port `\complex.l_hart[1].core.regfile.regs_a'[0] in module `\littledualsoc': merging output FF to cell.
    Write port 0: transparent.
Checking read port `\complex.l_hart[1].core.regfile.regs_b'[0] in module `\littledualsoc': merging output FF to cell.
    Write port 0: transparent.

17.26.6. Executing OPT_CLEAN pass (remove unused cells and wires).
Finding unused cells or wires in module \littledualsoc..
Removed 21 unused cells and 309 unused wires.
<suppressed ~22 debug messages>

17.26.7. Executing MEMORY_SHARE pass (consolidating $memrd/$memwr cells).
Consolidating read ports of memory littledualsoc.complex.imem.rom_odd by address:
Consolidating write ports of memory littledualsoc.complex.imem.rom_odd by address:
  Merging ports 0, 1 (address \complex.dmem.mem_addr [12:3]).
  Merging ports 0, 2 (address \complex.dmem.mem_addr [12:3]).
  Merging ports 0, 3 (address \complex.dmem.mem_addr [12:3]).
Consolidating read ports of memory littledualsoc.complex.imem.rom_even by address:
Consolidating write ports of memory littledualsoc.complex.imem.rom_even by address:
  Merging ports 0, 1 (address \complex.dmem.mem_addr [12:3]).
  Merging ports 0, 2 (address \complex.dmem.mem_addr [12:3]).
  Merging ports 0, 3 (address \complex.dmem.mem_addr [12:3]).
Consolidating write ports of memory littledualsoc.complex.dmem.ram by address:
  Merging ports 0, 1 (address \complex.dmem.mem_addr [15:2]).
  Merging ports 0, 2 (address \complex.dmem.mem_addr [15:2]).
  Merging ports 0, 3 (address \complex.dmem.mem_addr [15:2]).

17.26.8. Executing OPT_MEM_WIDEN pass (optimize memories where all ports are wide).
Performed a total of 0 transformations.

17.26.9. Executing OPT_CLEAN pass (remove unused cells and wires).
Finding unused cells or wires in module \littledualsoc..
Removed 20 unused cells and 20 unused wires.
<suppressed ~21 debug messages>

17.26.10. Executing MEMORY_COLLECT pass (generating $mem cells).

17.27. Executing OPT_CLEAN pass (remove unused cells and wires).
Finding unused cells or wires in module \littledualsoc..

17.28. Executing MEMORY_LIBMAP pass (mapping memories to cells).
mapping memory littledualsoc.complex.dmem.ram via $__DP16KD_
mapping memory littledualsoc.complex.imem.rom_even via $__DP16KD_
mapping memory littledualsoc.complex.imem.rom_odd via $__DP16KD_
mapping memory littledualsoc.complex.l_hart[0].core.regfile.regs_a via $__TRELLIS_DPR16X4_
Extracted addr FF from read port 0 of littledualsoc.complex.l_hart[0].core.regfile.regs_a: $\complex.l_hart[0].core.regfile.regs_a$rdreg[0]
mapping memory littledualsoc.complex.l_hart[0].core.regfile.regs_b via $__TRELLIS_DPR16X4_
Extracted addr FF from read port 0 of littledualsoc.complex.l_hart[0].core.regfile.regs_b: $\complex.l_hart[0].core.regfile.regs_b$rdreg[0]
mapping memory littledualsoc.complex.l_hart[1].core.regfile.regs_a via $__TRELLIS_DPR16X4_
Extracted addr FF from read port 0 of littledualsoc.complex.l_hart[1].core.regfile.regs_a: $\complex.l_hart[1].core.regfile.regs_a$rdreg[0]
mapping memory littledualsoc.complex.l_hart[1].core.regfile.regs_b via $__TRELLIS_DPR16X4_
Extracted addr FF from read port 0 of littledualsoc.complex.l_hart[1].core.regfile.regs_b: $\complex.l_hart[1].core.regfile.regs_b$rdreg[0]
<suppressed ~5249 debug messages>

17.29. Executing TECHMAP pass (map to technology primitives).

17.29.1. Executing Verilog-2005 frontend: /Users/jeff/.cache/little-cpu/oss-cad-suite/libexec/../share/yosys/lattice/lutrams_map_trellis.v
Parsing Verilog input from `/Users/jeff/.cache/little-cpu/oss-cad-suite/libexec/../share/yosys/lattice/lutrams_map_trellis.v' to AST representation.
Generating RTLIL representation for module `$__TRELLIS_DPR16X4_'.
Successfully finished Verilog frontend.

17.29.2. Executing Verilog-2005 frontend: /Users/jeff/.cache/little-cpu/oss-cad-suite/libexec/../share/yosys/lattice/brams_map_16kd.v
Parsing Verilog input from `/Users/jeff/.cache/little-cpu/oss-cad-suite/libexec/../share/yosys/lattice/brams_map_16kd.v' to AST representation.
Generating RTLIL representation for module `$__DP16KD_'.
Generating RTLIL representation for module `$__PDPW16KD_'.
Successfully finished Verilog frontend.

17.29.3. Continuing TECHMAP pass.
Using template $paramod$2ff242b9cf1c23a7ccd5410c5136bb676f673371$__DP16KD_ for cells of type $__DP16KD_.
Using template $paramod$ed1873c3bedffdbe45dc19427f987631267a7a6e$__DP16KD_ for cells of type $__DP16KD_.
Using template $paramod$9d878dcb9b39be6f919eb7dcb2d739daaaabaafd$__DP16KD_ for cells of type $__DP16KD_.
Using template $paramod$3452ba8fa167d450f0e652ca8551d2f9762fba52$__DP16KD_ for cells of type $__DP16KD_.
Using template $paramod$d96f6b109bcb3a77e329e6c04b901bac6556653c$__DP16KD_ for cells of type $__DP16KD_.
Using template $paramod$04778961cc1285a5efea28f98f28381eb2862208$__TRELLIS_DPR16X4_ for cells of type $__TRELLIS_DPR16X4_.
No more expansions possible.
<suppressed ~267 debug messages>

17.30. Executing OPT pass (performing simple optimizations).

17.30.1. Executing OPT_EXPR pass (perform const folding).
Optimizing module littledualsoc.
<suppressed ~207 debug messages>

17.30.2. Executing OPT_MERGE pass (detect identical cells).
Finding identical cells in module `\littledualsoc'.
Computing hashes of 2619 cells of `\littledualsoc'.
Finding duplicate cells in `\littledualsoc'.
Computing hashes of 2609 cells of `\littledualsoc'.
Finding duplicate cells in `\littledualsoc'.
Computing hashes of 2608 cells of `\littledualsoc'.
Finding duplicate cells in `\littledualsoc'.
<suppressed ~33 debug messages>
Removed a total of 11 cells.

17.30.3. Executing OPT_DFF pass (perform DFF optimizations).
Adding SRST signal on $auto$mem.cc:1648:emulate_read_first$5192 ($dff) from module littledualsoc (D = { $flatten\complex.\dmem.$2$memwr$\ram$rtl/memory.v:123$1546_EN[31:0]$1587 [24] $auto$wreduce.cc:514:run$4459 [16] $auto$wreduce.cc:514:run$4458 [8] $auto$wreduce.cc:514:run$4457 [0] }, Q = $auto$mem.cc:1645:emulate_read_first$5189, rval = 4'0000).
Adding SRST signal on $auto$mem.cc:1648:emulate_read_first$5120 ($dff) from module littledualsoc (D = { $flatten\complex.\dmem.$2$memwr$\ram$rtl/memory.v:123$1546_EN[31:0]$1587 [24] $auto$wreduce.cc:514:run$4459 [16] $auto$wreduce.cc:514:run$4458 [8] $auto$wreduce.cc:514:run$4457 [0] }, Q = $auto$mem.cc:1645:emulate_read_first$5117, rval = 4'0000).
Removing always-active EN on $auto$mem.cc:1169:emulate_transparency$5147 ($dffe) from module littledualsoc.

17.30.4. Executing OPT_CLEAN pass (remove unused cells and wires).
Finding unused cells or wires in module \littledualsoc..
Removed 10 unused cells and 1500 unused wires.
<suppressed ~11 debug messages>

17.30.5. Rerunning OPT passes. (Removed registers in this run.)

17.30.6. Executing OPT_EXPR pass (perform const folding).
Optimizing module littledualsoc.

17.30.7. Executing OPT_MERGE pass (detect identical cells).
Finding identical cells in module `\littledualsoc'.
Computing hashes of 2598 cells of `\littledualsoc'.
Finding duplicate cells in `\littledualsoc'.
Removed a total of 0 cells.

17.30.8. Executing OPT_DFF pass (perform DFF optimizations).

17.30.9. Executing OPT_CLEAN pass (remove unused cells and wires).
Finding unused cells or wires in module \littledualsoc..

17.30.10. Finished fast OPT passes.

17.31. Executing MEMORY_MAP pass (converting memories to logic and flip-flops).

17.32. Executing OPT pass (performing simple optimizations).

17.32.1. Executing OPT_EXPR pass (perform const folding).
Optimizing module littledualsoc.

17.32.2. Executing OPT_MERGE pass (detect identical cells).
Finding identical cells in module `\littledualsoc'.
Computing hashes of 2598 cells of `\littledualsoc'.
Finding duplicate cells in `\littledualsoc'.
Removed a total of 0 cells.

17.32.3. Executing OPT_MUXTREE pass (detect dead branches in mux trees).
Running muxtree optimizer on module \littledualsoc..
  Creating internal representation of mux trees.
  Evaluating internal representation of mux trees.
  Analyzing evaluation results.
Removed 0 multiplexer ports.
<suppressed ~764 debug messages>

17.32.4. Executing OPT_REDUCE pass (consolidate $*mux and $reduce_* inputs).
  Optimizing cells in module \littledualsoc.
    New input vector for $reduce_or cell $auto$memory_libmap.cc:1713:emit_port$4984: { $techmap5562\complex.dmem.ram.0.24.PORT_A_WR_BE $techmap5554\complex.dmem.ram.0.16.PORT_A_WR_BE $techmap5546\complex.dmem.ram.0.8.PORT_A_WR_BE $techmap5538\complex.dmem.ram.0.0.PORT_A_WR_BE }
    Consolidated identical input bits for $mux cell $flatten\complex.\l_hart[0].core.\executor.$procmux$2758:
      Old ports: A=0, B=32'10000000000000000000000000000000, Y=$flatten\complex.\l_hart[0].core.\executor.$procmux$2758_Y
      New ports: A=1'0, B=1'1, Y=$flatten\complex.\l_hart[0].core.\executor.$procmux$2758_Y [31]
      New connections: $flatten\complex.\l_hart[0].core.\executor.$procmux$2758_Y [30:0] = 31'0000000000000000000000000000000
    Consolidated identical input bits for $mux cell $flatten\complex.\l_hart[0].core.\decoder.$ternary$rtl/decoder.v:590$668:
      Old ports: A=3'010, B=3'100, Y=\complex.l_hart[0].core.decoder.pc_inc [2:0]
      New ports: A=2'01, B=2'10, Y=\complex.l_hart[0].core.decoder.pc_inc [2:1]
      New connections: \complex.l_hart[0].core.decoder.pc_inc [0] = 1'0
    Consolidated identical input bits for $mux cell $flatten\complex.\l_hart[0].core.\decoder.$ternary$rtl/decoder.v:117$159:
      Old ports: A={ 16'0000000000000000 \complex.l_hart[0].core.decoder.current_regs.word [15:0] }, B=\complex.l_hart[0].core.decoder.current_regs.word, Y={ \complex.l_hart[0].core.decoder.instr [31:25] \complex.l_hart[0].core.decoder.current_regs.instr [24:15] \complex.l_hart[0].core.decoder.instr [14:12] \complex.l_hart[0].core.decoder.current_regs.instr [11:2] \complex.l_hart[0].core.decoder.instr [1:0] }
      New ports: A=16'0000000000000000, B=\complex.l_hart[0].core.decoder.current_regs.word [31:16], Y={ \complex.l_hart[0].core.decoder.instr [31:25] \complex.l_hart[0].core.decoder.current_regs.instr [24:16] }
      New connections: { \complex.l_hart[0].core.decoder.current_regs.instr [15] \complex.l_hart[0].core.decoder.instr [14:12] \complex.l_hart[0].core.decoder.current_regs.instr [11:2] \complex.l_hart[0].core.decoder.instr [1:0] } = \complex.l_hart[0].core.decoder.current_regs.word [15:0]
    Consolidated identical input bits for $mux cell $flatten\complex.\l_hart[0].core.\decoder.$procmux$3504:
      Old ports: A=3'000, B=3'111, Y=$auto$wreduce.cc:514:run$4447 [2:0]
      New ports: A=1'0, B=1'1, Y=$auto$wreduce.cc:514:run$4447 [0]
      New connections: $auto$wreduce.cc:514:run$4447 [2:1] = { $auto$wreduce.cc:514:run$4447 [0] $auto$wreduce.cc:514:run$4447 [0] }
    Consolidated identical input bits for $mux cell $flatten\complex.\l_hart[0].core.\decoder.$procmux$3516:
      Old ports: A={ 28'0000000000000000000000000000 $auto$wreduce.cc:514:run$4452 [3:0] }, B=2, Y=$flatten\complex.\l_hart[0].core.\decoder.$procmux$3516_Y
      New ports: A=$auto$wreduce.cc:514:run$4452 [3:0], B=4'0010, Y=$flatten\complex.\l_hart[0].core.\decoder.$procmux$3516_Y [3:0]
      New connections: $flatten\complex.\l_hart[0].core.\decoder.$procmux$3516_Y [31:4] = 28'0000000000000000000000000000
    Consolidated identical input bits for $mux cell $flatten\complex.\l_hart[0].core.\decoder.\next_regs.$ternary$rtl/regsel.v:21$1051:
      Old ports: A={ 9'000000000 \complex.l_hart[0].core.decoder.next_regs.word [15:0] }, B=\complex.l_hart[0].core.decoder.next_regs.word [24:0], Y=\complex.l_hart[0].core.decoder.next_regs.instr [24:0]
      New ports: A=9'000000000, B=\complex.l_hart[0].core.decoder.next_regs.word [24:16], Y=\complex.l_hart[0].core.decoder.next_regs.instr [24:16]
      New connections: \complex.l_hart[0].core.decoder.next_regs.instr [15:0] = \complex.l_hart[0].core.decoder.next_regs.word [15:0]
    Consolidated identical input bits for $mux cell $flatten\complex.\l_hart[0].core.\fetcher.$ternary$rtl/fetcher.v:46$847:
      Old ports: A=5'00000, B=5'10000, Y=$auto$wreduce.cc:514:run$4442 [4:0]
      New ports: A=1'0, B=1'1, Y=$auto$wreduce.cc:514:run$4442 [4]
      New connections: $auto$wreduce.cc:514:run$4442 [3:0] = 4'0000
    Consolidated identical input bits for $mux cell $flatten\complex.\l_hart[1].core.\accessor.$ternary$rtl/accessor.v:274$59:
      Old ports: A=3'010, B=3'100, Y=$auto$wreduce.cc:514:run$4444 [2:0]
      New ports: A=2'01, B=2'10, Y=$auto$wreduce.cc:514:run$4444 [2:1]
      New connections: $auto$wreduce.cc:514:run$4444 [0] = 1'0
    Consolidated identical input bits for $mux cell $flatten\complex.\l_hart[1].core.\accessor.$ternary$rtl/accessor.v:321$63:
      Old ports: A=4'0011, B=4'1100, Y=$flatten\complex.\l_hart[1].core.\accessor.$ternary$rtl/accessor.v:321$63_Y
      New ports: A=2'01, B=2'10, Y={ $flatten\complex.\l_hart[1].core.\accessor.$ternary$rtl/accessor.v:321$63_Y [2] $flatten\complex.\l_hart[1].core.\accessor.$ternary$rtl/accessor.v:321$63_Y [0] }
      New connections: { $flatten\complex.\l_hart[1].core.\accessor.$ternary$rtl/accessor.v:321$63_Y [3] $flatten\complex.\l_hart[1].core.\accessor.$ternary$rtl/accessor.v:321$63_Y [1] } = { $flatten\complex.\l_hart[1].core.\accessor.$ternary$rtl/accessor.v:321$63_Y [2] $flatten\complex.\l_hart[1].core.\accessor.$ternary$rtl/accessor.v:321$63_Y [0] }
    Consolidated identical input bits for $pmux cell $flatten\complex.\l_hart[1].core.\accessor.$procmux$3617:
      Old ports: A=\complex.l_hart[1].core.decoder.out [102:71], B={ \complex.l_hart[1].core.decoder.out [86:71] \complex.l_hart[1].core.decoder.out [86:71] \complex.l_hart[1].core.decoder.out [78:71] \complex.l_hart[1].core.decoder.out [78:71] \complex.l_hart[1].core.decoder.out [78:71] \complex.l_hart[1].core.decoder.out [78:71] }, Y=$flatten\complex.\l_hart[1].core.\accessor.$4\mem_wdata[31:0]
      New ports: A=\complex.l_hart[1].core.decoder.out [102:79], B={ \complex.l_hart[1].core.decoder.out [86:71] \complex.l_hart[1].core.decoder.out [86:71] \complex.l_hart[1].core.decoder.out [78:71] \complex.l_hart[1].core.decoder.out [78:71] }, Y=$flatten\complex.\l_hart[1].core.\accessor.$4\mem_wdata[31:0] [31:8]
      New connections: $flatten\complex.\l_hart[1].core.\accessor.$4\mem_wdata[31:0] [7:0] = \complex.l_hart[1].core.decoder.out [78:71]
    Consolidated identical input bits for $mux cell $flatten\complex.\l_hart[1].core.\accessor.$procmux$3658:
      Old ports: A=0, B={ \complex.l_hart[1].core.decoder.out [70:41] 2'00 }, Y=$flatten\complex.\l_hart[1].core.\accessor.$3\mem_addr[31:0]
      New ports: A=30'000000000000000000000000000000, B=\complex.l_hart[1].core.decoder.out [70:41], Y=$flatten\complex.\l_hart[1].core.\accessor.$3\mem_addr[31:0] [31:2]
      New connections: $flatten\complex.\l_hart[1].core.\accessor.$3\mem_addr[31:0] [1:0] = 2'00
    Consolidated identical input bits for $mux cell $flatten\complex.\l_hart[1].core.\executor.$procmux$2758:
      Old ports: A=0, B=32'10000000000000000000000000000000, Y=$flatten\complex.\l_hart[1].core.\executor.$procmux$2758_Y
      New ports: A=1'0, B=1'1, Y=$flatten\complex.\l_hart[1].core.\executor.$procmux$2758_Y [31]
      New connections: $flatten\complex.\l_hart[1].core.\executor.$procmux$2758_Y [30:0] = 31'0000000000000000000000000000000
    Consolidated identical input bits for $mux cell $flatten\complex.\l_hart[1].core.\executor.$procmux$2943:
      Old ports: A=2'10, B=2'00, Y=$flatten\complex.\l_hart[1].core.\executor.$procmux$2943_Y
      New ports: A=1'1, B=1'0, Y=$flatten\complex.\l_hart[1].core.\executor.$procmux$2943_Y [1]
      New connections: $flatten\complex.\l_hart[1].core.\executor.$procmux$2943_Y [0] = 1'0
    Consolidated identical input bits for $mux cell $flatten\complex.\l_hart[1].core.\decoder.$ternary$rtl/decoder.v:117$159:
      Old ports: A={ 16'0000000000000000 \complex.l_hart[1].core.decoder.current_regs.word [15:0] }, B=\complex.l_hart[1].core.decoder.current_regs.word, Y={ \complex.l_hart[1].core.decoder.instr [31:25] \complex.l_hart[1].core.decoder.current_regs.instr [24:15] \complex.l_hart[1].core.decoder.instr [14:12] \complex.l_hart[1].core.decoder.current_regs.instr [11:2] \complex.l_hart[1].core.decoder.instr [1:0] }
      New ports: A=16'0000000000000000, B=\complex.l_hart[1].core.decoder.current_regs.word [31:16], Y={ \complex.l_hart[1].core.decoder.instr [31:25] \complex.l_hart[1].core.decoder.current_regs.instr [24:16] }
      New connections: { \complex.l_hart[1].core.decoder.current_regs.instr [15] \complex.l_hart[1].core.decoder.instr [14:12] \complex.l_hart[1].core.decoder.current_regs.instr [11:2] \complex.l_hart[1].core.decoder.instr [1:0] } = \complex.l_hart[1].core.decoder.current_regs.word [15:0]
    Consolidated identical input bits for $mux cell $flatten\complex.\l_hart[0].core.\accessor.$ternary$rtl/accessor.v:274$59:
      Old ports: A=3'010, B=3'100, Y=$auto$wreduce.cc:514:run$4443 [2:0]
      New ports: A=2'01, B=2'10, Y=$auto$wreduce.cc:514:run$4443 [2:1]
      New connections: $auto$wreduce.cc:514:run$4443 [0] = 1'0
    Consolidated identical input bits for $mux cell $flatten\complex.\l_hart[0].core.\accessor.$ternary$rtl/accessor.v:321$63:
      Old ports: A=4'0011, B=4'1100, Y=$flatten\complex.\l_hart[0].core.\accessor.$ternary$rtl/accessor.v:321$63_Y
      New ports: A=2'01, B=2'10, Y={ $flatten\complex.\l_hart[0].core.\accessor.$ternary$rtl/accessor.v:321$63_Y [2] $flatten\complex.\l_hart[0].core.\accessor.$ternary$rtl/accessor.v:321$63_Y [0] }
      New connections: { $flatten\complex.\l_hart[0].core.\accessor.$ternary$rtl/accessor.v:321$63_Y [3] $flatten\complex.\l_hart[0].core.\accessor.$ternary$rtl/accessor.v:321$63_Y [1] } = { $flatten\complex.\l_hart[0].core.\accessor.$ternary$rtl/accessor.v:321$63_Y [2] $flatten\complex.\l_hart[0].core.\accessor.$ternary$rtl/accessor.v:321$63_Y [0] }
    Consolidated identical input bits for $mux cell $flatten\complex.\l_hart[1].core.\decoder.$ternary$rtl/decoder.v:590$668:
      Old ports: A=3'010, B=3'100, Y=\complex.l_hart[1].core.decoder.pc_inc [2:0]
      New ports: A=2'01, B=2'10, Y=\complex.l_hart[1].core.decoder.pc_inc [2:1]
      New connections: \complex.l_hart[1].core.decoder.pc_inc [0] = 1'0
    Consolidated identical input bits for $mux cell $flatten\complex.\l_hart[1].core.\decoder.$procmux$3504:
      Old ports: A=3'000, B=3'111, Y=$auto$wreduce.cc:514:run$4466 [2:0]
      New ports: A=1'0, B=1'1, Y=$auto$wreduce.cc:514:run$4466 [0]
      New connections: $auto$wreduce.cc:514:run$4466 [2:1] = { $auto$wreduce.cc:514:run$4466 [0] $auto$wreduce.cc:514:run$4466 [0] }
    Consolidated identical input bits for $mux cell $flatten\complex.\l_hart[1].core.\decoder.$procmux$3516:
      Old ports: A={ 28'0000000000000000000000000000 $auto$wreduce.cc:514:run$4471 [3:0] }, B=2, Y=$flatten\complex.\l_hart[1].core.\decoder.$procmux$3516_Y
      New ports: A=$auto$wreduce.cc:514:run$4471 [3:0], B=4'0010, Y=$flatten\complex.\l_hart[1].core.\decoder.$procmux$3516_Y [3:0]
      New connections: $flatten\complex.\l_hart[1].core.\decoder.$procmux$3516_Y [31:4] = 28'0000000000000000000000000000
    Consolidated identical input bits for $mux cell $flatten\complex.\l_hart[0].core.\executor.$procmux$2943:
      Old ports: A=2'10, B=2'00, Y=$flatten\complex.\l_hart[0].core.\executor.$procmux$2943_Y
      New ports: A=1'1, B=1'0, Y=$flatten\complex.\l_hart[0].core.\executor.$procmux$2943_Y [1]
      New connections: $flatten\complex.\l_hart[0].core.\executor.$procmux$2943_Y [0] = 1'0
    Consolidated identical input bits for $pmux cell $flatten\complex.\l_hart[0].core.\accessor.$procmux$3617:
      Old ports: A=\complex.l_hart[0].core.decoder.out [102:71], B={ \complex.l_hart[0].core.decoder.out [86:71] \complex.l_hart[0].core.decoder.out [86:71] \complex.l_hart[0].core.decoder.out [78:71] \complex.l_hart[0].core.decoder.out [78:71] \complex.l_hart[0].core.decoder.out [78:71] \complex.l_hart[0].core.decoder.out [78:71] }, Y=$flatten\complex.\l_hart[0].core.\accessor.$4\mem_wdata[31:0]
      New ports: A=\complex.l_hart[0].core.decoder.out [102:79], B={ \complex.l_hart[0].core.decoder.out [86:71] \complex.l_hart[0].core.decoder.out [86:71] \complex.l_hart[0].core.decoder.out [78:71] \complex.l_hart[0].core.decoder.out [78:71] }, Y=$flatten\complex.\l_hart[0].core.\accessor.$4\mem_wdata[31:0] [31:8]
      New connections: $flatten\complex.\l_hart[0].core.\accessor.$4\mem_wdata[31:0] [7:0] = \complex.l_hart[0].core.decoder.out [78:71]
    Consolidated identical input bits for $mux cell $flatten\complex.\l_hart[0].core.\accessor.$procmux$3658:
      Old ports: A=0, B={ \complex.l_hart[0].core.decoder.out [70:41] 2'00 }, Y=$flatten\complex.\l_hart[0].core.\accessor.$3\mem_addr[31:0]
      New ports: A=30'000000000000000000000000000000, B=\complex.l_hart[0].core.decoder.out [70:41], Y=$flatten\complex.\l_hart[0].core.\accessor.$3\mem_addr[31:0] [31:2]
      New connections: $flatten\complex.\l_hart[0].core.\accessor.$3\mem_addr[31:0] [1:0] = 2'00
    Consolidated identical input bits for $mux cell $flatten\complex.\l_hart[1].core.\decoder.\next_regs.$ternary$rtl/regsel.v:21$1051:
      Old ports: A={ 9'000000000 \complex.l_hart[1].core.decoder.next_regs.word [15:0] }, B=\complex.l_hart[1].core.decoder.next_regs.word [24:0], Y=\complex.l_hart[1].core.decoder.next_regs.instr [24:0]
      New ports: A=9'000000000, B=\complex.l_hart[1].core.decoder.next_regs.word [24:16], Y=\complex.l_hart[1].core.decoder.next_regs.instr [24:16]
      New connections: \complex.l_hart[1].core.decoder.next_regs.instr [15:0] = \complex.l_hart[1].core.decoder.next_regs.word [15:0]
    Consolidated identical input bits for $mux cell $flatten\complex.\l_hart[1].core.\fetcher.$ternary$rtl/fetcher.v:46$847:
      Old ports: A=5'00000, B=5'10000, Y=$auto$wreduce.cc:514:run$4472 [4:0]
      New ports: A=1'0, B=1'1, Y=$auto$wreduce.cc:514:run$4472 [4]
      New connections: $auto$wreduce.cc:514:run$4472 [3:0] = 4'0000
  Optimizing cells in module \littledualsoc.
    Consolidated identical input bits for $mux cell $flatten\complex.\l_hart[0].core.\executor.$procmux$2760:
      Old ports: A=0, B=$flatten\complex.\l_hart[0].core.\executor.$procmux$2758_Y, Y=$flatten\complex.\l_hart[0].core.\executor.$procmux$2760_Y
      New ports: A=1'0, B=$flatten\complex.\l_hart[0].core.\executor.$procmux$2758_Y [31], Y=$flatten\complex.\l_hart[0].core.\executor.$procmux$2760_Y [31]
      New connections: $flatten\complex.\l_hart[0].core.\executor.$procmux$2760_Y [30:0] = 31'0000000000000000000000000000000
    Consolidated identical input bits for $mux cell $flatten\complex.\l_hart[0].core.\decoder.$procmux$3518:
      Old ports: A=1, B=$flatten\complex.\l_hart[0].core.\decoder.$procmux$3516_Y, Y=$flatten\complex.\l_hart[0].core.\decoder.$procmux$3518_Y
      New ports: A=4'0001, B=$flatten\complex.\l_hart[0].core.\decoder.$procmux$3516_Y [3:0], Y=$flatten\complex.\l_hart[0].core.\decoder.$procmux$3518_Y [3:0]
      New connections: $flatten\complex.\l_hart[0].core.\decoder.$procmux$3518_Y [31:4] = 28'0000000000000000000000000000
    Consolidated identical input bits for $mux cell $flatten\complex.\l_hart[0].core.\decoder.$procmux$3506:
      Old ports: A=$auto$wreduce.cc:514:run$4447 [2:0], B=3'101, Y=$auto$wreduce.cc:514:run$4448 [2:0]
      New ports: A={ $auto$wreduce.cc:514:run$4447 [0] $auto$wreduce.cc:514:run$4447 [0] }, B=2'01, Y=$auto$wreduce.cc:514:run$4448 [1:0]
      New connections: $auto$wreduce.cc:514:run$4448 [2] = $auto$wreduce.cc:514:run$4448 [0]
    Consolidated identical input bits for $mux cell $flatten\complex.\l_hart[1].core.\accessor.$procmux$3668:
      Old ports: A=\complex.l_hart[1].core.decoder.out [102:71], B=$flatten\complex.\l_hart[1].core.\accessor.$4\mem_wdata[31:0], Y=$flatten\complex.\l_hart[1].core.\accessor.$3\mem_wdata[31:0]
      New ports: A=\complex.l_hart[1].core.decoder.out [102:79], B=$flatten\complex.\l_hart[1].core.\accessor.$4\mem_wdata[31:0] [31:8], Y=$flatten\complex.\l_hart[1].core.\accessor.$3\mem_wdata[31:0] [31:8]
      New connections: $flatten\complex.\l_hart[1].core.\accessor.$3\mem_wdata[31:0] [7:0] = \complex.l_hart[1].core.decoder.out [78:71]
    Consolidated identical input bits for $mux cell $flatten\complex.\l_hart[1].core.\accessor.$procmux$3697:
      Old ports: A=0, B=$flatten\complex.\l_hart[1].core.\accessor.$3\mem_addr[31:0], Y=$flatten\complex.\l_hart[1].core.\accessor.$2\mem_addr[31:0]
      New ports: A=30'000000000000000000000000000000, B=$flatten\complex.\l_hart[1].core.\accessor.$3\mem_addr[31:0] [31:2], Y=$flatten\complex.\l_hart[1].core.\accessor.$2\mem_addr[31:0] [31:2]
      New connections: $flatten\complex.\l_hart[1].core.\accessor.$2\mem_addr[31:0] [1:0] = 2'00
    Consolidated identical input bits for $pmux cell $flatten\complex.\l_hart[1].core.\accessor.$procmux$3712:
      Old ports: A=4'0000, B={ 17'10100110100011101 $auto$wreduce.cc:514:run$4444 [2:0] }, Y=\complex.l_hart[1].core.accessor.amo_fn
      New ports: A=3'000, B={ 13'1010111001111 $auto$wreduce.cc:514:run$4444 [2:1] }, Y=\complex.l_hart[1].core.accessor.amo_fn [3:1]
      New connections: \complex.l_hart[1].core.accessor.amo_fn [0] = 1'0
    Consolidated identical input bits for $mux cell $flatten\complex.\l_hart[1].core.\executor.$procmux$2760:
      Old ports: A=0, B=$flatten\complex.\l_hart[1].core.\executor.$procmux$2758_Y, Y=$flatten\complex.\l_hart[1].core.\executor.$procmux$2760_Y
      New ports: A=1'0, B=$flatten\complex.\l_hart[1].core.\executor.$procmux$2758_Y [31], Y=$flatten\complex.\l_hart[1].core.\executor.$procmux$2760_Y [31]
      New connections: $flatten\complex.\l_hart[1].core.\executor.$procmux$2760_Y [30:0] = 31'0000000000000000000000000000000
    Consolidated identical input bits for $mux cell $flatten\complex.\l_hart[1].core.\decoder.$procmux$3518:
      Old ports: A=1, B=$flatten\complex.\l_hart[1].core.\decoder.$procmux$3516_Y, Y=$flatten\complex.\l_hart[1].core.\decoder.$procmux$3518_Y
      New ports: A=4'0001, B=$flatten\complex.\l_hart[1].core.\decoder.$procmux$3516_Y [3:0], Y=$flatten\complex.\l_hart[1].core.\decoder.$procmux$3518_Y [3:0]
      New connections: $flatten\complex.\l_hart[1].core.\decoder.$procmux$3518_Y [31:4] = 28'0000000000000000000000000000
    Consolidated identical input bits for $mux cell $flatten\complex.\l_hart[1].core.\decoder.$procmux$3506:
      Old ports: A=$auto$wreduce.cc:514:run$4466 [2:0], B=3'101, Y=$auto$wreduce.cc:514:run$4467 [2:0]
      New ports: A={ $auto$wreduce.cc:514:run$4466 [0] $auto$wreduce.cc:514:run$4466 [0] }, B=2'01, Y=$auto$wreduce.cc:514:run$4467 [1:0]
      New connections: $auto$wreduce.cc:514:run$4467 [2] = $auto$wreduce.cc:514:run$4467 [0]
    Consolidated identical input bits for $mux cell $flatten\complex.\l_hart[0].core.\accessor.$procmux$3668:
      Old ports: A=\complex.l_hart[0].core.decoder.out [102:71], B=$flatten\complex.\l_hart[0].core.\accessor.$4\mem_wdata[31:0], Y=$flatten\complex.\l_hart[0].core.\accessor.$3\mem_wdata[31:0]
      New ports: A=\complex.l_hart[0].core.decoder.out [102:79], B=$flatten\complex.\l_hart[0].core.\accessor.$4\mem_wdata[31:0] [31:8], Y=$flatten\complex.\l_hart[0].core.\accessor.$3\mem_wdata[31:0] [31:8]
      New connections: $flatten\complex.\l_hart[0].core.\accessor.$3\mem_wdata[31:0] [7:0] = \complex.l_hart[0].core.decoder.out [78:71]
    Consolidated identical input bits for $mux cell $flatten\complex.\l_hart[0].core.\accessor.$procmux$3697:
      Old ports: A=0, B=$flatten\complex.\l_hart[0].core.\accessor.$3\mem_addr[31:0], Y=$flatten\complex.\l_hart[0].core.\accessor.$2\mem_addr[31:0]
      New ports: A=30'000000000000000000000000000000, B=$flatten\complex.\l_hart[0].core.\accessor.$3\mem_addr[31:0] [31:2], Y=$flatten\complex.\l_hart[0].core.\accessor.$2\mem_addr[31:0] [31:2]
      New connections: $flatten\complex.\l_hart[0].core.\accessor.$2\mem_addr[31:0] [1:0] = 2'00
    Consolidated identical input bits for $pmux cell $flatten\complex.\l_hart[0].core.\accessor.$procmux$3712:
      Old ports: A=4'0000, B={ 17'10100110100011101 $auto$wreduce.cc:514:run$4443 [2:0] }, Y=\complex.l_hart[0].core.accessor.amo_fn
      New ports: A=3'000, B={ 13'1010111001111 $auto$wreduce.cc:514:run$4443 [2:1] }, Y=\complex.l_hart[0].core.accessor.amo_fn [3:1]
      New connections: \complex.l_hart[0].core.accessor.amo_fn [0] = 1'0
  Optimizing cells in module \littledualsoc.
    Consolidated identical input bits for $mux cell $flatten\complex.\l_hart[0].core.\decoder.$procmux$3520:
      Old ports: A=$flatten\complex.\l_hart[0].core.\decoder.$procmux$3518_Y, B=32'10000000000000000000000000000111, Y=\complex.l_hart[0].core.csrs.trap_cause
      New ports: A={ 1'0 $flatten\complex.\l_hart[0].core.\decoder.$procmux$3518_Y [3:0] }, B=5'10111, Y={ \complex.l_hart[0].core.csrs.trap_cause [31] \complex.l_hart[0].core.csrs.trap_cause [3:0] }
      New connections: \complex.l_hart[0].core.csrs.trap_cause [30:4] = 27'000000000000000000000000000
    Consolidated identical input bits for $mux cell $flatten\complex.\l_hart[1].core.\accessor.$procmux$3709:
      Old ports: A=$flatten\complex.\l_hart[1].core.\accessor.$2\mem_addr[31:0], B={ \complex.l_hart[1].core.accessor.take_amo_addr [31:2] 2'00 }, Y=\complex.l_hart[0].core.accessor.snoop_addr
      New ports: A=$flatten\complex.\l_hart[1].core.\accessor.$2\mem_addr[31:0] [31:2], B=\complex.l_hart[1].core.accessor.take_amo_addr [31:2], Y=\complex.l_hart[0].core.accessor.snoop_addr [31:2]
      New connections: \complex.l_hart[0].core.accessor.snoop_addr [1:0] = 2'00
    Consolidated identical input bits for $mux cell $flatten\complex.\l_hart[1].core.\decoder.$procmux$3520:
      Old ports: A=$flatten\complex.\l_hart[1].core.\decoder.$procmux$3518_Y, B=32'10000000000000000000000000000111, Y=\complex.l_hart[1].core.csrs.trap_cause
      New ports: A={ 1'0 $flatten\complex.\l_hart[1].core.\decoder.$procmux$3518_Y [3:0] }, B=5'10111, Y={ \complex.l_hart[1].core.csrs.trap_cause [31] \complex.l_hart[1].core.csrs.trap_cause [3:0] }
      New connections: \complex.l_hart[1].core.csrs.trap_cause [30:4] = 27'000000000000000000000000000
    Consolidated identical input bits for $mux cell $flatten\complex.\l_hart[0].core.\accessor.$procmux$3709:
      Old ports: A=$flatten\complex.\l_hart[0].core.\accessor.$2\mem_addr[31:0], B={ \complex.l_hart[0].core.accessor.take_amo_addr [31:2] 2'00 }, Y={ \complex.l_hart[1].core.accessor.snoop_addr [31:2] \complex.l_hart[0].core.accessor.mem_addr [1:0] }
      New ports: A=$flatten\complex.\l_hart[0].core.\accessor.$2\mem_addr[31:0] [31:2], B=\complex.l_hart[0].core.accessor.take_amo_addr [31:2], Y=\complex.l_hart[1].core.accessor.snoop_addr [31:2]
      New connections: \complex.l_hart[0].core.accessor.mem_addr [1:0] = 2'00
  Optimizing cells in module \littledualsoc.
Performed a total of 45 changes.

17.32.5. Executing OPT_MERGE pass (detect identical cells).
Finding identical cells in module `\littledualsoc'.
Computing hashes of 2598 cells of `\littledualsoc'.
Finding duplicate cells in `\littledualsoc'.
Computing hashes of 2596 cells of `\littledualsoc'.
Finding duplicate cells in `\littledualsoc'.
<suppressed ~6 debug messages>
Removed a total of 2 cells.

17.32.6. Executing OPT_DFF pass (perform DFF optimizations).

17.32.7. Executing OPT_CLEAN pass (remove unused cells and wires).
Finding unused cells or wires in module \littledualsoc..
Removed 0 unused cells and 2 unused wires.
<suppressed ~1 debug messages>

17.32.8. Executing OPT_EXPR pass (perform const folding).
Optimizing module littledualsoc.
<suppressed ~16 debug messages>

17.32.9. Rerunning OPT passes. (Maybe there is more to do..)

17.32.10. Executing OPT_MUXTREE pass (detect dead branches in mux trees).
Running muxtree optimizer on module \littledualsoc..
  Creating internal representation of mux trees.
  Evaluating internal representation of mux trees.
  Analyzing evaluation results.
Removed 0 multiplexer ports.
<suppressed ~764 debug messages>

17.32.11. Executing OPT_REDUCE pass (consolidate $*mux and $reduce_* inputs).
  Optimizing cells in module \littledualsoc.
Performed a total of 0 changes.

17.32.12. Executing OPT_MERGE pass (detect identical cells).
Finding identical cells in module `\littledualsoc'.
Computing hashes of 2590 cells of `\littledualsoc'.
Finding duplicate cells in `\littledualsoc'.
Removed a total of 0 cells.

17.32.13. Executing OPT_DFF pass (perform DFF optimizations).
Setting constant 0-bit at position 0 on $auto$ff.cc:337:slice$4220 ($sdffe) from module littledualsoc.
Setting constant 0-bit at position 0 on $auto$ff.cc:337:slice$4101 ($sdffe) from module littledualsoc.

17.32.14. Executing OPT_CLEAN pass (remove unused cells and wires).
Finding unused cells or wires in module \littledualsoc..
Removed 0 unused cells and 8 unused wires.
<suppressed ~1 debug messages>

17.32.15. Executing OPT_EXPR pass (perform const folding).
Optimizing module littledualsoc.
<suppressed ~16 debug messages>

17.32.16. Rerunning OPT passes. (Maybe there is more to do..)

17.32.17. Executing OPT_MUXTREE pass (detect dead branches in mux trees).
Running muxtree optimizer on module \littledualsoc..
  Creating internal representation of mux trees.
  Evaluating internal representation of mux trees.
  Analyzing evaluation results.
Removed 0 multiplexer ports.
<suppressed ~764 debug messages>

17.32.18. Executing OPT_REDUCE pass (consolidate $*mux and $reduce_* inputs).
  Optimizing cells in module \littledualsoc.
Performed a total of 0 changes.

17.32.19. Executing OPT_MERGE pass (detect identical cells).
Finding identical cells in module `\littledualsoc'.
Computing hashes of 2582 cells of `\littledualsoc'.
Finding duplicate cells in `\littledualsoc'.
Computing hashes of 2580 cells of `\littledualsoc'.
Finding duplicate cells in `\littledualsoc'.
<suppressed ~6 debug messages>
Removed a total of 2 cells.

17.32.20. Executing OPT_DFF pass (perform DFF optimizations).

17.32.21. Executing OPT_CLEAN pass (remove unused cells and wires).
Finding unused cells or wires in module \littledualsoc..
Removed 0 unused cells and 8 unused wires.
<suppressed ~1 debug messages>

17.32.22. Executing OPT_EXPR pass (perform const folding).
Optimizing module littledualsoc.

17.32.23. Rerunning OPT passes. (Maybe there is more to do..)

17.32.24. Executing OPT_MUXTREE pass (detect dead branches in mux trees).
Running muxtree optimizer on module \littledualsoc..
  Creating internal representation of mux trees.
  Evaluating internal representation of mux trees.
  Analyzing evaluation results.
Removed 0 multiplexer ports.
<suppressed ~764 debug messages>

17.32.25. Executing OPT_REDUCE pass (consolidate $*mux and $reduce_* inputs).
  Optimizing cells in module \littledualsoc.
Performed a total of 0 changes.

17.32.26. Executing OPT_MERGE pass (detect identical cells).
Finding identical cells in module `\littledualsoc'.
Computing hashes of 2580 cells of `\littledualsoc'.
Finding duplicate cells in `\littledualsoc'.
Removed a total of 0 cells.

17.32.27. Executing OPT_DFF pass (perform DFF optimizations).

17.32.28. Executing OPT_CLEAN pass (remove unused cells and wires).
Finding unused cells or wires in module \littledualsoc..

17.32.29. Executing OPT_EXPR pass (perform const folding).
Optimizing module littledualsoc.

17.32.30. Finished fast OPT passes. (There is nothing left to do.)

17.33. Executing TECHMAP pass (map to technology primitives).

17.33.1. Executing Verilog-2005 frontend: /Users/jeff/.cache/little-cpu/oss-cad-suite/libexec/../share/yosys/techmap.v
Parsing Verilog input from `/Users/jeff/.cache/little-cpu/oss-cad-suite/libexec/../share/yosys/techmap.v' to AST representation.
Generating RTLIL representation for module `\_90_simplemap_bool_ops'.
Generating RTLIL representation for module `\_90_simplemap_reduce_ops'.
Generating RTLIL representation for module `\_90_simplemap_logic_ops'.
Generating RTLIL representation for module `\_90_simplemap_compare_ops'.
Generating RTLIL representation for module `\_90_simplemap_various'.
Generating RTLIL representation for module `\_90_simplemap_registers'.
Generating RTLIL representation for module `\_90_shift_ops_shr_shl_sshl_sshr'.
Generating RTLIL representation for module `\_90_shift_shiftx'.
Generating RTLIL representation for module `\_90_fa'.
Generating RTLIL representation for module `\_90_lcu_brent_kung'.
Generating RTLIL representation for module `\_90_alu'.
Generating RTLIL representation for module `\_90_macc'.
Generating RTLIL representation for module `\_90_alumacc'.
Generating RTLIL representation for module `$__div_mod_u'.
Generating RTLIL representation for module `$__div_mod_trunc'.
Generating RTLIL representation for module `\_90_div'.
Generating RTLIL representation for module `\_90_mod'.
Generating RTLIL representation for module `$__div_mod_floor'.
Generating RTLIL representation for module `\_90_divfloor'.
Generating RTLIL representation for module `\_90_modfloor'.
Generating RTLIL representation for module `\_90_pow'.
Generating RTLIL representation for module `\_90_demux'.
Generating RTLIL representation for module `\_90_lut'.
Generating RTLIL representation for module `$connect'.
Generating RTLIL representation for module `$input_port'.
Successfully finished Verilog frontend.

17.33.2. Executing Verilog-2005 frontend: /Users/jeff/.cache/little-cpu/oss-cad-suite/libexec/../share/yosys/lattice/arith_map_ccu2c.v
Parsing Verilog input from `/Users/jeff/.cache/little-cpu/oss-cad-suite/libexec/../share/yosys/lattice/arith_map_ccu2c.v' to AST representation.
Generating RTLIL representation for module `\_80_ccu2c_alu'.
Successfully finished Verilog frontend.

17.33.3. Continuing TECHMAP pass.
Using extmapper simplemap for cells of type $sdffe.
Using extmapper simplemap for cells of type $or.
Using extmapper simplemap for cells of type $sdff.
Using extmapper simplemap for cells of type $not.
Using extmapper simplemap for cells of type $mux.
Using template $paramod$824a2ca00d29d886599434cf8ea60471635f2955\_90_demux for cells of type $demux.
Using extmapper simplemap for cells of type $reduce_or.
Using extmapper simplemap for cells of type $dff.
Using extmapper simplemap for cells of type $and.
Using extmapper simplemap for cells of type $eq.
Using extmapper simplemap for cells of type $logic_not.
Using template $paramod$754650b284649a026620fc6856e5b6886cbfe794\_80_ccu2c_alu for cells of type $alu.
Using template $paramod$fbc7873bff55778c0b3173955b7e4bce1d9d6834\_80_ccu2c_alu for cells of type $alu.
Using template $paramod$ebf89ea36a793f0f77858f212141d47c833068ad\_80_ccu2c_alu for cells of type $alu.
Using template $paramod$2653f68ddb8eab7b1907b4a20767b72a824a7a36\_80_ccu2c_alu for cells of type $alu.
Using template $paramod$857150d3a9b7fb38b73bbaa31ff652415e553f98\_80_ccu2c_alu for cells of type $alu.
Using template $paramod$7e708ae28ab761f11d0fb59d3ffc72f6a4baf5d9\_90_alu for cells of type $alu.
Using template $paramod$789c344356a154d2afc7b832b41d1067dbc946ba\_80_ccu2c_alu for cells of type $alu.
Using template $paramod$ba2b8c117ce4915aa78c6334bae512cf5c3ff68e\_80_ccu2c_alu for cells of type $alu.
Using template $paramod$cc80a4e89b0341cb117f5d28b0e7244620640141\_80_ccu2c_alu for cells of type $alu.
Using template $paramod$c6baa65225090ac0a120feab1b920965244aa496\_80_ccu2c_alu for cells of type $alu.
Using template $paramod$10ed987432f06055e5279101f9ec60a49861b43c\_80_ccu2c_alu for cells of type $alu.
Using template $paramod$32a7b7b86c07519b7537abc18e96f0331f97914d\_90_alu for cells of type $alu.
Using template $paramod$d7c91f8d4ce389beb1bd34b271e05fae2549a2a8\_80_ccu2c_alu for cells of type $alu.
Using template $paramod$fbf9cabb1106ebb19d2876bda35dcfbc3788d13d\_80_ccu2c_alu for cells of type $alu.
Using extmapper simplemap for cells of type $reduce_and.
Using template $paramod$039520c137afc9cd69dd56c3fb11a4e1fbe5f664\_80_ccu2c_alu for cells of type $alu.
Using template $paramod$8742280fdebca84e1c87f2a86ed84f62d558f4cc\_90_alu for cells of type $alu.
Using extmapper maccmap for cells of type $macc_v2.
  add \complex.l_hart[0].core.executor.mul_unsigned [63:32] (32 bits, unsigned)
  sub $flatten\complex.\l_hart[0].core.\executor.$ternary$rtl/executor.v:117$819_Y (32 bits, unsigned)
  sub $flatten\complex.\l_hart[0].core.\executor.$ternary$rtl/executor.v:116$817_Y (32 bits, unsigned)
  packed 2 (1) bits / 1 words into adder tree
  add \complex.l_hart[1].core.executor.mul_unsigned [63:32] (32 bits, unsigned)
  sub $flatten\complex.\l_hart[1].core.\executor.$ternary$rtl/executor.v:117$819_Y (32 bits, unsigned)
  sub $flatten\complex.\l_hart[1].core.\executor.$ternary$rtl/executor.v:116$817_Y (32 bits, unsigned)
  packed 2 (1) bits / 1 words into adder tree
Using extmapper simplemap for cells of type $reduce_bool.
Using extmapper simplemap for cells of type $ne.
Using extmapper simplemap for cells of type $dffe.
Using extmapper simplemap for cells of type $logic_or.
Using extmapper simplemap for cells of type $logic_and.
Using template $paramod$constmap:74ca7c6d424be4b55415040684154fc938ab3c9d$paramod$b0355976a35d29affb0d8fd81fd1750c2102d146\_90_shift_ops_shr_shl_sshl_sshr for cells of type $shr.
Using extmapper simplemap for cells of type $pmux.
Using extmapper simplemap for cells of type $xor.
Using template $paramod$constmap:23117d34f5e3bf9492dd8104363ead425feb8cda$paramod$455891ae50d34e43581a517459d55825f76fa58e\_90_shift_ops_shr_shl_sshl_sshr for cells of type $sshr.
Using template $paramod$constmap:f1e715ed4ed7627ff01e3475482b4bd16d21cd64$paramod$7fe1424d9d826b3a6286885bc851fafa5143be2b\_90_shift_shiftx for cells of type $shiftx.
Using template $paramod$constmap:574a95964644c704a7e64c257267b27c2c48aa52$paramod$77562a466236eb4a6d905351a0995599b75075cb\_90_shift_ops_shr_shl_sshl_sshr for cells of type $shl.
Using template $paramod\_90_fa\WIDTH=32'00000000000000000000000000100000 for cells of type $fa.
Using extmapper simplemap for cells of type $pos.
Using template $paramod\_90_fa\WIDTH=32'00000000000000000000000000000010 for cells of type $fa.
Using template $paramod\_90_lcu_brent_kung\WIDTH=32'00000000000000000000000000000010 for cells of type $lcu.
Using template $paramod\_90_fa\WIDTH=32'00000000000000000000000000000100 for cells of type $fa.
Using template $paramod\_90_lcu_brent_kung\WIDTH=32'00000000000000000000000000000100 for cells of type $lcu.
No more expansions possible.
<suppressed ~8504 debug messages>

17.34. Executing OPT pass (performing simple optimizations).

17.34.1. Executing OPT_EXPR pass (perform const folding).
Optimizing module littledualsoc.
<suppressed ~7756 debug messages>

17.34.2. Executing OPT_MERGE pass (detect identical cells).
Finding identical cells in module `\littledualsoc'.
Computing hashes of 23632 cells of `\littledualsoc'.
Finding duplicate cells in `\littledualsoc'.
Computing hashes of 21946 cells of `\littledualsoc'.
Finding duplicate cells in `\littledualsoc'.
Computing hashes of 21607 cells of `\littledualsoc'.
Finding duplicate cells in `\littledualsoc'.
Computing hashes of 21474 cells of `\littledualsoc'.
Finding duplicate cells in `\littledualsoc'.
Computing hashes of 21438 cells of `\littledualsoc'.
Finding duplicate cells in `\littledualsoc'.
<suppressed ~6582 debug messages>
Removed a total of 2194 cells.

17.34.3. Executing OPT_DFF pass (perform DFF optimizations).

17.34.4. Executing OPT_CLEAN pass (remove unused cells and wires).
Finding unused cells or wires in module \littledualsoc..
Removed 3784 unused cells and 7951 unused wires.
<suppressed ~3791 debug messages>

17.34.5. Finished fast OPT passes.

17.35. Executing OPT_CLEAN pass (remove unused cells and wires).
Finding unused cells or wires in module \littledualsoc..

17.36. Executing DFFLEGALIZE pass (convert FFs to types supported by the target).

17.37. Executing OPT_MERGE pass (detect identical cells).
Finding identical cells in module `\littledualsoc'.
Computing hashes of 17663 cells of `\littledualsoc'.
Finding duplicate cells in `\littledualsoc'.
Computing hashes of 17657 cells of `\littledualsoc'.
Finding duplicate cells in `\littledualsoc'.
<suppressed ~18 debug messages>
Removed a total of 6 cells.

17.38. Executing TECHMAP pass (map to technology primitives).

17.38.1. Executing Verilog-2005 frontend: /Users/jeff/.cache/little-cpu/oss-cad-suite/libexec/../share/yosys/lattice/cells_map_trellis.v
Parsing Verilog input from `/Users/jeff/.cache/little-cpu/oss-cad-suite/libexec/../share/yosys/lattice/cells_map_trellis.v' to AST representation.
Generating RTLIL representation for module `$_DFF_N_'.
Generating RTLIL representation for module `$_DFF_P_'.
Generating RTLIL representation for module `$_DFFE_NN_'.
Generating RTLIL representation for module `$_DFFE_PN_'.
Generating RTLIL representation for module `$_DFFE_NP_'.
Generating RTLIL representation for module `$_DFFE_PP_'.
Generating RTLIL representation for module `$_DFF_NP0_'.
Generating RTLIL representation for module `$_DFF_NP1_'.
Generating RTLIL representation for module `$_DFF_PP0_'.
Generating RTLIL representation for module `$_DFF_PP1_'.
Generating RTLIL representation for module `$_SDFF_NP0_'.
Generating RTLIL representation for module `$_SDFF_NP1_'.
Generating RTLIL representation for module `$_SDFF_PP0_'.
Generating RTLIL representation for module `$_SDFF_PP1_'.
Generating RTLIL representation for module `$_DFFE_NP0P_'.
Generating RTLIL representation for module `$_DFFE_NP1P_'.
Generating RTLIL representation for module `$_DFFE_PP0P_'.
Generating RTLIL representation for module `$_DFFE_PP1P_'.
Generating RTLIL representation for module `$_DFFE_NP0N_'.
Generating RTLIL representation for module `$_DFFE_NP1N_'.
Generating RTLIL representation for module `$_DFFE_PP0N_'.
Generating RTLIL representation for module `$_DFFE_PP1N_'.
Generating RTLIL representation for module `$_SDFFE_NP0P_'.
Generating RTLIL representation for module `$_SDFFE_NP1P_'.
Generating RTLIL representation for module `$_SDFFE_PP0P_'.
Generating RTLIL representation for module `$_SDFFE_PP1P_'.
Generating RTLIL representation for module `$_SDFFE_NP0N_'.
Generating RTLIL representation for module `$_SDFFE_NP1N_'.
Generating RTLIL representation for module `$_SDFFE_PP0N_'.
Generating RTLIL representation for module `$_SDFFE_PP1N_'.
Generating RTLIL representation for module `$_ALDFF_NP_'.
Generating RTLIL representation for module `$_ALDFF_PP_'.
Generating RTLIL representation for module `$_ALDFFE_NPN_'.
Generating RTLIL representation for module `$_ALDFFE_NPP_'.
Generating RTLIL representation for module `$_ALDFFE_PPN_'.
Generating RTLIL representation for module `$_ALDFFE_PPP_'.
Generating RTLIL representation for module `\FD1P3AX'.
Generating RTLIL representation for module `\FD1P3AY'.
Generating RTLIL representation for module `\FD1P3BX'.
Generating RTLIL representation for module `\FD1P3DX'.
Generating RTLIL representation for module `\FD1P3IX'.
Generating RTLIL representation for module `\FD1P3JX'.
Generating RTLIL representation for module `\FD1S3AX'.
Generating RTLIL representation for module `\FD1S3AY'.
Generating RTLIL representation for module `\FD1S3BX'.
Generating RTLIL representation for module `\FD1S3DX'.
Generating RTLIL representation for module `\FD1S3IX'.
Generating RTLIL representation for module `\FD1S3JX'.
Generating RTLIL representation for module `\IFS1P3BX'.
Generating RTLIL representation for module `\IFS1P3DX'.
Generating RTLIL representation for module `\IFS1P3IX'.
Generating RTLIL representation for module `\IFS1P3JX'.
Generating RTLIL representation for module `\OFS1P3BX'.
Generating RTLIL representation for module `\OFS1P3DX'.
Generating RTLIL representation for module `\OFS1P3IX'.
Generating RTLIL representation for module `\OFS1P3JX'.
Generating RTLIL representation for module `\IB'.
Generating RTLIL representation for module `\IBPU'.
Generating RTLIL representation for module `\IBPD'.
Generating RTLIL representation for module `\OB'.
Generating RTLIL representation for module `\OBZ'.
Generating RTLIL representation for module `\OBZPU'.
Generating RTLIL representation for module `\OBZPD'.
Generating RTLIL representation for module `\OBCO'.
Generating RTLIL representation for module `\BB'.
Generating RTLIL representation for module `\BBPU'.
Generating RTLIL representation for module `\BBPD'.
Generating RTLIL representation for module `\ILVDS'.
Generating RTLIL representation for module `\OLVDS'.
Successfully finished Verilog frontend.

17.38.2. Continuing TECHMAP pass.
Using template $paramod$_DFF_P_\_TECHMAP_WIREINIT_Q_=1'x for cells of type $_DFF_P_.
Using template $paramod$_DFF_P_\_TECHMAP_WIREINIT_Q_=1'0 for cells of type $_DFF_P_.
Using template $paramod$_DFF_P_\_TECHMAP_WIREINIT_Q_=1'1 for cells of type $_DFF_P_.
Using template $_SDFFE_PP0P_ for cells of type $_SDFFE_PP0P_.
Using template $paramod$_DFFE_PN_\_TECHMAP_WIREINIT_Q_=1'0 for cells of type $_DFFE_PN_.
Using template $_SDFF_PP0_ for cells of type $_SDFF_PP0_.
Using template $_SDFFE_PP0N_ for cells of type $_SDFFE_PP0N_.
No more expansions possible.
<suppressed ~1957 debug messages>

17.39. Executing OPT_EXPR pass (perform const folding).
Optimizing module littledualsoc.
<suppressed ~130 debug messages>

17.40. Executing SIMPLEMAP pass (map simple cells to gate primitives).

17.41. Executing LATTICE_GSR pass (implement FF init values).
Handling GSR in littledualsoc.

17.42. Executing ATTRMVCP pass (move or copy attributes).

17.43. Executing OPT_CLEAN pass (remove unused cells and wires).
Finding unused cells or wires in module \littledualsoc..
Removed 0 unused cells and 10324 unused wires.
<suppressed ~1 debug messages>

17.44. Executing CHECK pass (checking for obvious problems).
Checking module littledualsoc...
Found and reported 0 problems.

17.45. Executing TECHMAP pass (map to technology primitives).

17.45.1. Executing Verilog-2005 frontend: /Users/jeff/.cache/little-cpu/oss-cad-suite/libexec/../share/yosys/lattice/latches_map.v
Parsing Verilog input from `/Users/jeff/.cache/little-cpu/oss-cad-suite/libexec/../share/yosys/lattice/latches_map.v' to AST representation.
Generating RTLIL representation for module `$_DLATCH_N_'.
Generating RTLIL representation for module `$_DLATCH_P_'.
Successfully finished Verilog frontend.

17.45.2. Continuing TECHMAP pass.
No more expansions possible.
<suppressed ~4 debug messages>

17.46. Executing ABC9 pass.

17.46.1. Executing ABC9_OPS pass (helper functions for ABC9).

17.46.2. Executing ABC9_OPS pass (helper functions for ABC9).

17.46.3. Executing PROC pass (convert processes to netlists).

17.46.3.1. Executing PROC_CLEAN pass (remove empty switches from decision trees).
Found and cleaned up 1 empty switch in `$paramod$2074b3813575c9ede27f9a04ee0bf291c9c7bf2f\TRELLIS_DPR16X4.$proc$/Users/jeff/.cache/little-cpu/oss-cad-suite/libexec/../share/yosys/lattice/common_sim.vh:151$48118'.
Cleaned up 1 empty switch.

17.46.3.2. Executing PROC_RMDEAD pass (remove dead branches from decision trees).
Marked 1 switch rules as full_case in process $proc$/Users/jeff/.cache/little-cpu/oss-cad-suite/libexec/../share/yosys/lattice/common_sim.vh:159$48119 in module $paramod$2074b3813575c9ede27f9a04ee0bf291c9c7bf2f\TRELLIS_DPR16X4.
Removed a total of 0 dead cases.

17.46.3.3. Executing PROC_PRUNE pass (remove redundant assignments in processes).
Removed 0 redundant assignments.
Promoted 22 assignments to connections.

17.46.3.4. Executing PROC_INIT pass (extract init attributes).

17.46.3.5. Executing PROC_ARST pass (detect async resets in processes).

17.46.3.6. Executing PROC_ROM pass (convert switches to ROMs).
Converted 0 switches.
<suppressed ~1 debug messages>

17.46.3.7. Executing PROC_MUX pass (convert decision trees to multiplexers).
Creating decoders for process `$paramod$2074b3813575c9ede27f9a04ee0bf291c9c7bf2f\TRELLIS_DPR16X4.$proc$/Users/jeff/.cache/little-cpu/oss-cad-suite/libexec/../share/yosys/lattice/common_sim.vh:143$48143'.
Creating decoders for process `$paramod$2074b3813575c9ede27f9a04ee0bf291c9c7bf2f\TRELLIS_DPR16X4.$proc$/Users/jeff/.cache/little-cpu/oss-cad-suite/libexec/../share/yosys/lattice/common_sim.vh:159$48119'.
     1/3: $1$memwr$\mem$/Users/jeff/.cache/little-cpu/oss-cad-suite/libexec/../share/yosys/lattice/common_sim.vh:161$48117_EN[3:0]$48125
     2/3: $1$memwr$\mem$/Users/jeff/.cache/little-cpu/oss-cad-suite/libexec/../share/yosys/lattice/common_sim.vh:161$48117_DATA[3:0]$48124
     3/3: $1$memwr$\mem$/Users/jeff/.cache/little-cpu/oss-cad-suite/libexec/../share/yosys/lattice/common_sim.vh:161$48117_ADDR[3:0]$48123
Creating decoders for process `$paramod$2074b3813575c9ede27f9a04ee0bf291c9c7bf2f\TRELLIS_DPR16X4.$proc$/Users/jeff/.cache/little-cpu/oss-cad-suite/libexec/../share/yosys/lattice/common_sim.vh:151$48118'.

17.46.3.8. Executing PROC_DLATCH pass (convert process syncs to latches).
No latch inferred for signal `$paramod$2074b3813575c9ede27f9a04ee0bf291c9c7bf2f\TRELLIS_DPR16X4.\i' from process `$paramod$2074b3813575c9ede27f9a04ee0bf291c9c7bf2f\TRELLIS_DPR16X4.$proc$/Users/jeff/.cache/little-cpu/oss-cad-suite/libexec/../share/yosys/lattice/common_sim.vh:143$48143'.
No latch inferred for signal `$paramod$2074b3813575c9ede27f9a04ee0bf291c9c7bf2f\TRELLIS_DPR16X4.$memwr$\mem$/Users/jeff/.cache/little-cpu/oss-cad-suite/libexec/../share/yosys/lattice/common_sim.vh:145$48101_EN' from process `$paramod$2074b3813575c9ede27f9a04ee0bf291c9c7bf2f\TRELLIS_DPR16X4.$proc$/Users/jeff/.cache/little-cpu/oss-cad-suite/libexec/../share/yosys/lattice/common_sim.vh:143$48143'.
No latch inferred for signal `$paramod$2074b3813575c9ede27f9a04ee0bf291c9c7bf2f\TRELLIS_DPR16X4.$memwr$\mem$/Users/jeff/.cache/little-cpu/oss-cad-suite/libexec/../share/yosys/lattice/common_sim.vh:145$48102_EN' from process `$paramod$2074b3813575c9ede27f9a04ee0bf291c9c7bf2f\TRELLIS_DPR16X4.$proc$/Users/jeff/.cache/little-cpu/oss-cad-suite/libexec/../share/yosys/lattice/common_sim.vh:143$48143'.
No latch inferred for signal `$paramod$2074b3813575c9ede27f9a04ee0bf291c9c7bf2f\TRELLIS_DPR16X4.$memwr$\mem$/Users/jeff/.cache/little-cpu/oss-cad-suite/libexec/../share/yosys/lattice/common_sim.vh:145$48103_EN' from process `$paramod$2074b3813575c9ede27f9a04ee0bf291c9c7bf2f\TRELLIS_DPR16X4.$proc$/Users/jeff/.cache/little-cpu/oss-cad-suite/libexec/../share/yosys/lattice/common_sim.vh:143$48143'.
No latch inferred for signal `$paramod$2074b3813575c9ede27f9a04ee0bf291c9c7bf2f\TRELLIS_DPR16X4.$memwr$\mem$/Users/jeff/.cache/little-cpu/oss-cad-suite/libexec/../share/yosys/lattice/common_sim.vh:145$48104_EN' from process `$paramod$2074b3813575c9ede27f9a04ee0bf291c9c7bf2f\TRELLIS_DPR16X4.$proc$/Users/jeff/.cache/little-cpu/oss-cad-suite/libexec/../share/yosys/lattice/common_sim.vh:143$48143'.
No latch inferred for signal `$paramod$2074b3813575c9ede27f9a04ee0bf291c9c7bf2f\TRELLIS_DPR16X4.$memwr$\mem$/Users/jeff/.cache/little-cpu/oss-cad-suite/libexec/../share/yosys/lattice/common_sim.vh:145$48105_EN' from process `$paramod$2074b3813575c9ede27f9a04ee0bf291c9c7bf2f\TRELLIS_DPR16X4.$proc$/Users/jeff/.cache/little-cpu/oss-cad-suite/libexec/../share/yosys/lattice/common_sim.vh:143$48143'.
No latch inferred for signal `$paramod$2074b3813575c9ede27f9a04ee0bf291c9c7bf2f\TRELLIS_DPR16X4.$memwr$\mem$/Users/jeff/.cache/little-cpu/oss-cad-suite/libexec/../share/yosys/lattice/common_sim.vh:145$48106_EN' from process `$paramod$2074b3813575c9ede27f9a04ee0bf291c9c7bf2f\TRELLIS_DPR16X4.$proc$/Users/jeff/.cache/little-cpu/oss-cad-suite/libexec/../share/yosys/lattice/common_sim.vh:143$48143'.
No latch inferred for signal `$paramod$2074b3813575c9ede27f9a04ee0bf291c9c7bf2f\TRELLIS_DPR16X4.$memwr$\mem$/Users/jeff/.cache/little-cpu/oss-cad-suite/libexec/../share/yosys/lattice/common_sim.vh:145$48107_EN' from process `$paramod$2074b3813575c9ede27f9a04ee0bf291c9c7bf2f\TRELLIS_DPR16X4.$proc$/Users/jeff/.cache/little-cpu/oss-cad-suite/libexec/../share/yosys/lattice/common_sim.vh:143$48143'.
No latch inferred for signal `$paramod$2074b3813575c9ede27f9a04ee0bf291c9c7bf2f\TRELLIS_DPR16X4.$memwr$\mem$/Users/jeff/.cache/little-cpu/oss-cad-suite/libexec/../share/yosys/lattice/common_sim.vh:145$48108_EN' from process `$paramod$2074b3813575c9ede27f9a04ee0bf291c9c7bf2f\TRELLIS_DPR16X4.$proc$/Users/jeff/.cache/little-cpu/oss-cad-suite/libexec/../share/yosys/lattice/common_sim.vh:143$48143'.
No latch inferred for signal `$paramod$2074b3813575c9ede27f9a04ee0bf291c9c7bf2f\TRELLIS_DPR16X4.$memwr$\mem$/Users/jeff/.cache/little-cpu/oss-cad-suite/libexec/../share/yosys/lattice/common_sim.vh:145$48109_EN' from process `$paramod$2074b3813575c9ede27f9a04ee0bf291c9c7bf2f\TRELLIS_DPR16X4.$proc$/Users/jeff/.cache/little-cpu/oss-cad-suite/libexec/../share/yosys/lattice/common_sim.vh:143$48143'.
No latch inferred for signal `$paramod$2074b3813575c9ede27f9a04ee0bf291c9c7bf2f\TRELLIS_DPR16X4.$memwr$\mem$/Users/jeff/.cache/little-cpu/oss-cad-suite/libexec/../share/yosys/lattice/common_sim.vh:145$48110_EN' from process `$paramod$2074b3813575c9ede27f9a04ee0bf291c9c7bf2f\TRELLIS_DPR16X4.$proc$/Users/jeff/.cache/little-cpu/oss-cad-suite/libexec/../share/yosys/lattice/common_sim.vh:143$48143'.
No latch inferred for signal `$paramod$2074b3813575c9ede27f9a04ee0bf291c9c7bf2f\TRELLIS_DPR16X4.$memwr$\mem$/Users/jeff/.cache/little-cpu/oss-cad-suite/libexec/../share/yosys/lattice/common_sim.vh:145$48111_EN' from process `$paramod$2074b3813575c9ede27f9a04ee0bf291c9c7bf2f\TRELLIS_DPR16X4.$proc$/Users/jeff/.cache/little-cpu/oss-cad-suite/libexec/../share/yosys/lattice/common_sim.vh:143$48143'.
No latch inferred for signal `$paramod$2074b3813575c9ede27f9a04ee0bf291c9c7bf2f\TRELLIS_DPR16X4.$memwr$\mem$/Users/jeff/.cache/little-cpu/oss-cad-suite/libexec/../share/yosys/lattice/common_sim.vh:145$48112_EN' from process `$paramod$2074b3813575c9ede27f9a04ee0bf291c9c7bf2f\TRELLIS_DPR16X4.$proc$/Users/jeff/.cache/little-cpu/oss-cad-suite/libexec/../share/yosys/lattice/common_sim.vh:143$48143'.
No latch inferred for signal `$paramod$2074b3813575c9ede27f9a04ee0bf291c9c7bf2f\TRELLIS_DPR16X4.$memwr$\mem$/Users/jeff/.cache/little-cpu/oss-cad-suite/libexec/../share/yosys/lattice/common_sim.vh:145$48113_EN' from process `$paramod$2074b3813575c9ede27f9a04ee0bf291c9c7bf2f\TRELLIS_DPR16X4.$proc$/Users/jeff/.cache/little-cpu/oss-cad-suite/libexec/../share/yosys/lattice/common_sim.vh:143$48143'.
No latch inferred for signal `$paramod$2074b3813575c9ede27f9a04ee0bf291c9c7bf2f\TRELLIS_DPR16X4.$memwr$\mem$/Users/jeff/.cache/little-cpu/oss-cad-suite/libexec/../share/yosys/lattice/common_sim.vh:145$48114_EN' from process `$paramod$2074b3813575c9ede27f9a04ee0bf291c9c7bf2f\TRELLIS_DPR16X4.$proc$/Users/jeff/.cache/little-cpu/oss-cad-suite/libexec/../share/yosys/lattice/common_sim.vh:143$48143'.
No latch inferred for signal `$paramod$2074b3813575c9ede27f9a04ee0bf291c9c7bf2f\TRELLIS_DPR16X4.$memwr$\mem$/Users/jeff/.cache/little-cpu/oss-cad-suite/libexec/../share/yosys/lattice/common_sim.vh:145$48115_EN' from process `$paramod$2074b3813575c9ede27f9a04ee0bf291c9c7bf2f\TRELLIS_DPR16X4.$proc$/Users/jeff/.cache/little-cpu/oss-cad-suite/libexec/../share/yosys/lattice/common_sim.vh:143$48143'.
No latch inferred for signal `$paramod$2074b3813575c9ede27f9a04ee0bf291c9c7bf2f\TRELLIS_DPR16X4.$memwr$\mem$/Users/jeff/.cache/little-cpu/oss-cad-suite/libexec/../share/yosys/lattice/common_sim.vh:145$48116_EN' from process `$paramod$2074b3813575c9ede27f9a04ee0bf291c9c7bf2f\TRELLIS_DPR16X4.$proc$/Users/jeff/.cache/little-cpu/oss-cad-suite/libexec/../share/yosys/lattice/common_sim.vh:143$48143'.
No latch inferred for signal `$paramod$2074b3813575c9ede27f9a04ee0bf291c9c7bf2f\TRELLIS_DPR16X4.\muxwre' from process `$paramod$2074b3813575c9ede27f9a04ee0bf291c9c7bf2f\TRELLIS_DPR16X4.$proc$/Users/jeff/.cache/little-cpu/oss-cad-suite/libexec/../share/yosys/lattice/common_sim.vh:151$48118'.

17.46.3.9. Executing PROC_DFF pass (convert process syncs to FFs).
Creating register for signal `$paramod$2074b3813575c9ede27f9a04ee0bf291c9c7bf2f\TRELLIS_DPR16X4.$memwr$\mem$/Users/jeff/.cache/little-cpu/oss-cad-suite/libexec/../share/yosys/lattice/common_sim.vh:161$48117_ADDR' using process `$paramod$2074b3813575c9ede27f9a04ee0bf291c9c7bf2f\TRELLIS_DPR16X4.$proc$/Users/jeff/.cache/little-cpu/oss-cad-suite/libexec/../share/yosys/lattice/common_sim.vh:159$48119'.
  created $dff cell `$procdff$48169' with positive edge clock.
Creating register for signal `$paramod$2074b3813575c9ede27f9a04ee0bf291c9c7bf2f\TRELLIS_DPR16X4.$memwr$\mem$/Users/jeff/.cache/little-cpu/oss-cad-suite/libexec/../share/yosys/lattice/common_sim.vh:161$48117_DATA' using process `$paramod$2074b3813575c9ede27f9a04ee0bf291c9c7bf2f\TRELLIS_DPR16X4.$proc$/Users/jeff/.cache/little-cpu/oss-cad-suite/libexec/../share/yosys/lattice/common_sim.vh:159$48119'.
  created $dff cell `$procdff$48170' with positive edge clock.
Creating register for signal `$paramod$2074b3813575c9ede27f9a04ee0bf291c9c7bf2f\TRELLIS_DPR16X4.$memwr$\mem$/Users/jeff/.cache/little-cpu/oss-cad-suite/libexec/../share/yosys/lattice/common_sim.vh:161$48117_EN' using process `$paramod$2074b3813575c9ede27f9a04ee0bf291c9c7bf2f\TRELLIS_DPR16X4.$proc$/Users/jeff/.cache/little-cpu/oss-cad-suite/libexec/../share/yosys/lattice/common_sim.vh:159$48119'.
  created $dff cell `$procdff$48171' with positive edge clock.

17.46.3.10. Executing PROC_MEMWR pass (convert process memory writes to cells).

17.46.3.11. Executing PROC_CLEAN pass (remove empty switches from decision trees).
Removing empty process `$paramod$2074b3813575c9ede27f9a04ee0bf291c9c7bf2f\TRELLIS_DPR16X4.$proc$/Users/jeff/.cache/little-cpu/oss-cad-suite/libexec/../share/yosys/lattice/common_sim.vh:143$48143'.
Found and cleaned up 1 empty switch in `$paramod$2074b3813575c9ede27f9a04ee0bf291c9c7bf2f\TRELLIS_DPR16X4.$proc$/Users/jeff/.cache/little-cpu/oss-cad-suite/libexec/../share/yosys/lattice/common_sim.vh:159$48119'.
Removing empty process `$paramod$2074b3813575c9ede27f9a04ee0bf291c9c7bf2f\TRELLIS_DPR16X4.$proc$/Users/jeff/.cache/little-cpu/oss-cad-suite/libexec/../share/yosys/lattice/common_sim.vh:159$48119'.
Removing empty process `$paramod$2074b3813575c9ede27f9a04ee0bf291c9c7bf2f\TRELLIS_DPR16X4.$proc$/Users/jeff/.cache/little-cpu/oss-cad-suite/libexec/../share/yosys/lattice/common_sim.vh:151$48118'.
Cleaned up 1 empty switch.

17.46.4. Executing SCC pass (detecting logic loops).
Found an SCC: $auto$simplemap.cc:256:simplemap_logbin$25383 $auto$simplemap.cc:227:simplemap_lognot$25384 $auto$simplemap.cc:256:simplemap_logbin$26950 $auto$simplemap.cc:256:simplemap_logbin$35802 $auto$simplemap.cc:256:simplemap_logbin$26936 $auto$simplemap.cc:256:simplemap_logbin$26945 $auto$simplemap.cc:256:simplemap_logbin$26947 $auto$simplemap.cc:227:simplemap_lognot$26948 $auto$simplemap.cc:256:simplemap_logbin$31539 $auto$ff.cc:337:slice$8082 $auto$simplemap.cc:157:simplemap_reduce$8084 $auto$simplemap.cc:256:simplemap_logbin$25380 $auto$simplemap.cc:256:simplemap_logbin$27207
Found an SCC: $auto$simplemap.cc:256:simplemap_logbin$13292 $auto$simplemap.cc:227:simplemap_lognot$13293 $auto$simplemap.cc:256:simplemap_logbin$14858 $auto$simplemap.cc:256:simplemap_logbin$35794 $auto$simplemap.cc:256:simplemap_logbin$14845 $auto$simplemap.cc:256:simplemap_logbin$14854 $auto$simplemap.cc:256:simplemap_logbin$14856 $auto$simplemap.cc:227:simplemap_lognot$14857 $auto$simplemap.cc:256:simplemap_logbin$19541 $auto$ff.cc:337:slice$9441 $auto$simplemap.cc:157:simplemap_reduce$9443 $auto$simplemap.cc:256:simplemap_logbin$13289 $auto$simplemap.cc:256:simplemap_logbin$15103
Found an SCC: $auto$simplemap.cc:298:simplemap_mux$33612 $auto$simplemap.cc:298:simplemap_mux$33678 $auto$simplemap.cc:298:simplemap_mux$33714 $auto$simplemap.cc:157:simplemap_reduce$35791 $auto$simplemap.cc:298:simplemap_mux$33611 $auto$simplemap.cc:298:simplemap_mux$33677 $auto$simplemap.cc:298:simplemap_mux$33713 $auto$simplemap.cc:298:simplemap_mux$33610 $auto$simplemap.cc:298:simplemap_mux$33676 $auto$simplemap.cc:298:simplemap_mux$33712 $auto$simplemap.cc:157:simplemap_reduce$35793 $auto$simplemap.cc:157:simplemap_reduce$35790 $auto$simplemap.cc:298:simplemap_mux$33609 $auto$simplemap.cc:298:simplemap_mux$33675 $auto$simplemap.cc:298:simplemap_mux$33711 $auto$simplemap.cc:106:simplemap_bitop$22832 $auto$simplemap.cc:298:simplemap_mux$33608 $auto$simplemap.cc:298:simplemap_mux$33674 $auto$simplemap.cc:298:simplemap_mux$33768 $auto$simplemap.cc:157:simplemap_reduce$22850 $auto$simplemap.cc:106:simplemap_bitop$22831 $auto$simplemap.cc:298:simplemap_mux$33607 $auto$simplemap.cc:298:simplemap_mux$33673 $auto$simplemap.cc:298:simplemap_mux$33767 $auto$simplemap.cc:106:simplemap_bitop$22830 $auto$simplemap.cc:298:simplemap_mux$33606 $auto$simplemap.cc:298:simplemap_mux$33672 $auto$simplemap.cc:298:simplemap_mux$33766 $auto$simplemap.cc:157:simplemap_reduce$22849 $auto$simplemap.cc:106:simplemap_bitop$22829 $auto$simplemap.cc:298:simplemap_mux$33605 $auto$simplemap.cc:298:simplemap_mux$33671 $auto$simplemap.cc:298:simplemap_mux$33765 $auto$simplemap.cc:106:simplemap_bitop$22828 $auto$simplemap.cc:298:simplemap_mux$33604 $auto$simplemap.cc:298:simplemap_mux$33670 $auto$simplemap.cc:298:simplemap_mux$33764 $auto$simplemap.cc:157:simplemap_reduce$22863 $auto$simplemap.cc:157:simplemap_reduce$22858 $auto$simplemap.cc:157:simplemap_reduce$22848 $auto$simplemap.cc:106:simplemap_bitop$22827 $auto$simplemap.cc:298:simplemap_mux$33603 $auto$simplemap.cc:298:simplemap_mux$33669 $auto$simplemap.cc:298:simplemap_mux$33763 $auto$simplemap.cc:106:simplemap_bitop$22826 $auto$simplemap.cc:298:simplemap_mux$33602 $auto$simplemap.cc:298:simplemap_mux$33668 $auto$simplemap.cc:298:simplemap_mux$33762 $auto$simplemap.cc:157:simplemap_reduce$22847 $auto$simplemap.cc:106:simplemap_bitop$22825 $auto$simplemap.cc:298:simplemap_mux$33601 $auto$simplemap.cc:298:simplemap_mux$33667 $auto$simplemap.cc:298:simplemap_mux$33761 $auto$simplemap.cc:106:simplemap_bitop$22824 $auto$simplemap.cc:298:simplemap_mux$33600 $auto$simplemap.cc:298:simplemap_mux$33666 $auto$simplemap.cc:298:simplemap_mux$33760 $auto$simplemap.cc:157:simplemap_reduce$22857 $auto$simplemap.cc:157:simplemap_reduce$22846 $auto$simplemap.cc:106:simplemap_bitop$22823 $auto$simplemap.cc:298:simplemap_mux$33599 $auto$simplemap.cc:298:simplemap_mux$33665 $auto$simplemap.cc:298:simplemap_mux$33759 $auto$simplemap.cc:106:simplemap_bitop$22822 $auto$simplemap.cc:298:simplemap_mux$33598 $auto$simplemap.cc:298:simplemap_mux$33664 $auto$simplemap.cc:298:simplemap_mux$33758 $auto$simplemap.cc:157:simplemap_reduce$22845 $auto$simplemap.cc:106:simplemap_bitop$22821 $auto$simplemap.cc:298:simplemap_mux$33597 $auto$simplemap.cc:298:simplemap_mux$33663 $auto$simplemap.cc:298:simplemap_mux$33757 $auto$simplemap.cc:106:simplemap_bitop$22820 $auto$simplemap.cc:298:simplemap_mux$33596 $auto$simplemap.cc:298:simplemap_mux$33662 $auto$simplemap.cc:298:simplemap_mux$33756 $auto$simplemap.cc:157:simplemap_reduce$22866 $auto$simplemap.cc:157:simplemap_reduce$22862 $auto$simplemap.cc:157:simplemap_reduce$22856 $auto$simplemap.cc:157:simplemap_reduce$22844 $auto$simplemap.cc:106:simplemap_bitop$22819 $auto$simplemap.cc:298:simplemap_mux$33595 $auto$simplemap.cc:298:simplemap_mux$33661 $auto$simplemap.cc:298:simplemap_mux$33755 $auto$simplemap.cc:106:simplemap_bitop$22818 $auto$simplemap.cc:298:simplemap_mux$33594 $auto$simplemap.cc:298:simplemap_mux$33660 $auto$simplemap.cc:298:simplemap_mux$33754 $auto$simplemap.cc:157:simplemap_reduce$22843 $auto$simplemap.cc:106:simplemap_bitop$22817 $auto$simplemap.cc:298:simplemap_mux$33593 $auto$simplemap.cc:298:simplemap_mux$33659 $auto$simplemap.cc:298:simplemap_mux$33753 $auto$simplemap.cc:106:simplemap_bitop$22816 $auto$simplemap.cc:298:simplemap_mux$33592 $auto$simplemap.cc:298:simplemap_mux$33658 $auto$simplemap.cc:298:simplemap_mux$33752 $auto$simplemap.cc:157:simplemap_reduce$22855 $auto$simplemap.cc:157:simplemap_reduce$22842 $auto$simplemap.cc:106:simplemap_bitop$22815 $auto$simplemap.cc:298:simplemap_mux$33591 $auto$simplemap.cc:298:simplemap_mux$33657 $auto$simplemap.cc:298:simplemap_mux$33751 $auto$simplemap.cc:106:simplemap_bitop$22814 $auto$simplemap.cc:298:simplemap_mux$33590 $auto$simplemap.cc:298:simplemap_mux$33656 $auto$simplemap.cc:298:simplemap_mux$33750 $auto$simplemap.cc:157:simplemap_reduce$22841 $auto$simplemap.cc:106:simplemap_bitop$22813 $auto$simplemap.cc:298:simplemap_mux$33589 $auto$simplemap.cc:298:simplemap_mux$33655 $auto$simplemap.cc:298:simplemap_mux$33749 $auto$simplemap.cc:106:simplemap_bitop$22812 $auto$simplemap.cc:298:simplemap_mux$33588 $auto$simplemap.cc:298:simplemap_mux$33654 $auto$simplemap.cc:298:simplemap_mux$33748 $auto$simplemap.cc:157:simplemap_reduce$22861 $auto$simplemap.cc:157:simplemap_reduce$22854 $auto$simplemap.cc:157:simplemap_reduce$22840 $auto$simplemap.cc:106:simplemap_bitop$22811 $auto$simplemap.cc:298:simplemap_mux$33587 $auto$simplemap.cc:298:simplemap_mux$33653 $auto$simplemap.cc:298:simplemap_mux$33747 $auto$simplemap.cc:106:simplemap_bitop$22810 $auto$simplemap.cc:298:simplemap_mux$33586 $auto$simplemap.cc:298:simplemap_mux$33652 $auto$simplemap.cc:298:simplemap_mux$33746 $auto$simplemap.cc:157:simplemap_reduce$22839 $auto$simplemap.cc:106:simplemap_bitop$22809 $auto$simplemap.cc:298:simplemap_mux$33585 $auto$simplemap.cc:298:simplemap_mux$33651 $auto$simplemap.cc:298:simplemap_mux$33745 $auto$simplemap.cc:106:simplemap_bitop$22808 $auto$simplemap.cc:298:simplemap_mux$33584 $auto$simplemap.cc:298:simplemap_mux$33650 $auto$simplemap.cc:298:simplemap_mux$33744 $auto$simplemap.cc:157:simplemap_reduce$22853 $auto$simplemap.cc:157:simplemap_reduce$22838 $auto$simplemap.cc:106:simplemap_bitop$22807 $auto$simplemap.cc:298:simplemap_mux$33583 $auto$simplemap.cc:298:simplemap_mux$33649 $auto$simplemap.cc:298:simplemap_mux$33743 $auto$simplemap.cc:106:simplemap_bitop$22806 $auto$simplemap.cc:298:simplemap_mux$33582 $auto$simplemap.cc:298:simplemap_mux$33648 $auto$simplemap.cc:298:simplemap_mux$33742 $auto$simplemap.cc:157:simplemap_reduce$22837 $auto$simplemap.cc:106:simplemap_bitop$22805 $auto$simplemap.cc:298:simplemap_mux$33581 $auto$simplemap.cc:298:simplemap_mux$33647 $auto$simplemap.cc:298:simplemap_mux$33741 $auto$simplemap.cc:106:simplemap_bitop$22804 $auto$simplemap.cc:298:simplemap_mux$33580 $auto$simplemap.cc:298:simplemap_mux$33646 $auto$simplemap.cc:298:simplemap_mux$33740 $auto$simplemap.cc:298:simplemap_mux$22158 $auto$simplemap.cc:298:simplemap_mux$22224 $auto$simplemap.cc:298:simplemap_mux$22260 $auto$simplemap.cc:157:simplemap_reduce$35799 $auto$simplemap.cc:298:simplemap_mux$22157 $auto$simplemap.cc:298:simplemap_mux$22223 $auto$simplemap.cc:298:simplemap_mux$22259 $auto$simplemap.cc:298:simplemap_mux$22156 $auto$simplemap.cc:298:simplemap_mux$22222 $auto$simplemap.cc:298:simplemap_mux$22258 $auto$simplemap.cc:157:simplemap_reduce$35801 $auto$simplemap.cc:157:simplemap_reduce$35798 $auto$simplemap.cc:298:simplemap_mux$22155 $auto$simplemap.cc:298:simplemap_mux$22221 $auto$simplemap.cc:298:simplemap_mux$22257 $auto$simplemap.cc:106:simplemap_bitop$34236 $auto$simplemap.cc:298:simplemap_mux$22154 $auto$simplemap.cc:298:simplemap_mux$22220 $auto$simplemap.cc:298:simplemap_mux$22314 $auto$simplemap.cc:157:simplemap_reduce$34254 $auto$simplemap.cc:106:simplemap_bitop$34235 $auto$simplemap.cc:298:simplemap_mux$22153 $auto$simplemap.cc:298:simplemap_mux$22219 $auto$simplemap.cc:298:simplemap_mux$22313 $auto$simplemap.cc:106:simplemap_bitop$34234 $auto$simplemap.cc:298:simplemap_mux$22152 $auto$simplemap.cc:298:simplemap_mux$22218 $auto$simplemap.cc:298:simplemap_mux$22312 $auto$simplemap.cc:157:simplemap_reduce$34253 $auto$simplemap.cc:106:simplemap_bitop$34233 $auto$simplemap.cc:298:simplemap_mux$22151 $auto$simplemap.cc:298:simplemap_mux$22217 $auto$simplemap.cc:298:simplemap_mux$22311 $auto$simplemap.cc:106:simplemap_bitop$34232 $auto$simplemap.cc:298:simplemap_mux$22150 $auto$simplemap.cc:298:simplemap_mux$22216 $auto$simplemap.cc:298:simplemap_mux$22310 $auto$simplemap.cc:157:simplemap_reduce$34267 $auto$simplemap.cc:157:simplemap_reduce$34262 $auto$simplemap.cc:157:simplemap_reduce$34252 $auto$simplemap.cc:106:simplemap_bitop$34231 $auto$simplemap.cc:298:simplemap_mux$22149 $auto$simplemap.cc:298:simplemap_mux$22215 $auto$simplemap.cc:298:simplemap_mux$22309 $auto$simplemap.cc:106:simplemap_bitop$34230 $auto$simplemap.cc:298:simplemap_mux$22148 $auto$simplemap.cc:298:simplemap_mux$22214 $auto$simplemap.cc:298:simplemap_mux$22308 $auto$simplemap.cc:157:simplemap_reduce$34251 $auto$simplemap.cc:106:simplemap_bitop$34229 $auto$simplemap.cc:298:simplemap_mux$22147 $auto$simplemap.cc:298:simplemap_mux$22213 $auto$simplemap.cc:298:simplemap_mux$22307 $auto$simplemap.cc:106:simplemap_bitop$34228 $auto$simplemap.cc:298:simplemap_mux$22146 $auto$simplemap.cc:298:simplemap_mux$22212 $auto$simplemap.cc:298:simplemap_mux$22306 $auto$simplemap.cc:157:simplemap_reduce$34261 $auto$simplemap.cc:157:simplemap_reduce$34250 $auto$simplemap.cc:106:simplemap_bitop$34227 $auto$simplemap.cc:298:simplemap_mux$22145 $auto$simplemap.cc:298:simplemap_mux$22211 $auto$simplemap.cc:298:simplemap_mux$22305 $auto$simplemap.cc:106:simplemap_bitop$34226 $auto$simplemap.cc:298:simplemap_mux$22144 $auto$simplemap.cc:298:simplemap_mux$22210 $auto$simplemap.cc:298:simplemap_mux$22304 $auto$simplemap.cc:157:simplemap_reduce$34249 $auto$simplemap.cc:106:simplemap_bitop$34225 $auto$simplemap.cc:298:simplemap_mux$22143 $auto$simplemap.cc:298:simplemap_mux$22209 $auto$simplemap.cc:298:simplemap_mux$22303 $auto$simplemap.cc:106:simplemap_bitop$34224 $auto$simplemap.cc:298:simplemap_mux$22142 $auto$simplemap.cc:298:simplemap_mux$22208 $auto$simplemap.cc:298:simplemap_mux$22302 $auto$simplemap.cc:157:simplemap_reduce$34270 $auto$simplemap.cc:157:simplemap_reduce$34266 $auto$simplemap.cc:157:simplemap_reduce$34260 $auto$simplemap.cc:157:simplemap_reduce$34248 $auto$simplemap.cc:106:simplemap_bitop$34223 $auto$simplemap.cc:298:simplemap_mux$22141 $auto$simplemap.cc:298:simplemap_mux$22207 $auto$simplemap.cc:298:simplemap_mux$22301 $auto$simplemap.cc:106:simplemap_bitop$34222 $auto$simplemap.cc:298:simplemap_mux$22140 $auto$simplemap.cc:298:simplemap_mux$22206 $auto$simplemap.cc:298:simplemap_mux$22300 $auto$simplemap.cc:157:simplemap_reduce$34247 $auto$simplemap.cc:106:simplemap_bitop$34221 $auto$simplemap.cc:298:simplemap_mux$22139 $auto$simplemap.cc:298:simplemap_mux$22205 $auto$simplemap.cc:298:simplemap_mux$22299 $auto$simplemap.cc:106:simplemap_bitop$34220 $auto$simplemap.cc:298:simplemap_mux$22138 $auto$simplemap.cc:298:simplemap_mux$22204 $auto$simplemap.cc:298:simplemap_mux$22298 $auto$simplemap.cc:157:simplemap_reduce$34259 $auto$simplemap.cc:157:simplemap_reduce$34246 $auto$simplemap.cc:106:simplemap_bitop$34219 $auto$simplemap.cc:298:simplemap_mux$22137 $auto$simplemap.cc:298:simplemap_mux$22203 $auto$simplemap.cc:298:simplemap_mux$22297 $auto$simplemap.cc:106:simplemap_bitop$34218 $auto$simplemap.cc:298:simplemap_mux$22136 $auto$simplemap.cc:298:simplemap_mux$22202 $auto$simplemap.cc:298:simplemap_mux$22296 $auto$simplemap.cc:157:simplemap_reduce$34245 $auto$simplemap.cc:106:simplemap_bitop$34217 $auto$simplemap.cc:298:simplemap_mux$22135 $auto$simplemap.cc:298:simplemap_mux$22201 $auto$simplemap.cc:298:simplemap_mux$22295 $auto$simplemap.cc:106:simplemap_bitop$34216 $auto$simplemap.cc:298:simplemap_mux$22134 $auto$simplemap.cc:298:simplemap_mux$22200 $auto$simplemap.cc:298:simplemap_mux$22294 $auto$simplemap.cc:157:simplemap_reduce$34265 $auto$simplemap.cc:157:simplemap_reduce$34258 $auto$simplemap.cc:157:simplemap_reduce$34244 $auto$simplemap.cc:106:simplemap_bitop$34215 $auto$simplemap.cc:298:simplemap_mux$22133 $auto$simplemap.cc:298:simplemap_mux$22199 $auto$simplemap.cc:298:simplemap_mux$22293 $auto$simplemap.cc:106:simplemap_bitop$34214 $auto$simplemap.cc:298:simplemap_mux$22132 $auto$simplemap.cc:298:simplemap_mux$22198 $auto$simplemap.cc:298:simplemap_mux$22292 $auto$simplemap.cc:157:simplemap_reduce$34243 $auto$simplemap.cc:106:simplemap_bitop$34213 $auto$simplemap.cc:298:simplemap_mux$22131 $auto$simplemap.cc:298:simplemap_mux$22197 $auto$simplemap.cc:298:simplemap_mux$22291 $auto$simplemap.cc:106:simplemap_bitop$34212 $auto$simplemap.cc:298:simplemap_mux$22130 $auto$simplemap.cc:298:simplemap_mux$22196 $auto$simplemap.cc:298:simplemap_mux$22290 $auto$simplemap.cc:157:simplemap_reduce$34257 $auto$simplemap.cc:157:simplemap_reduce$34242 $auto$simplemap.cc:106:simplemap_bitop$34211 $auto$simplemap.cc:298:simplemap_mux$22129 $auto$simplemap.cc:298:simplemap_mux$22195 $auto$simplemap.cc:298:simplemap_mux$22289 $auto$simplemap.cc:106:simplemap_bitop$34210 $auto$simplemap.cc:298:simplemap_mux$22128 $auto$simplemap.cc:298:simplemap_mux$22194 $auto$simplemap.cc:298:simplemap_mux$22288 $auto$simplemap.cc:157:simplemap_reduce$34241 $auto$simplemap.cc:106:simplemap_bitop$34209 $auto$simplemap.cc:298:simplemap_mux$22127 $auto$simplemap.cc:298:simplemap_mux$22193 $auto$simplemap.cc:298:simplemap_mux$22287 $auto$simplemap.cc:106:simplemap_bitop$34208 $auto$simplemap.cc:298:simplemap_mux$22126 $auto$simplemap.cc:298:simplemap_mux$22192 $auto$simplemap.cc:298:simplemap_mux$22286 $auto$simplemap.cc:256:simplemap_logbin$34275 $auto$ff.cc:337:slice$9722 $auto$simplemap.cc:157:simplemap_reduce$9724 $auto$simplemap.cc:256:simplemap_logbin$34204 $auto$simplemap.cc:227:simplemap_lognot$34274 $auto$simplemap.cc:157:simplemap_reduce$34272 $auto$simplemap.cc:157:simplemap_reduce$34269 $auto$simplemap.cc:157:simplemap_reduce$34264 $auto$simplemap.cc:157:simplemap_reduce$34256 $auto$simplemap.cc:157:simplemap_reduce$34240 $auto$simplemap.cc:106:simplemap_bitop$34207 $auto$simplemap.cc:298:simplemap_mux$22125 $auto$simplemap.cc:298:simplemap_mux$22191 $auto$simplemap.cc:298:simplemap_mux$22285 $auto$simplemap.cc:157:simplemap_reduce$9826 $auto$simplemap.cc:256:simplemap_logbin$22874 $auto$simplemap.cc:256:simplemap_logbin$22883 $auto$simplemap.cc:256:simplemap_logbin$22884 $auto$simplemap.cc:256:simplemap_logbin$22871 $auto$ff.cc:337:slice$8792 $auto$simplemap.cc:157:simplemap_reduce$8794 $auto$simplemap.cc:256:simplemap_logbin$22800 $auto$simplemap.cc:227:simplemap_lognot$22870 $auto$simplemap.cc:157:simplemap_reduce$22868 $auto$simplemap.cc:157:simplemap_reduce$22865 $auto$simplemap.cc:157:simplemap_reduce$22860 $auto$simplemap.cc:157:simplemap_reduce$22852 $auto$simplemap.cc:157:simplemap_reduce$22836 $auto$simplemap.cc:106:simplemap_bitop$22803 $auto$simplemap.cc:298:simplemap_mux$33579 $auto$simplemap.cc:298:simplemap_mux$33645 $auto$simplemap.cc:298:simplemap_mux$33739 $auto$simplemap.cc:157:simplemap_reduce$9770 $auto$simplemap.cc:256:simplemap_logbin$34278 $auto$simplemap.cc:256:simplemap_logbin$34287 $auto$simplemap.cc:256:simplemap_logbin$34288
Found 3 SCCs in module littledualsoc.
Found 3 SCCs.

17.46.5. Executing ABC9_OPS pass (helper functions for ABC9).

17.46.6. Executing TECHMAP pass (map to technology primitives).

17.46.6.1. Executing Verilog-2005 frontend: /Users/jeff/.cache/little-cpu/oss-cad-suite/libexec/../share/yosys/techmap.v
Parsing Verilog input from `/Users/jeff/.cache/little-cpu/oss-cad-suite/libexec/../share/yosys/techmap.v' to AST representation.
Generating RTLIL representation for module `\_90_simplemap_bool_ops'.
Generating RTLIL representation for module `\_90_simplemap_reduce_ops'.
Generating RTLIL representation for module `\_90_simplemap_logic_ops'.
Generating RTLIL representation for module `\_90_simplemap_compare_ops'.
Generating RTLIL representation for module `\_90_simplemap_various'.
Generating RTLIL representation for module `\_90_simplemap_registers'.
Generating RTLIL representation for module `\_90_shift_ops_shr_shl_sshl_sshr'.
Generating RTLIL representation for module `\_90_shift_shiftx'.
Generating RTLIL representation for module `\_90_fa'.
Generating RTLIL representation for module `\_90_lcu_brent_kung'.
Generating RTLIL representation for module `\_90_alu'.
Generating RTLIL representation for module `\_90_macc'.
Generating RTLIL representation for module `\_90_alumacc'.
Generating RTLIL representation for module `$__div_mod_u'.
Generating RTLIL representation for module `$__div_mod_trunc'.
Generating RTLIL representation for module `\_90_div'.
Generating RTLIL representation for module `\_90_mod'.
Generating RTLIL representation for module `$__div_mod_floor'.
Generating RTLIL representation for module `\_90_divfloor'.
Generating RTLIL representation for module `\_90_modfloor'.
Generating RTLIL representation for module `\_90_pow'.
Generating RTLIL representation for module `\_90_demux'.
Generating RTLIL representation for module `\_90_lut'.
Generating RTLIL representation for module `$connect'.
Generating RTLIL representation for module `$input_port'.
Successfully finished Verilog frontend.

17.46.6.2. Continuing TECHMAP pass.
No more expansions possible.
<suppressed ~168 debug messages>

17.46.7. Executing OPT pass (performing simple optimizations).

17.46.7.1. Executing OPT_EXPR pass (perform const folding).
Optimizing module $paramod$2074b3813575c9ede27f9a04ee0bf291c9c7bf2f\TRELLIS_DPR16X4.

17.46.7.2. Executing OPT_MERGE pass (detect identical cells).
Finding identical cells in module `$paramod$2074b3813575c9ede27f9a04ee0bf291c9c7bf2f\TRELLIS_DPR16X4'.
Computing hashes of 2 cells of `$paramod$2074b3813575c9ede27f9a04ee0bf291c9c7bf2f\TRELLIS_DPR16X4'.
Finding duplicate cells in `$paramod$2074b3813575c9ede27f9a04ee0bf291c9c7bf2f\TRELLIS_DPR16X4'.
Removed a total of 0 cells.

17.46.7.3. Executing OPT_MUXTREE pass (detect dead branches in mux trees).
Running muxtree optimizer on module $paramod$2074b3813575c9ede27f9a04ee0bf291c9c7bf2f\TRELLIS_DPR16X4..
  Creating internal representation of mux trees.
  No muxes found in this module.
Removed 0 multiplexer ports.

17.46.7.4. Executing OPT_REDUCE pass (consolidate $*mux and $reduce_* inputs).
  Optimizing cells in module $paramod$2074b3813575c9ede27f9a04ee0bf291c9c7bf2f\TRELLIS_DPR16X4.
Performed a total of 0 changes.

17.46.7.5. Executing OPT_MERGE pass (detect identical cells).
Finding identical cells in module `$paramod$2074b3813575c9ede27f9a04ee0bf291c9c7bf2f\TRELLIS_DPR16X4'.
Computing hashes of 2 cells of `$paramod$2074b3813575c9ede27f9a04ee0bf291c9c7bf2f\TRELLIS_DPR16X4'.
Finding duplicate cells in `$paramod$2074b3813575c9ede27f9a04ee0bf291c9c7bf2f\TRELLIS_DPR16X4'.
Removed a total of 0 cells.

17.46.7.6. Executing OPT_DFF pass (perform DFF optimizations).

17.46.7.7. Executing OPT_CLEAN pass (remove unused cells and wires).
Finding unused cells or wires in module $paramod$2074b3813575c9ede27f9a04ee0bf291c9c7bf2f\TRELLIS_DPR16X4..

17.46.7.8. Executing OPT_EXPR pass (perform const folding).
Optimizing module $paramod$2074b3813575c9ede27f9a04ee0bf291c9c7bf2f\TRELLIS_DPR16X4.

17.46.7.9. Finished fast OPT passes. (There is nothing left to do.)

17.46.8. Executing TECHMAP pass (map to technology primitives).

17.46.8.1. Executing Verilog-2005 frontend: /Users/jeff/.cache/little-cpu/oss-cad-suite/libexec/../share/yosys/abc9_map.v
Parsing Verilog input from `/Users/jeff/.cache/little-cpu/oss-cad-suite/libexec/../share/yosys/abc9_map.v' to AST representation.
Successfully finished Verilog frontend.

17.46.8.2. Continuing TECHMAP pass.
Using template $paramod$2074b3813575c9ede27f9a04ee0bf291c9c7bf2f\TRELLIS_DPR16X4 for cells of type $paramod$2074b3813575c9ede27f9a04ee0bf291c9c7bf2f\TRELLIS_DPR16X4.
No more expansions possible.
<suppressed ~67 debug messages>

17.46.9. Executing Verilog-2005 frontend: /Users/jeff/.cache/little-cpu/oss-cad-suite/libexec/../share/yosys/abc9_model.v
Parsing Verilog input from `/Users/jeff/.cache/little-cpu/oss-cad-suite/libexec/../share/yosys/abc9_model.v' to AST representation.
Generating RTLIL representation for module `$__ABC9_DELAY'.
Generating RTLIL representation for module `$__ABC9_SCC_BREAKER'.
Generating RTLIL representation for module `$__DFF_N__$abc9_flop'.
Generating RTLIL representation for module `$__DFF_P__$abc9_flop'.
Successfully finished Verilog frontend.

17.46.10. Executing ABC9_OPS pass (helper functions for ABC9).
<suppressed ~2 debug messages>

17.46.11. Executing ABC9_OPS pass (helper functions for ABC9).

17.46.12. Executing ABC9_OPS pass (helper functions for ABC9).
<suppressed ~2 debug messages>

17.46.13. Executing TECHMAP pass (map to technology primitives).

17.46.13.1. Executing Verilog-2005 frontend: /Users/jeff/.cache/little-cpu/oss-cad-suite/libexec/../share/yosys/techmap.v
Parsing Verilog input from `/Users/jeff/.cache/little-cpu/oss-cad-suite/libexec/../share/yosys/techmap.v' to AST representation.
Generating RTLIL representation for module `\_90_simplemap_bool_ops'.
Generating RTLIL representation for module `\_90_simplemap_reduce_ops'.
Generating RTLIL representation for module `\_90_simplemap_logic_ops'.
Generating RTLIL representation for module `\_90_simplemap_compare_ops'.
Generating RTLIL representation for module `\_90_simplemap_various'.
Generating RTLIL representation for module `\_90_simplemap_registers'.
Generating RTLIL representation for module `\_90_shift_ops_shr_shl_sshl_sshr'.
Generating RTLIL representation for module `\_90_shift_shiftx'.
Generating RTLIL representation for module `\_90_fa'.
Generating RTLIL representation for module `\_90_lcu_brent_kung'.
Generating RTLIL representation for module `\_90_alu'.
Generating RTLIL representation for module `\_90_macc'.
Generating RTLIL representation for module `\_90_alumacc'.
Generating RTLIL representation for module `$__div_mod_u'.
Generating RTLIL representation for module `$__div_mod_trunc'.
Generating RTLIL representation for module `\_90_div'.
Generating RTLIL representation for module `\_90_mod'.
Generating RTLIL representation for module `$__div_mod_floor'.
Generating RTLIL representation for module `\_90_divfloor'.
Generating RTLIL representation for module `\_90_modfloor'.
Generating RTLIL representation for module `\_90_pow'.
Generating RTLIL representation for module `\_90_demux'.
Generating RTLIL representation for module `\_90_lut'.
Generating RTLIL representation for module `$connect'.
Generating RTLIL representation for module `$input_port'.
Successfully finished Verilog frontend.

17.46.13.2. Continuing TECHMAP pass.
Using template $paramod$838872d5a4bab89607f53482b205c0fd50d8b82e\CCU2C for cells of type $paramod$838872d5a4bab89607f53482b205c0fd50d8b82e\CCU2C.
Using extmapper simplemap for cells of type $or.
Using extmapper simplemap for cells of type $and.
Using extmapper simplemap for cells of type $not.
Using extmapper simplemap for cells of type $xor.
Using template $paramod\LUT2\INIT=4'1010 for cells of type LUT2.
Using template $paramod\LUT4\INIT=16'1001011010101010 for cells of type LUT4.
Using extmapper simplemap for cells of type $mux.
No more expansions possible.
<suppressed ~207 debug messages>

17.46.14. Executing OPT pass (performing simple optimizations).

17.46.14.1. Executing OPT_EXPR pass (perform const folding).
Optimizing module littledualsoc.
<suppressed ~18 debug messages>

17.46.14.2. Executing OPT_MERGE pass (detect identical cells).
Finding identical cells in module `\littledualsoc'.
Computing hashes of 59 cells of `\littledualsoc'.
Finding duplicate cells in `\littledualsoc'.
Computing hashes of 57 cells of `\littledualsoc'.
Finding duplicate cells in `\littledualsoc'.
<suppressed ~6 debug messages>
Removed a total of 2 cells.

17.46.14.3. Executing OPT_MUXTREE pass (detect dead branches in mux trees).
Running muxtree optimizer on module \littledualsoc..
  Creating internal representation of mux trees.
  No muxes found in this module.
Removed 0 multiplexer ports.

17.46.14.4. Executing OPT_REDUCE pass (consolidate $*mux and $reduce_* inputs).
  Optimizing cells in module \littledualsoc.
Performed a total of 0 changes.

17.46.14.5. Executing OPT_MERGE pass (detect identical cells).
Finding identical cells in module `\littledualsoc'.
Computing hashes of 57 cells of `\littledualsoc'.
Finding duplicate cells in `\littledualsoc'.
Removed a total of 0 cells.

17.46.14.6. Executing OPT_DFF pass (perform DFF optimizations).

17.46.14.7. Executing OPT_CLEAN pass (remove unused cells and wires).
Finding unused cells or wires in module \littledualsoc..
Removed 0 unused cells and 55 unused wires.
<suppressed ~1 debug messages>

17.46.14.8. Executing OPT_EXPR pass (perform const folding).
Optimizing module littledualsoc.

17.46.14.9. Rerunning OPT passes. (Maybe there is more to do..)

17.46.14.10. Executing OPT_MUXTREE pass (detect dead branches in mux trees).
Running muxtree optimizer on module \littledualsoc..
  Creating internal representation of mux trees.
  No muxes found in this module.
Removed 0 multiplexer ports.

17.46.14.11. Executing OPT_REDUCE pass (consolidate $*mux and $reduce_* inputs).
  Optimizing cells in module \littledualsoc.
Performed a total of 0 changes.

17.46.14.12. Executing OPT_MERGE pass (detect identical cells).
Finding identical cells in module `\littledualsoc'.
Computing hashes of 57 cells of `\littledualsoc'.
Finding duplicate cells in `\littledualsoc'.
Removed a total of 0 cells.

17.46.14.13. Executing OPT_DFF pass (perform DFF optimizations).

17.46.14.14. Executing OPT_CLEAN pass (remove unused cells and wires).
Finding unused cells or wires in module \littledualsoc..

17.46.14.15. Executing OPT_EXPR pass (perform const folding).
Optimizing module littledualsoc.

17.46.14.16. Finished fast OPT passes. (There is nothing left to do.)

17.46.15. Executing AIGMAP pass (map logic to AIG).
Module littledualsoc: replaced 18 cells with 120 new cells, skipped 39 cells.
  replaced 3 cell types:
      14 $_MUX_
       2 $_OR_
       2 $_XOR_
  not replaced 3 cell types:
       4 $_AND_
       4 $_NOT_
      31 $specify2

17.46.16. Executing AIGMAP pass (map logic to AIG).
Module littledualsoc: replaced 10775 cells with 62732 new cells, skipped 6823 cells.
  replaced 3 cell types:
    5971 $_MUX_
    4231 $_OR_
     573 $_XOR_
  not replaced 10 cell types:
    3125 $_AND_
     882 $_NOT_
       1 $__ABC9_SCC_BREAKER
      25 $scopeinfo
    1842 TRELLIS_FF
      40 DP16KD
       8 MULT18X18D
     772 $paramod$838872d5a4bab89607f53482b205c0fd50d8b82e\CCU2C
      64 $paramod$2074b3813575c9ede27f9a04ee0bf291c9c7bf2f\TRELLIS_DPR16X4
      64 $paramod$2074b3813575c9ede27f9a04ee0bf291c9c7bf2f\TRELLIS_DPR16X4_$abc9_byp

17.46.16.1. Executing ABC9_OPS pass (helper functions for ABC9).

17.46.16.2. Executing ABC9_OPS pass (helper functions for ABC9).

17.46.16.3. Executing XAIGER backend.
<suppressed ~11 debug messages>
Extracted 26988 AND gates and 73745 wires from module `littledualsoc' to a netlist network with 2519 inputs and 1851 outputs.

17.46.16.4. Executing ABC9_EXE pass (technology mapping using ABC9).

17.46.16.5. Executing ABC9.
Running ABC command: "<yosys-exe-dir>/yosys-abc" -s -f <abc-temp-dir>/abc.script 2>&1
ABC: ======== ABC command line "source <abc-temp-dir>/abc.script"
ABC: + read_lut <abc-temp-dir>/input.lut 
ABC: + read_box <abc-temp-dir>/input.box 
ABC: + &read <abc-temp-dir>/input.xaig 
ABC: + &ps 
ABC: <abc-temp-dir>/input : i/o =   2519/   1851  and =   22186  lev =   83 (8.93)  mem = 0.47 MB  box = 836  bb = 64
ABC: + &scorr 
ABC: Warning: The network is combinational.
ABC: + &sweep 
ABC: + &dc2 
ABC: + &dch -f -r 
ABC: + &ps 
ABC: <abc-temp-dir>/input : i/o =   2519/   1851  and =   33354  lev =   44 (5.27)  mem = 0.60 MB  ch = 4612  box = 804  bb = 64
ABC: cst =       0  cls =   3816  lit =    4612  unused =   29921  proof =     0
ABC: + &if -W 300 -v 
ABC: K = 7. Memory (bytes): Truth =    0. Cut =   76. Obj =  156. Set =  780. CutMin = no
ABC: Node =   33354.  Ch =  3816.  Total mem =    7.77 MB. Peak cut mem =    0.87 MB.
ABC: P:  Del = 8603.00.  Ar =   35063.0.  Edge =    41839.  Cut =   412742.  T =     0.07 sec
ABC: P:  Del = 8460.00.  Ar =   34856.0.  Edge =    41939.  Cut =   402571.  T =     0.08 sec
ABC: P:  Del = 8460.00.  Ar =   13870.0.  Edge =    30628.  Cut =   892556.  T =     0.15 sec
ABC: F:  Del = 8460.00.  Ar =    9647.0.  Edge =    25702.  Cut =   755082.  T =     0.13 sec
ABC: A:  Del = 8460.00.  Ar =    8589.0.  Edge =    23226.  Cut =   730568.  T =     0.19 sec
ABC: A:  Del = 8460.00.  Ar =    8464.0.  Edge =    23121.  Cut =   723020.  T =     0.19 sec
ABC: Total time =     0.82 sec
ABC: + &write -n <abc-temp-dir>/output.aig 
ABC: + &mfs 
ABC: + &ps -l 
ABC: <abc-temp-dir>/input : i/o =   2519/   1851  and =   20736  lev =   44 (5.46)  mem = 0.45 MB  box = 802  bb = 64
ABC: Mapping (K=7)  :  lut =   6226  edge =   22457  lev =   17 (2.42)  levB =   46  mem = 0.27 MB
ABC: LUT = 6226 : 2=959 15.4 %  3=1810 29.1 %  4=2459 39.5 %  5=809 13.0 %  6=95 1.5 %  7=94 1.5 %  Ave = 3.61
ABC: + &write -n <abc-temp-dir>/output.aig 
ABC: + &verify 
ABC: Networks are equivalent.  Time =     0.78 sec
ABC: + time 
ABC: elapse: 10.97 seconds, total: 10.97 seconds

17.46.16.6. Executing AIGER frontend.
<suppressed ~10 debug messages>
Removed 30209 unused cells and 43912 unused wires.

17.46.16.7. Executing ABC_OPS_REINTEGRATE pass (reintegrate ABC mapped design into module).
ABC RESULTS:              $lut cells:     6234
ABC RESULTS:   $paramod$838872d5a4bab89607f53482b205c0fd50d8b82e\CCU2C cells:      738
ABC RESULTS:   $paramod$2074b3813575c9ede27f9a04ee0bf291c9c7bf2f\TRELLIS_DPR16X4_$abc9_byp cells:       64
ABC RESULTS:           input signals:      218
ABC RESULTS:          output signals:      330
<suppressed ~8774 debug messages>
Removing temp directory.

17.46.17. Executing TECHMAP pass (map to technology primitives).

17.46.17.1. Executing Verilog-2005 frontend: /Users/jeff/.cache/little-cpu/oss-cad-suite/libexec/../share/yosys/abc9_unmap.v
Parsing Verilog input from `/Users/jeff/.cache/little-cpu/oss-cad-suite/libexec/../share/yosys/abc9_unmap.v' to AST representation.
Generating RTLIL representation for module `$__DFF_x__$abc9_flop'.
Generating RTLIL representation for module `$__ABC9_SCC_BREAKER'.
Successfully finished Verilog frontend.

17.46.17.2. Continuing TECHMAP pass.
Using template $paramod$__ABC9_SCC_BREAKER\WIDTH=32'00000000000000000000000000000011 for cells of type $__ABC9_SCC_BREAKER.
Using template $paramod$2074b3813575c9ede27f9a04ee0bf291c9c7bf2f\TRELLIS_DPR16X4 for cells of type $paramod$2074b3813575c9ede27f9a04ee0bf291c9c7bf2f\TRELLIS_DPR16X4.
Using template $paramod$838872d5a4bab89607f53482b205c0fd50d8b82e\CCU2C for cells of type $paramod$838872d5a4bab89607f53482b205c0fd50d8b82e\CCU2C.
Using template $paramod$2074b3813575c9ede27f9a04ee0bf291c9c7bf2f\TRELLIS_DPR16X4_$abc9_byp for cells of type $paramod$2074b3813575c9ede27f9a04ee0bf291c9c7bf2f\TRELLIS_DPR16X4_$abc9_byp.
No more expansions possible.
<suppressed ~886 debug messages>
Removed 744 unused cells and 84247 unused wires.

17.47. Executing TECHMAP pass (map to technology primitives).

17.47.1. Executing Verilog-2005 frontend: /Users/jeff/.cache/little-cpu/oss-cad-suite/libexec/../share/yosys/lattice/cells_map_trellis.v
Parsing Verilog input from `/Users/jeff/.cache/little-cpu/oss-cad-suite/libexec/../share/yosys/lattice/cells_map_trellis.v' to AST representation.
Generating RTLIL representation for module `$_DFF_N_'.
Generating RTLIL representation for module `$_DFF_P_'.
Generating RTLIL representation for module `$_DFFE_NN_'.
Generating RTLIL representation for module `$_DFFE_PN_'.
Generating RTLIL representation for module `$_DFFE_NP_'.
Generating RTLIL representation for module `$_DFFE_PP_'.
Generating RTLIL representation for module `$_DFF_NP0_'.
Generating RTLIL representation for module `$_DFF_NP1_'.
Generating RTLIL representation for module `$_DFF_PP0_'.
Generating RTLIL representation for module `$_DFF_PP1_'.
Generating RTLIL representation for module `$_SDFF_NP0_'.
Generating RTLIL representation for module `$_SDFF_NP1_'.
Generating RTLIL representation for module `$_SDFF_PP0_'.
Generating RTLIL representation for module `$_SDFF_PP1_'.
Generating RTLIL representation for module `$_DFFE_NP0P_'.
Generating RTLIL representation for module `$_DFFE_NP1P_'.
Generating RTLIL representation for module `$_DFFE_PP0P_'.
Generating RTLIL representation for module `$_DFFE_PP1P_'.
Generating RTLIL representation for module `$_DFFE_NP0N_'.
Generating RTLIL representation for module `$_DFFE_NP1N_'.
Generating RTLIL representation for module `$_DFFE_PP0N_'.
Generating RTLIL representation for module `$_DFFE_PP1N_'.
Generating RTLIL representation for module `$_SDFFE_NP0P_'.
Generating RTLIL representation for module `$_SDFFE_NP1P_'.
Generating RTLIL representation for module `$_SDFFE_PP0P_'.
Generating RTLIL representation for module `$_SDFFE_PP1P_'.
Generating RTLIL representation for module `$_SDFFE_NP0N_'.
Generating RTLIL representation for module `$_SDFFE_NP1N_'.
Generating RTLIL representation for module `$_SDFFE_PP0N_'.
Generating RTLIL representation for module `$_SDFFE_PP1N_'.
Generating RTLIL representation for module `$_ALDFF_NP_'.
Generating RTLIL representation for module `$_ALDFF_PP_'.
Generating RTLIL representation for module `$_ALDFFE_NPN_'.
Generating RTLIL representation for module `$_ALDFFE_NPP_'.
Generating RTLIL representation for module `$_ALDFFE_PPN_'.
Generating RTLIL representation for module `$_ALDFFE_PPP_'.
Generating RTLIL representation for module `\FD1P3AX'.
Generating RTLIL representation for module `\FD1P3AY'.
Generating RTLIL representation for module `\FD1P3BX'.
Generating RTLIL representation for module `\FD1P3DX'.
Generating RTLIL representation for module `\FD1P3IX'.
Generating RTLIL representation for module `\FD1P3JX'.
Generating RTLIL representation for module `\FD1S3AX'.
Generating RTLIL representation for module `\FD1S3AY'.
Generating RTLIL representation for module `\FD1S3BX'.
Generating RTLIL representation for module `\FD1S3DX'.
Generating RTLIL representation for module `\FD1S3IX'.
Generating RTLIL representation for module `\FD1S3JX'.
Generating RTLIL representation for module `\IFS1P3BX'.
Generating RTLIL representation for module `\IFS1P3DX'.
Generating RTLIL representation for module `\IFS1P3IX'.
Generating RTLIL representation for module `\IFS1P3JX'.
Generating RTLIL representation for module `\OFS1P3BX'.
Generating RTLIL representation for module `\OFS1P3DX'.
Generating RTLIL representation for module `\OFS1P3IX'.
Generating RTLIL representation for module `\OFS1P3JX'.
Generating RTLIL representation for module `\IB'.
Generating RTLIL representation for module `\IBPU'.
Generating RTLIL representation for module `\IBPD'.
Generating RTLIL representation for module `\OB'.
Generating RTLIL representation for module `\OBZ'.
Generating RTLIL representation for module `\OBZPU'.
Generating RTLIL representation for module `\OBZPD'.
Generating RTLIL representation for module `\OBCO'.
Generating RTLIL representation for module `\BB'.
Generating RTLIL representation for module `\BBPU'.
Generating RTLIL representation for module `\BBPD'.
Generating RTLIL representation for module `\ILVDS'.
Generating RTLIL representation for module `\OLVDS'.
Generating RTLIL representation for module `$lut'.
Successfully finished Verilog frontend.

17.47.2. Continuing TECHMAP pass.
Using template $paramod$3b76e7992feef16ae9c3f327e43b82ee3bb8a74b$lut for cells of type $lut.
Using template $paramod$1241d759e3df4cac11dc7c99c36b0d1b07f7a673$lut for cells of type $lut.
Using template $paramod$234fd643079033ba0cbc98ff572df9b7b7a0dc86$lut for cells of type $lut.
Using template $paramod$lut\WIDTH=32'00000000000000000000000000000011\LUT=8'10010000 for cells of type $lut.
Using template $paramod$fca001e3e0b52158a872e76e56c01ec10dfbb1de$lut for cells of type $lut.
Using template $paramod$c71ed138d834112b80a85f4478e2e21f72e5c48b$lut for cells of type $lut.
Using template $paramod$df196ed0a1da5c4a58c5e08a1dac304fd3fccaab$lut for cells of type $lut.
Using template $paramod$571404c0889eaf57f492cb5e37f8acb5df5852f9$lut for cells of type $lut.
Using template $paramod$7d35f3eb4056e6484203c99fe42cfcf1dfaba704$lut for cells of type $lut.
Using template $paramod$lut\WIDTH=32'00000000000000000000000000000010\LUT=4'0010 for cells of type $lut.
Using template $paramod$549a24c0b77071744eefd28bf11342e15d6bc181$lut for cells of type $lut.
Using template $paramod$15b1be980a14edac79713e171a9494e1b4bd5060$lut for cells of type $lut.
Using template $paramod$8d7a8d6e3356de09670738ba85f2c6b874f6b06d$lut for cells of type $lut.
Using template $paramod$lut\WIDTH=32'00000000000000000000000000000011\LUT=8'10110000 for cells of type $lut.
Using template $paramod$adb3580ae7f1e000bff662054d4f52a48cec1e58$lut for cells of type $lut.
Using template $paramod$a15fd389a2f54cb7b94707b25934d226e68d9e2e$lut for cells of type $lut.
Using template $paramod$lut\WIDTH=32'00000000000000000000000000000010\LUT=4'0001 for cells of type $lut.
Using template $paramod$lut\WIDTH=32'00000000000000000000000000000011\LUT=8'01000000 for cells of type $lut.
Using template $paramod$lut\WIDTH=32'00000000000000000000000000000011\LUT=8'00000010 for cells of type $lut.
Using template $paramod$b5babc618720ace64bafddb303d6f59fd10af395$lut for cells of type $lut.
Using template $paramod$a6597eda4608f36e684c1dd07ed552fcbec112b2$lut for cells of type $lut.
Using template $paramod$lut\WIDTH=32'00000000000000000000000000000010\LUT=4'0100 for cells of type $lut.
Using template $paramod$b93d1ea7a612a32c185108f67a153d44ffb9aac2$lut for cells of type $lut.
Using template $paramod$c0b24172d263163a8e6b59024cdb9dfb57b52d61$lut for cells of type $lut.
Using template $paramod$8614da24b3846fe751594d00fba789cfcb7b874c$lut for cells of type $lut.
Using template $paramod$1769b870d47911d7a8ec3b7224a7974dbc5fe069$lut for cells of type $lut.
Using template $paramod$35369ee2661bc6f22afa7fd33e082ebba93672ba$lut for cells of type $lut.
Using template $paramod$lut\WIDTH=32'00000000000000000000000000000011\LUT=8'01000101 for cells of type $lut.
Using template $paramod$a084cc274693c018a19723474d192d68bfa72c0d$lut for cells of type $lut.
Using template $paramod$f4edbe62eaeaa926ba4d0c927ac9370b915a47a6$lut for cells of type $lut.
Using template $paramod$082ed8c2575e926883d45a33bf5ae86f6031f2f5$lut for cells of type $lut.
Using template $paramod$f258f431a7c2fc52205873e71cd6683fdc689824$lut for cells of type $lut.
Using template $paramod$lut\WIDTH=32'00000000000000000000000000000011\LUT=8'01001111 for cells of type $lut.
Using template $paramod$da9b8ed6e6249b228191d518197eda549b699313$lut for cells of type $lut.
Using template $paramod$b0850f5dc5bad6f54819f5ae145e9a70892f16e1$lut for cells of type $lut.
Using template $paramod$032f0423c7434dd1c3d5394068c7116e90905cbf$lut for cells of type $lut.
Using template $paramod$658b9ed803f0d3d335616d3858b53e0a2522f1e8$lut for cells of type $lut.
Using template $paramod$6e238df02989b317f10820a22773676e71120644$lut for cells of type $lut.
Using template $paramod$lut\WIDTH=32'00000000000000000000000000000010\LUT=4'1000 for cells of type $lut.
Using template $paramod$1650ad7cd8a00a4c121c4986f605e4a1c882e5e3$lut for cells of type $lut.
Using template $paramod$lut\WIDTH=32'00000000000000000000000000000010\LUT=4'0111 for cells of type $lut.
Using template $paramod$lut\WIDTH=32'00000000000000000000000000000011\LUT=8'00001000 for cells of type $lut.
Using template $paramod$53ce561f80f32d4298a3beadc88b6c5c78293221$lut for cells of type $lut.
Using template $paramod$179512a187da069f3b79ef6612a41e494e7d54b6$lut for cells of type $lut.
Using template $paramod$a5516fc31d1e552de2435200bb732b4d4ad63a9c$lut for cells of type $lut.
Using template $paramod$fa874836ac64420bb7d9c67e99a0912e16a50ef2$lut for cells of type $lut.
Using template $paramod$d7ec878ecfa8f5f7604d3e91692b5d4c2ee758ad$lut for cells of type $lut.
Using template $paramod$251994398653c4cf8de320f1e306e535d5d2d624$lut for cells of type $lut.
Using template $paramod$a9ba23df824f693c44e722629fd8c1fae157385c$lut for cells of type $lut.
Using template $paramod$8dad52e72016b5562becd6d61d63fb3aa971d1e9$lut for cells of type $lut.
Using template $paramod$3c17557fcd213346f7b38856ecb30fe49bafcccd$lut for cells of type $lut.
Using template $paramod$9bdc414229f06e785dc8fd97a243faa9336e164a$lut for cells of type $lut.
Using template $paramod$8adf7fbd410d2cc654c288d5be5f7508ee8809b0$lut for cells of type $lut.
Using template $paramod$lut\WIDTH=32'00000000000000000000000000000011\LUT=8'00010000 for cells of type $lut.
Using template $paramod$lut\WIDTH=32'00000000000000000000000000000011\LUT=8'00000001 for cells of type $lut.
Using template $paramod$36f9d7de27b8596bc9efe5e8fe2899df25452a17$lut for cells of type $lut.
Using template $paramod$4fd12ab024c405179bf5a9e16b5537585a33413b$lut for cells of type $lut.
Using template $paramod$70835f41914e9e7edf42a84c76cbf59ca7c0ff9c$lut for cells of type $lut.
Using template $paramod$3416dacc8eaab1f89b3d6b7398df3da766d29ef2$lut for cells of type $lut.
Using template $paramod$lut\WIDTH=32'00000000000000000000000000000011\LUT=8'10101100 for cells of type $lut.
Using template $paramod$lut\WIDTH=32'00000000000000000000000000000011\LUT=8'11001010 for cells of type $lut.
Using template $paramod$018d71a0fe325d6362687fe53ac13dd6340e400d$lut for cells of type $lut.
Using template $paramod$b2192df6f90569fea4015d0a6658bdc192199f95$lut for cells of type $lut.
Using template $paramod$38f9bf4dd2329347b8471f0a98443dd323386889$lut for cells of type $lut.
Using template $paramod$e6cfc2a250ad5b0b3da266fa46a057a6eca6e3d9$lut for cells of type $lut.
Using template $paramod$703a13a751e631ef123f38f7d2125aeabec0f94c$lut for cells of type $lut.
Using template $paramod$7bee11992960101e9924746e4227c0a579464668$lut for cells of type $lut.
Using template $paramod$e8ba44e4a3ee29c32776f6151b0293be3e5fa416$lut for cells of type $lut.
Using template $paramod$lut\WIDTH=32'00000000000000000000000000000011\LUT=8'11100100 for cells of type $lut.
Using template $paramod$6ea132611b559b2bac955f15c61322dac7c01171$lut for cells of type $lut.
Using template $paramod$49a3f6ab8f8346cf2ace3353f08779649f8e62e8$lut for cells of type $lut.
Using template $paramod$cd6c4b4da6d8737b72fd2dc8f5d83d8967445809$lut for cells of type $lut.
Using template $paramod$01667607673fcdb79fd61c4147f07cd2ea5df18e$lut for cells of type $lut.
Using template $paramod$1fbc3a5e9ce278eb9e1221d60fc364c80cf21644$lut for cells of type $lut.
Using template $paramod$058821f73b0d0c8a391bdbdf77da9368db594b4d$lut for cells of type $lut.
Using template $paramod$7bb6a37e65823eeb4b38c370fec30ab082759a14$lut for cells of type $lut.
Using template $paramod$c27b8f968d193f1bdeecb5ff0727e89dfc8895da$lut for cells of type $lut.
Using template $paramod$7f1ac77c5d84ef62fa0ac317f9798af74d02a33d$lut for cells of type $lut.
Using template $paramod$ea2ed7b6000d8bc7d418a28d22dd562f94afdeff$lut for cells of type $lut.
Using template $paramod$8f0d82e16b4c89eb0b2a8c99bac3c20c806020c3$lut for cells of type $lut.
Using template $paramod$068092ddede495d8462ffe530e6d91711913edbc$lut for cells of type $lut.
Using template $paramod$66f9c58c759edf7b58a57f136aceed50d0680ddb$lut for cells of type $lut.
Using template $paramod$02e001600040ef02940cefc012df70b9486bbf1c$lut for cells of type $lut.
Using template $paramod$2744d0d492249cc337d7fe397246e9a2b3fcfc2e$lut for cells of type $lut.
Using template $paramod$7491e7206ae8c682d288373efe06a43b67c277cf$lut for cells of type $lut.
Using template $paramod$2ea69c779d6c1b79ac5a87b0d1523c67d5628dba$lut for cells of type $lut.
Using template $paramod$dc5e5023f841e626f467d1c6d88b5043bf71a844$lut for cells of type $lut.
Using template $paramod$1f8fa708e40e04f30678d46c425db0942d6a8170$lut for cells of type $lut.
Using template $paramod$892fff58f2ec12ca6825c05f187c1860025555f1$lut for cells of type $lut.
Using template $paramod$c8d266743fba4301025ff436bc678646cee86d58$lut for cells of type $lut.
Using template $paramod$c28a8b7ce0535d090c4cfb52e9c74affd52b110c$lut for cells of type $lut.
Using template $paramod$a50be0e6fa3a01511bb234559cb74fb8bd3e2061$lut for cells of type $lut.
Using template $paramod$ee19d45db61acb4c70d938b97483a4ed4b792645$lut for cells of type $lut.
Using template $paramod$891d17c049ef97ffbed57a5d4edf3f9e83d4f776$lut for cells of type $lut.
Using template $paramod$lut\WIDTH=32'00000000000000000000000000000011\LUT=8'10101000 for cells of type $lut.
Using template $paramod$5502a85110dbca29ac631107f0b0635e7fade476$lut for cells of type $lut.
Using template $paramod$c5b694ec89d7629b942ccf6a9be1d39e24f8edec$lut for cells of type $lut.
Using template $paramod$74d5d87df4fde9bbf7187269875f1dd31a1c7704$lut for cells of type $lut.
Using template $paramod$263333ac59338938185fd1a9bf35d80ad37ecbd4$lut for cells of type $lut.
Using template $paramod$0bee8e21ff315db154659b13af2d9e4a150f2293$lut for cells of type $lut.
Using template $paramod$lut\WIDTH=32'00000000000000000000000000000011\LUT=8'10000000 for cells of type $lut.
Using template $paramod$75d5c453cca75cc7a7ca320c4fb7be0932b6aaa7$lut for cells of type $lut.
Using template $paramod$lut\WIDTH=32'00000000000000000000000000000011\LUT=8'00000111 for cells of type $lut.
Using template $paramod$92c3899764cd8074859d6a5a5b733cffe8a391b3$lut for cells of type $lut.
Using template $paramod$d004adf40fb94e1b215b866206ed2f58896269be$lut for cells of type $lut.
Using template $paramod$lut\WIDTH=32'00000000000000000000000000000011\LUT=8'11100000 for cells of type $lut.
Using template $paramod$a1d323730045824cfc84bb9f4ee8031f1c4dcc9e$lut for cells of type $lut.
Using template $paramod$lut\WIDTH=32'00000000000000000000000000000011\LUT=8'11011000 for cells of type $lut.
Using template $paramod$c4055c7e6f33761527a0e8cd52a2e6d54e8f6d82$lut for cells of type $lut.
Using template $paramod$bb127da2fb447cb0e11d2f23d0a99a024714e0fe$lut for cells of type $lut.
Using template $paramod$f15387e08fe2cf4fac199dd1a5aadd1f88e0cb97$lut for cells of type $lut.
Using template $paramod$6cded6c61ce853ef2739b0e8efd438c7483cfea8$lut for cells of type $lut.
Using template $paramod$a8bc6c87e696649693dbf18eb8ac613084594fc1$lut for cells of type $lut.
Using template $paramod$lut\WIDTH=32'00000000000000000000000000000011\LUT=8'01010100 for cells of type $lut.
Using template $paramod$364c9ffbffac467d60dfec81bba4e18476c15602$lut for cells of type $lut.
Using template $paramod$c7b66a86b64d66ffcf8e9e64be9df89942568c47$lut for cells of type $lut.
Using template $paramod$95195461d7904d53d4f11b52a240e22641823d51$lut for cells of type $lut.
Using template $paramod$20f3f4b8e32f8a8b038b0056872dc94926194798$lut for cells of type $lut.
Using template $paramod$5d3c172243e3c415ad04e6bc3a7880b5f6b9722d$lut for cells of type $lut.
Using template $paramod$359fe4e746656bf9c72aecaff84fc7bdea9f55a5$lut for cells of type $lut.
Using template $paramod$d259308a52644ffad5594cee9c3f466bafcd9d10$lut for cells of type $lut.
Using template $paramod$eba7de026ff587370e320127e266317dae097a89$lut for cells of type $lut.
Using template $paramod$241f97e0048a4aa8a069e42ba0666606a9c9382a$lut for cells of type $lut.
Using template $paramod$11ec7271d8e6e5aeaace08c13e4c601f10e31038$lut for cells of type $lut.
Using template $paramod$8c2c1e59c8876a3c2b20cc33cb8585da498e9286$lut for cells of type $lut.
Using template $paramod$12a6475d864af179d6e28b5a1d230e323666d032$lut for cells of type $lut.
Using template $paramod$baf678c9494b9758733f4a6a72647343c5c03fbf$lut for cells of type $lut.
Using template $paramod$0ee0167fb5dd83bdfe7197fff23e2c7146c57037$lut for cells of type $lut.
Using template $paramod$2357431a20f3891da5d1d21801bc815b057e2dac$lut for cells of type $lut.
Using template $paramod$07b1b12ce0305f55108770e958fd02caedfebdf8$lut for cells of type $lut.
Using template $paramod$52d96bfa17866bab828b9f1286c638d27fce0ef0$lut for cells of type $lut.
Using template $paramod$9d46c682443340d71b586ec98bfc71451c8e8980$lut for cells of type $lut.
Using template $paramod$b1680225cc6a5792caa95f54b8b3218fae21705d$lut for cells of type $lut.
Using template $paramod$424ce08c2f6321b5fcb06e45c3aa4587fa178c07$lut for cells of type $lut.
Using template $paramod$4748dda2694db7609e38cdbe67a15f64fa74ca1a$lut for cells of type $lut.
Using template $paramod$eaa1d57f085064e0407c5814821452b7f6cf2f92$lut for cells of type $lut.
Using template $paramod$ad823946862e656cf7f96d606b18b8f972dc6d6c$lut for cells of type $lut.
Using template $paramod$8e44661def013b6bf9fe6f8b049ef2c838d749f9$lut for cells of type $lut.
Using template $paramod$46da47a99dd0eb381271453c50d728cec9a95394$lut for cells of type $lut.
Using template $paramod$72043e0aa7fa64cb454e3c2ca3dbe1636171896a$lut for cells of type $lut.
Using template $paramod$28bcf89e07877dcf5f4a4509f994f79785921dc8$lut for cells of type $lut.
Using template $paramod$fb5ee0bdef1c4e74aaf1fd8efae98b46a2f5e564$lut for cells of type $lut.
Using template $paramod$c685a6e5e211287be351ac5f1078c1501564ce89$lut for cells of type $lut.
Using template $paramod$5289dac6f25369a9a495c69c724c25ee83ad0e78$lut for cells of type $lut.
Using template $paramod$07042e9245200b5a496aa0293da61c6e67934fa3$lut for cells of type $lut.
Using template $paramod$lut\WIDTH=32'00000000000000000000000000000011\LUT=8'00001011 for cells of type $lut.
Using template $paramod$cf9f8c485a0e1fdf92028a9b644f333d9756d793$lut for cells of type $lut.
Using template $paramod$1bb26330f94b9f62b6acb8cc6af86c50c7c3906f$lut for cells of type $lut.
Using template $paramod$4347d0f13de2ec73cebbbd39be8b55c50cb62a8f$lut for cells of type $lut.
Using template $paramod$0331e023d83b8009e60defb446ce9fa640b122c7$lut for cells of type $lut.
Using template $paramod$ba4b1c9b57f942a38af35848615a2f06189d3bfe$lut for cells of type $lut.
Using template $paramod$acfd6fac03882227d60619ed8571421111ed0540$lut for cells of type $lut.
Using template $paramod$5348912da867a611a8088b6b8b27a62d65f1de6e$lut for cells of type $lut.
Using template $paramod$daf647bf6403143068eea8188cee93c3147be893$lut for cells of type $lut.
Using template $paramod$5dd010b8b6611f480d8479d5a73c697bd413c5b6$lut for cells of type $lut.
Using template $paramod$lut\WIDTH=32'00000000000000000000000000000011\LUT=8'11101111 for cells of type $lut.
Using template $paramod$480d3b9fc7c6a57575657fd8f0dc2a86c4cc650e$lut for cells of type $lut.
Using template $paramod$21f669b3f2cc0c69e60a051d7e6e58f0ba72f297$lut for cells of type $lut.
Using template $paramod$33ace67cf2392954588605b5c913dfbe6538ec00$lut for cells of type $lut.
Using template $paramod$lut\WIDTH=32'00000000000000000000000000000011\LUT=8'00101111 for cells of type $lut.
Using template $paramod$lut\WIDTH=32'00000000000000000000000000000011\LUT=8'10001111 for cells of type $lut.
Using template $paramod$lut\WIDTH=32'00000000000000000000000000000011\LUT=8'00011111 for cells of type $lut.
Using template $paramod$abb906c3d6a03d24bb2fe4cb8f598c486fb0ed92$lut for cells of type $lut.
Using template $paramod$58df2c605746858c7e53492c8f57d6f1fafa12d2$lut for cells of type $lut.
Using template $paramod$lut\WIDTH=32'00000000000000000000000000000011\LUT=8'11111110 for cells of type $lut.
Using template $paramod$c8f16510db975553c8b0be1064e8f5234175f8a8$lut for cells of type $lut.
Using template $paramod$15d3dd50cc31557057274aea687fe2a8296cd155$lut for cells of type $lut.
Using template $paramod$b38f6461aecb8d991b1fd8754b8859b687b627b5$lut for cells of type $lut.
Using template $paramod$6e9834eb4ac7ebc041fbb61092f4f21d9e6ba2b2$lut for cells of type $lut.
Using template $paramod$d5c7dda3e544463bf43ed73dadb51262f5dcf2fe$lut for cells of type $lut.
Using template $paramod$05f66240810e81b1a2e698a1f280f5252768dc46$lut for cells of type $lut.
Using template $paramod$e74b8590194b5af155ab4c03cd694cb67eb27664$lut for cells of type $lut.
Using template $paramod$1bf62ab10e48d71d6497bccacf5c70420c470fe9$lut for cells of type $lut.
Using template $paramod$d546db88fc169832512e499a9cdf9a41b89ab74e$lut for cells of type $lut.
Using template $paramod$90dc599eed99da511e64ad217d69e7ff2c1e56cc$lut for cells of type $lut.
Using template $paramod$758d9e8729b283bb3651b0fa835584bea2e26299$lut for cells of type $lut.
Using template $paramod$872def176acf0af46aee1a4df67a9291309e3c01$lut for cells of type $lut.
Using template $paramod$6da47c92945c4a1aa8daf06538a44f94a201d865$lut for cells of type $lut.
Using template $paramod$5a32eabcbc53efaba9cf3d020b2ca72f06735610$lut for cells of type $lut.
Using template $paramod$5ed850fa4063d6c8183586a36ae6a93be9ba1d6d$lut for cells of type $lut.
Using template $paramod$d6ca727e39f31d51d29072e0f33aa09c65e37336$lut for cells of type $lut.
Using template $paramod$09922697b7e04e45d4f3b0af1c9097e728dd8c74$lut for cells of type $lut.
Using template $paramod$b066e90af0dc27feba2b715793809aded4b7357a$lut for cells of type $lut.
Using template $paramod$272652f6c6fbe9a75eff76e45cc7e2788835518b$lut for cells of type $lut.
Using template $paramod$ded36d2b10e105e419673d05e1c555a191c15715$lut for cells of type $lut.
Using template $paramod$fdb7d2f78b1b1d86177579c82e917e4e8af6f77d$lut for cells of type $lut.
Using template $paramod$620c9bfd79d17281d4846d8e5a0c8a09f480b7a9$lut for cells of type $lut.
Using template $paramod$lut\WIDTH=32'00000000000000000000000000000011\LUT=8'00010011 for cells of type $lut.
Using template $paramod$lut\WIDTH=32'00000000000000000000000000000011\LUT=8'00000100 for cells of type $lut.
Using template $paramod$49688e3876e67f643de3f09c567231f0755d7eb3$lut for cells of type $lut.
Using template $paramod$435428187cf875938e74e7d1eb5f0e510c00c191$lut for cells of type $lut.
Using template $paramod$59f2a3e232df3029c8bc36978b9bbe72a71dfb5a$lut for cells of type $lut.
Using template $paramod$0fcb06ed76df01e8d45bc2b9e6c8a9b43fa42cb4$lut for cells of type $lut.
Using template $paramod$ba92f2818352b3021b59b7cf2e4b09747462f95a$lut for cells of type $lut.
Using template $paramod$c7447a8a0a57fc2bb72676bb85198db66caa7ba2$lut for cells of type $lut.
Using template $paramod$4615ba4f3bb41843c2a73e59e21b8ed33f629a62$lut for cells of type $lut.
Using template $paramod$101238f3d8d49ab12a9b49a2f01cd503b26e9c61$lut for cells of type $lut.
Using template $paramod$lut\WIDTH=32'00000000000000000000000000000011\LUT=8'01110000 for cells of type $lut.
Using template $paramod$b59b49c736ee195699e8ac4f8fcc81d7f54d585d$lut for cells of type $lut.
Using template $paramod$lut\WIDTH=32'00000000000000000000000000000011\LUT=8'00001110 for cells of type $lut.
Using template $paramod$48cb359f1803ccd9edb20a809e0457ae816682a0$lut for cells of type $lut.
Using template $paramod$980e7f2a972ed89aba35ffe37689fed096427065$lut for cells of type $lut.
Using template $paramod$lut\WIDTH=32'00000000000000000000000000000011\LUT=8'01010001 for cells of type $lut.
Using template $paramod$965f8f2fa1a796a6c51222eabb50fbd26e97d98b$lut for cells of type $lut.
Using template $paramod$9be0b01fe9d4f00e86f5a1c4057ddf4d3724e805$lut for cells of type $lut.
Using template $paramod$lut\WIDTH=32'00000000000000000000000000000011\LUT=8'00100011 for cells of type $lut.
Using template $paramod$4a8ccde97ddf128ea155c6674e42e6e0c58748e2$lut for cells of type $lut.
Using template $paramod$03da3dcc7c75ea9c9148a6fc634f76a9d0cbefef$lut for cells of type $lut.
Using template $paramod$f9b715fbf1040e81e900b2461c2390d17ed5e988$lut for cells of type $lut.
Using template $paramod$b9eb5842c89bf6e2595641d6a5091955541b6427$lut for cells of type $lut.
Using template $paramod$61d7feca0897b7fe4635e3e4afdd9cb044a89bcb$lut for cells of type $lut.
Using template $paramod$da7997a399192b38a03bbded812f844436eaf537$lut for cells of type $lut.
Using template $paramod$085baba142f3e440855eae9fb7d8d4370e87b6cc$lut for cells of type $lut.
Using template $paramod$8e49d3af3dd526203d0c34b6a80982053a282457$lut for cells of type $lut.
Using template $paramod$47a8214374025465e226fa66bee690ff33268a25$lut for cells of type $lut.
Using template $paramod$fdda820335a7c2778b6ea9bb560cedf6f20328fe$lut for cells of type $lut.
Using template $paramod$f85f1073c412d406200a6a72283f918c8b751314$lut for cells of type $lut.
Using template $paramod$lut\WIDTH=32'00000000000000000000000000000011\LUT=8'10111111 for cells of type $lut.
Using template $paramod$1718aaead002725e74206adfc64570032e33bcd7$lut for cells of type $lut.
Using template $paramod$78e1751931755f088c8bc676bcbc3bb642c26bfc$lut for cells of type $lut.
Using template $paramod$3883e3ab105faaa19a89a7396946ed36309e7d04$lut for cells of type $lut.
Using template $paramod$80a332498ad7bee1c3927cc90826cea408ee14f6$lut for cells of type $lut.
Using template $paramod$e56ed438824ef045f2f10081792331cde7187198$lut for cells of type $lut.
Using template $paramod$lut\WIDTH=32'00000000000000000000000000000010\LUT=4'1001 for cells of type $lut.
Using template $paramod$b700d09de1ec347f3f4ebbc48940728b1fb65cef$lut for cells of type $lut.
Using template $paramod$f21abacf3a3f89d150ef86de2d670d34696f4f9b$lut for cells of type $lut.
Using template $paramod$ce7f620dbbaa4a0d9a0e4de93114684d7d946fa7$lut for cells of type $lut.
Using template $paramod$2e5821fdef543c88c9fc984c1920c89eb3901274$lut for cells of type $lut.
Using template $paramod$78d09f12913ae1206fd677899101bbd4e663c3be$lut for cells of type $lut.
Using template $paramod$efd267896af4a98dda817e7fa08c5693f0671d2a$lut for cells of type $lut.
Using template $paramod$83446ba1e070e12a3408e53908406fb631c915c7$lut for cells of type $lut.
Using template $paramod$0e553b87c2085a3bdf46178717733399fa76a105$lut for cells of type $lut.
Using template $paramod$76bbfa0b99cdd52af7885772fb92e8c1dbd67cd8$lut for cells of type $lut.
Using template $paramod$lut\WIDTH=32'00000000000000000000000000000011\LUT=8'00010010 for cells of type $lut.
Using template $paramod$6c21dbb7e78135da0acb5aa9d34ce2a780ef3d95$lut for cells of type $lut.
Using template $paramod$6fd79834b7694af07c526ce0e598cfb68908ce32$lut for cells of type $lut.
Using template $paramod$ec26be831c262c9d7175ae2120df9d1aae010cd9$lut for cells of type $lut.
Using template $paramod$36dbb5a6dbe1f8999adda0538af95a5f30d691ef$lut for cells of type $lut.
Using template $paramod$f011905d4fd217a1081d99a90677189f029b284c$lut for cells of type $lut.
Using template $paramod$ed8844183ebd59a2e1e168891a800dda30e71543$lut for cells of type $lut.
Using template $paramod$b324b4c548b7a89495bb1c5885d77bbe4d78ec57$lut for cells of type $lut.
Using template $paramod$30305e55a780880b9c824fe3509a4d981acb0f2b$lut for cells of type $lut.
Using template $paramod$6cb2ed973231d070388eb8bfc4bd71489a254880$lut for cells of type $lut.
Using template $paramod$c4b43ef331e400fd91cc5bd7a4faa95812c4910f$lut for cells of type $lut.
Using template $paramod$be279b3a95441f5ed77959a762fd1c3c8028198d$lut for cells of type $lut.
Using template $paramod$ca909b188bb85718c979e1dc126edd8092b431b1$lut for cells of type $lut.
Using template $paramod$eea9f3bfa234687410071a547d41b806cab7d4e0$lut for cells of type $lut.
Using template $paramod$lut\WIDTH=32'00000000000000000000000000000011\LUT=8'01011100 for cells of type $lut.
Using template $paramod$f3b8dbb7ee316e4366e7a252dfebc662dc08bdf1$lut for cells of type $lut.
Using template $paramod$dbe927755ccbff7bd6a9b39318aaad5995c8c1f3$lut for cells of type $lut.
Using template $paramod$5ee4f12212294a82712f98bebfb8a61e657e9ac2$lut for cells of type $lut.
Using template $paramod$9490ab60a7d85f70bcc3b5918304de39de57c18b$lut for cells of type $lut.
Using template $paramod$lut\WIDTH=32'00000000000000000000000000000011\LUT=8'00110010 for cells of type $lut.
Using template $paramod$a597f7e5ffeff3c3c037aa723a07f30fbffd975b$lut for cells of type $lut.
Using template $paramod$c4f15117d636ba0a37f3c0aa78c2235ee09a98ee$lut for cells of type $lut.
Using template $paramod$55e73e2b7df07d1e444ec130677018797d41718f$lut for cells of type $lut.
Using template $paramod$10943c4d8c9173d070a973c8e8980f0b7748db3b$lut for cells of type $lut.
Using template $paramod$97fa872cd485c012a19bf786a930943ae591e2f7$lut for cells of type $lut.
Using template $paramod$6568e0ffbffdbeeb2cfaf9281610eb0ac3123abd$lut for cells of type $lut.
Using template $paramod$4b3167be89952d4365dee9de9f835ff1b82b4b40$lut for cells of type $lut.
Using template $paramod$e46ef82f2238cd66bbfa93b3a1af0198274fb293$lut for cells of type $lut.
Using template $paramod$27f6a29591098a57246165a5ed03da56fcfb0418$lut for cells of type $lut.
Using template $paramod$36f58c568e9d53b2e40746b5556c06ccf1cef551$lut for cells of type $lut.
Using template $paramod$8e93a6f825e0f8a455f3175761f4245f6377658f$lut for cells of type $lut.
Using template $paramod$6d25ac449ac22237ff34c36614887fa874cf7749$lut for cells of type $lut.
Using template $paramod$5757398bc9f7a2441d1a075cbd3e30d050b9ea93$lut for cells of type $lut.
Using template $paramod$b161e90095a8c77158a060696ef3c41f089572c0$lut for cells of type $lut.
Using template $paramod$fa75fb276e371f62dc013271c6e14f48d4c7ee32$lut for cells of type $lut.
Using template $paramod$efa87d16d31dcff6e90739471fed729a161079c1$lut for cells of type $lut.
Using template $paramod$6d6beead1425af15cf78b27fd9b11b41b5d4bce8$lut for cells of type $lut.
Using template $paramod$a743caf801766df40bcc22d49baa12a0bdc2f7fe$lut for cells of type $lut.
Using template $paramod$91e98440405d507ee5d6decdab51eb4e72845316$lut for cells of type $lut.
Using template $paramod$8ad6a15fb0c2e69823a6311e55b22c2ae3d4ceb6$lut for cells of type $lut.
Using template $paramod$79092677f83ef16fdaa584255f71cad0c91f80d1$lut for cells of type $lut.
Using template $paramod$4a2c4b7ce48b45775428d205325cc7244ce3b188$lut for cells of type $lut.
Using template $paramod$b7f8da54f9290d8e9ca848e8ae45b6fd6733efee$lut for cells of type $lut.
Using template $paramod$82b4a585d1edcb5c6e755dc9bd3392228a1c1304$lut for cells of type $lut.
Using template $paramod$011aad93f7b1a0d8616dd3430217302e58fff744$lut for cells of type $lut.
Using template $paramod$94d7fe453257c23c92692f9d6e6762cde8f19eaf$lut for cells of type $lut.
Using template $paramod$lut\WIDTH=32'00000000000000000000000000000011\LUT=8'00100000 for cells of type $lut.
Using template $paramod$a07550581bda0eece7082046ed391cc2114b8f39$lut for cells of type $lut.
Using template $paramod$74d6ad1d1e49a378e5c1fb3a9ae26dac9cca0780$lut for cells of type $lut.
Using template $paramod$4c16846b865fc2042d2fe6609db82a1f76c8dda3$lut for cells of type $lut.
Using template $paramod$1aa2b21695e8d569d7ee9046d51b714703d45587$lut for cells of type $lut.
Using template $paramod$979375508f4d937f13276b57e62050e0375ffa1d$lut for cells of type $lut.
Using template $paramod$6d949ee8d734e2fbf1779700b6968a46db934550$lut for cells of type $lut.
Using template $paramod$e214d01891b9104d43e4e963addc69121a77dea1$lut for cells of type $lut.
Using template $paramod$779a912c2e61b008e2ba6da235f91f694eb7e6d7$lut for cells of type $lut.
Using template $paramod$lut\WIDTH=32'00000000000000000000000000000010\LUT=4'0110 for cells of type $lut.
Using template $paramod$dc4c6df6136ea5ba80a84a8a661121ccaab80b7b$lut for cells of type $lut.
Using template $paramod$4b69d06722f6e37767975dbbe57499b4a4b1d1cb$lut for cells of type $lut.
Using template $paramod$94d2f1f461ef911482e15efdba185521de732c99$lut for cells of type $lut.
Using template $paramod$07ae181afe0c13ed52cf210cfe3d9c87d2709565$lut for cells of type $lut.
Using template $paramod$66658cbed86a8310f9b7ba1190d35eff90ee749b$lut for cells of type $lut.
Using template $paramod$5ab963a4633cae565b262e2e355abb70a99ef964$lut for cells of type $lut.
Using template $paramod$2c4763070b580c2999ae6fa590ba677c30dd59b0$lut for cells of type $lut.
Using template $paramod$ec89b9bdb14bd99c7cba47cd814b7e8bedda9eea$lut for cells of type $lut.
Using template $paramod$5696a47bc454fd52a8f7de8c0dc67806adfe531a$lut for cells of type $lut.
Using template $paramod$4e5361356628624442be7dd9900e60ee65dee1ae$lut for cells of type $lut.
Using template $paramod$d9922e15eb5da1acc26e937540cc16b16c2ad42c$lut for cells of type $lut.
Using template $paramod$3b5fd7a7755c03ab1c8b360b793118526a781102$lut for cells of type $lut.
Using template $paramod$23b135911b7c14b5b19b5329e5903bcf58b44188$lut for cells of type $lut.
Using template $paramod$338ce46cf7ff44b9974887dd2adee6c4e0530bed$lut for cells of type $lut.
Using template $paramod$332a399730bfc61adea04021a76b1c4e4030f37d$lut for cells of type $lut.
Using template $paramod$5e9374f44a27c3f8a1c38af244ec43ceb4fb8d4f$lut for cells of type $lut.
Using template $paramod$a5dd9ee10fc2202a29791f7d68d4afcce241aee5$lut for cells of type $lut.
Using template $paramod$ffd1d49b22af6cef92643a808e6432d11a35dac7$lut for cells of type $lut.
Using template $paramod$971b6f84b4a14821e3fc038d914a28724ed08569$lut for cells of type $lut.
Using template $paramod$f28aede8a07a53ff316cc6f8627c7d8a2337a88a$lut for cells of type $lut.
Using template $paramod$lut\WIDTH=32'00000000000000000000000000000011\LUT=8'11001000 for cells of type $lut.
Using template $paramod$de3406006c16cf7256a0a2fdcbb1597ad8f6cb54$lut for cells of type $lut.
Using template $paramod$9b8ad6ec287ad078c7ff8f3a8ca4083f5a7cb8c9$lut for cells of type $lut.
Using template $paramod$926caad99aec068288edc71f1f176bb063d4e26f$lut for cells of type $lut.
Using template $paramod$cf652acbfbf67d2248e3045cd0f09c58ca55886c$lut for cells of type $lut.
Using template $paramod$1be3a10aca64bc8b3d140a9dcfb9bac7a6744be9$lut for cells of type $lut.
Using template $paramod$f096cbf7810c657d1faa5ebcdd247974deedeea6$lut for cells of type $lut.
Using template $paramod$a7dad16c080c08c1647c7e1b9706a59a123d8bcd$lut for cells of type $lut.
Using template $paramod$05df99ddcd32880ee0794060333cd301aa218460$lut for cells of type $lut.
Using template $paramod$80d7c99a769e3bfe868b225387f5a7aa6c1a75b4$lut for cells of type $lut.
Using template $paramod$lut\WIDTH=32'00000000000000000000000000000010\LUT=4'1110 for cells of type $lut.
Using template $paramod$5dc745bb48e2cf535179547ba13f0fe5364d6d54$lut for cells of type $lut.
Using template $paramod$lut\WIDTH=32'00000000000000000000000000000010\LUT=4'1101 for cells of type $lut.
Using template $paramod$6a9b42dd2737c91073e6a695b8ac858c4a8587d7$lut for cells of type $lut.
Using template $paramod$lut\WIDTH=32'00000000000000000000000000000010\LUT=4'1011 for cells of type $lut.
Using template $paramod$lut\WIDTH=32'00000000000000000000000000000011\LUT=8'11101100 for cells of type $lut.
Using template $paramod$f8f63b209b7230e81958663ff24fef1613156af7$lut for cells of type $lut.
Using template $paramod$873c285bdccf0ac2b60d2304ea5cd14bf211d2a6$lut for cells of type $lut.
Using template $paramod$bba54c1ef87367812b4c15f4aed5ac70773df775$lut for cells of type $lut.
Using template $paramod$63fb29c7f01ee0d3d64a596121f472615503d9ec$lut for cells of type $lut.
Using template $paramod$b71f9d1e7cb8899ff14d112c16f6a9ea5a5a1af1$lut for cells of type $lut.
Using template $paramod$e3d9d09dc79e0ff17e42d3a3f34cb2c26617403f$lut for cells of type $lut.
Using template $paramod$f3ada871809f362efd8eb0c4fb952bb5c98f0750$lut for cells of type $lut.
Using template $paramod$lut\WIDTH=32'00000000000000000000000000000011\LUT=8'00111011 for cells of type $lut.
Using template $paramod$b34f0e72bf5675ebb8f7a9ba088658d5c50a0625$lut for cells of type $lut.
Using template $paramod$fe89c52e83c5b0456317806a3190c48a5e8494e5$lut for cells of type $lut.
Using template $paramod$2490caa4f5959794cc1408a10bb2d4773f862307$lut for cells of type $lut.
Using template $paramod$240e171f8bae87a2fe4bee672a3055fa35afe320$lut for cells of type $lut.
Using template $paramod$bad8ba1bca3820f8cc124cb7bb1dd117bab02edc$lut for cells of type $lut.
Using template $paramod$255c06efab9c4500a61aa9c83f5040308413e66f$lut for cells of type $lut.
Using template $paramod$9ae0f136c9ed34a2deb323e9b2a3a520eea61514$lut for cells of type $lut.
Using template $paramod$7a45756cd6a2054029b316a24ea1c6468e8fc5c5$lut for cells of type $lut.
Using template $paramod$3a59bba273885477970c65ff68d19b17051fd9cc$lut for cells of type $lut.
Using template $paramod$d4d4bb503ed128c19cb73d1e89ade7781d5378df$lut for cells of type $lut.
Using template $paramod$3a42a4bd8b3ff0028c2ad59f0d85d4c018ea6008$lut for cells of type $lut.
Using template $paramod$32f3ec9cea51c15ab5f795768f94d7031153d90a$lut for cells of type $lut.
Using template $paramod$3c2e406914f4f19b69f52234abecac5ea40848c0$lut for cells of type $lut.
Using template $paramod$68cb09a5d00037369a2af39e1778bf17484c020a$lut for cells of type $lut.
Using template $paramod$c7e2ed07ed6f1878d4341345334e5cf50ab0ad61$lut for cells of type $lut.
Using template $paramod$7477a3d606303150e855f01a22afdeb62c6e7927$lut for cells of type $lut.
Using template $paramod$ca2532991f2c847ac990e1deeca1e91108bc2da0$lut for cells of type $lut.
Using template $paramod$92aa09275b3191bf9ceb0407a1940a21ad9187ab$lut for cells of type $lut.
Using template $paramod$fb39f791e6499b329eec6d36e3e9a2a0e4fecf11$lut for cells of type $lut.
Using template $paramod$17468e52dbe3132c3577c259261833ef74a6a3e6$lut for cells of type $lut.
Using template $paramod$b431bfd938e35871dd0b7668e1503c7e8b9d491c$lut for cells of type $lut.
Using template $paramod$aa89b33cb1a03f317ff6461ae81c0f453ad0db9d$lut for cells of type $lut.
Using template $paramod$60fa917a28d34b80d6677c1205fcae2e719774c5$lut for cells of type $lut.
Using template $paramod$8c081497b4b1dcbc2fee3c48519e30b91f0aa6a5$lut for cells of type $lut.
Using template $paramod$83d0e9a8a6140bba63ab7e404f5a839eb44d13a0$lut for cells of type $lut.
Using template $paramod$3ad82fda8f8625da54fb62bb21bf453410f23bc2$lut for cells of type $lut.
Using template $paramod$60c930a1f58df5dbb56c34cd3f82ae9a179a2b2a$lut for cells of type $lut.
Using template $paramod$e34f188861eb2d112ec4ba0b72ac5c39fa2d4bbf$lut for cells of type $lut.
Using template $paramod$a3b6feb0ba7f68e208aec658f5b378feeb17d84d$lut for cells of type $lut.
Using template $paramod$6f9e45674d6daedeeaa13de625d72f7f8d305f30$lut for cells of type $lut.
Using template $paramod$27c21012866c3af5ea25c999947952680e019cdf$lut for cells of type $lut.
Using template $paramod$4cac32cb74d49aa0997e1f5720ea6dbf031a3cc3$lut for cells of type $lut.
Using template $paramod$5b3f994e342cdc229ac41d560b5324c95e8ba3b0$lut for cells of type $lut.
Using template $paramod$d2e78bfed709a18e8a8d6c7bba2b956f1f4d2ade$lut for cells of type $lut.
Using template $paramod$3a76ae1ac16567d84de882ad5b89dd62763f5d7e$lut for cells of type $lut.
Using template $paramod$b531da11a3a2dc18312aa991c66aa3e2624acbd8$lut for cells of type $lut.
Using template $paramod$8003648fafc9e902111bc001e18b9424f9891d04$lut for cells of type $lut.
Using template $paramod$a2078492a93db2b736e3f44dc8f19641566d846d$lut for cells of type $lut.
Using template $paramod$c6a0421f5b5114b68e9782f0585d571421cf8f01$lut for cells of type $lut.
Using template $paramod$10894f63a3930f4f767b820ac4946fa443e2fc97$lut for cells of type $lut.
Using template $paramod$78104299ee79df4fd3b012d1b0d8d24f91efc90f$lut for cells of type $lut.
Using template $paramod$7e8d331d1e06632d29fbdf6c3afc2de1856d3c67$lut for cells of type $lut.
Using template $paramod$a93a291c6b8ec5305ba6d4c97c43a6eb8217ce16$lut for cells of type $lut.
Using template $paramod$3ac77899930b800483509b9c9b42dcba97ccee5a$lut for cells of type $lut.
Using template $paramod$67913137ca3f966ff2f569165be4786b1518b76c$lut for cells of type $lut.
Using template $paramod$32abbd1d449a67fb913b4733374e345d4c17175b$lut for cells of type $lut.
Using template $paramod$6873163edaec28848d85d351f3cb6eb44858fc1d$lut for cells of type $lut.
Using template $paramod$c7eb1193814db356665e889705b9aa25c6612631$lut for cells of type $lut.
Using template $paramod$e9314cc3ceea54213e00520663daba3b2df90b7d$lut for cells of type $lut.
Using template $paramod$cf6936c7d99de0c7f4156f3db3bf26d8befb0936$lut for cells of type $lut.
Using template $paramod$3f83809cb0f84defec716c206740c2596b07425e$lut for cells of type $lut.
Using template $paramod$10b7b810a6a6f18bc62789393bbe16e6a166c87b$lut for cells of type $lut.
Using template $paramod$4abe799d6a4277eaf10d0a406d165179ef67cfda$lut for cells of type $lut.
Using template $paramod$70d148184c4e157af928a24d57084b6df7805ad9$lut for cells of type $lut.
Using template $paramod$bbb10333e84a7e80f65e1494ebbfbf3f28568fcd$lut for cells of type $lut.
Using template $paramod$93984dad4ba47fdf9f7fd2dd75de2566c4445e8b$lut for cells of type $lut.
Using template $paramod$c1d8bd5426500e5baa23cbaa7223b35cdb0dbcc0$lut for cells of type $lut.
Using template $paramod$dcf1a6c3699477cccded0e3b1d275f223be371f3$lut for cells of type $lut.
Using template $paramod$8150435d5fc41f54a91f90e7692b96dd4195d68a$lut for cells of type $lut.
Using template $paramod$756997100876de37679bb374c7203b504565fe36$lut for cells of type $lut.
Using template $paramod$3ed9148a33b4f76223f4d93a1cad817c034dec13$lut for cells of type $lut.
Using template $paramod$1e2ef0e00d239db42768b997a3ea762fc3e627be$lut for cells of type $lut.
Using template $paramod$9341b2777d7df9d3320bd05373b64f0aaeb19896$lut for cells of type $lut.
Using template $paramod$5e7c4ab3c42e1638bcf7212606b242bc79c2d99b$lut for cells of type $lut.
Using template $paramod$54d3dbf2d374e331589dc44ff0248b6ec29a7fed$lut for cells of type $lut.
Using template $paramod$fc8f617d0cc865cf87df110a8f4b32718ae4f76e$lut for cells of type $lut.
Using template $paramod$200337237619ba4c0bed9a492562f1d1b57fb569$lut for cells of type $lut.
Using template $paramod$01b2829556f723209bc46d92d6ef1e5f341e8a09$lut for cells of type $lut.
Using template $paramod$95eb8dfe7b6b2872fa786a591759334240d12756$lut for cells of type $lut.
Using template $paramod$50ac6419aa24aa6d6db7725296e53a3585ce71e4$lut for cells of type $lut.
Using template $paramod$eb0fb2259539eb2704f4be4abcc5cd2be0ff54ed$lut for cells of type $lut.
Using template $paramod$cd578e35b6c5eb03595ecece577496f3c293c64c$lut for cells of type $lut.
Using template $paramod$34d056f6aad090cdc648c3ca547a464c90946b13$lut for cells of type $lut.
Using template $paramod$39135af2cdf7927cfe10b65849df5e9a22bbd519$lut for cells of type $lut.
Using template $paramod$lut\WIDTH=32'00000000000000000000000000000011\LUT=8'00101000 for cells of type $lut.
Using template $paramod$de13481aaf7014a0240bce13792b5ec05b16f2c7$lut for cells of type $lut.
Using template $paramod$212e8e98d662f8b8dd2ac650087f72d179fa6a39$lut for cells of type $lut.
Using template $paramod$826f03f0733e0da6a16589c253830a94b940335d$lut for cells of type $lut.
Using template $paramod$a5d612ee5d78380c90dd915236549987d1901bc4$lut for cells of type $lut.
Using template $paramod$10a5c69e73cf5877bc4ded3895ce1c7a99bfae1b$lut for cells of type $lut.
Using template $paramod$8075729953f49b6cb1b4d863b2fb20da9818d304$lut for cells of type $lut.
Using template $paramod$1c9c1f08c46f35a502cb5429e39d31c696cd1e3c$lut for cells of type $lut.
Using template $paramod$2f97b6c2fc5ac80e2eeb948cbd60896efae15574$lut for cells of type $lut.
Using template $paramod$224ff4791937faf4dc6e1cf880a50b0f64405571$lut for cells of type $lut.
Using template $paramod$060353deca2c9efccd558a266e70db5d50a2924b$lut for cells of type $lut.
Using template $paramod$e66d7cf1f43cb491f6d1004a929ac4b6e23ee360$lut for cells of type $lut.
Using template $paramod$84c5cfa8d7481774250caab0fcdd6d249a376a31$lut for cells of type $lut.
Using template $paramod$48912ce7c81b6966ac7f658a73b5a5e1afa83898$lut for cells of type $lut.
Using template $paramod$lut\WIDTH=32'00000000000000000000000000000011\LUT=8'00101110 for cells of type $lut.
Using template $paramod$2ba51c7bf234f9ce3d769281ed286d6830810ff5$lut for cells of type $lut.
Using template $paramod$ea1b662327aa7982742c363c05f670a3931717af$lut for cells of type $lut.
Using template $paramod$137abf87620d8c642c5fac3fd9e61674c083df95$lut for cells of type $lut.
Using template $paramod$42433d9381acc4217de110e6758f64e5b38aef3e$lut for cells of type $lut.
Using template $paramod$ec39d3ab390e2b1d0416b529b088b5e919aa96a7$lut for cells of type $lut.
Using template $paramod$165be24785e4097ccfb74473951770165dd92dfc$lut for cells of type $lut.
Using template $paramod$ab5f6cbda813df0763ad05c5e0cfe5a674acf259$lut for cells of type $lut.
Using template $paramod$lut\WIDTH=32'00000000000000000000000000000011\LUT=8'11100001 for cells of type $lut.
Using template $paramod$15efa44280f2a77bf023b68f95d9df5681d9dd99$lut for cells of type $lut.
Using template $paramod$d193f4b5208986d2482894533e267d3dd9dcb0de$lut for cells of type $lut.
Using template $paramod$0bd5737d87100d6450e8fbb441cd6ea30ed6a4a2$lut for cells of type $lut.
Using template $paramod$lut\WIDTH=32'00000000000000000000000000000011\LUT=8'00101011 for cells of type $lut.
Using template $paramod$27dd7ea71d2126c74d85758e5a06b7f432d9242f$lut for cells of type $lut.
Using template $paramod$c13e1340508b84c3aa9c33f9f3d219ec3e4b85f3$lut for cells of type $lut.
Using template $paramod$1698544dc736c93a12fee5dc3dc220a1bb33d110$lut for cells of type $lut.
Using template $paramod$c16abc9df0fb19509403c6d65bb976b2e6d3c18c$lut for cells of type $lut.
Using template $paramod$eedf3218003457c45b7e6b783179f1a3294193c7$lut for cells of type $lut.
Using template $paramod$lut\WIDTH=32'00000000000000000000000000000011\LUT=8'11100010 for cells of type $lut.
Using template $paramod$62e34d236b5cf9e50e7481784c0097067a15fba4$lut for cells of type $lut.
Using template $paramod$af01034afe1bdbc87587d263805971d96e724ed7$lut for cells of type $lut.
Using template $paramod$716accecd0bff4b3bb757bd1a4c55e90a338a77b$lut for cells of type $lut.
Using template $paramod$4cf5305612d86489c1a6171729557670bf08582e$lut for cells of type $lut.
Using template $paramod$fe70bb3280659663b8fa2b45f42fda9ccf4ccfaa$lut for cells of type $lut.
Using template $paramod$7f8c1e083929502ef137736f54435c7ebf8aab7d$lut for cells of type $lut.
Using template $paramod$1667542e670f835f3ec28a8b1d342e38c6783e9d$lut for cells of type $lut.
Using template $paramod$ffa1224fa26b3074d5175286833c5c7f95f6fb8b$lut for cells of type $lut.
Using template $paramod$6eacffe18beecc5e0db5ed2bff70eb42658083f1$lut for cells of type $lut.
Using template $paramod$dd3fb0b6061f2daaaedd5e300347a303c89566f9$lut for cells of type $lut.
Using template $paramod$0e021b5ab9c9dffe82b887dcb2beb3fac2b87759$lut for cells of type $lut.
Using template $paramod$38dfd7c8d25be96b10a532a6a9dba341e0b4be45$lut for cells of type $lut.
Using template $paramod$a50983bc2d916c31a7d4beac5feb90028d16502d$lut for cells of type $lut.
Using template $paramod$lut\WIDTH=32'00000000000000000000000000000011\LUT=8'01100000 for cells of type $lut.
Using template $paramod$85b779ce5ab505dbf25e5e046fb43ca2b76b878b$lut for cells of type $lut.
Using template $paramod$lut\WIDTH=32'00000000000000000000000000000011\LUT=8'11111000 for cells of type $lut.
Using template $paramod$lut\WIDTH=32'00000000000000000000000000000011\LUT=8'01111111 for cells of type $lut.
Using template $paramod$d79e8c7f0cb3bd049a34d82ec5fe688d444e5a52$lut for cells of type $lut.
Using template $paramod$865395c0228487a64a8e4011cecafc2c64b79f2b$lut for cells of type $lut.
Using template $paramod$lut\WIDTH=32'00000000000000000000000000000011\LUT=8'11101010 for cells of type $lut.
Using template $paramod$722bfd9af0ae56ca9d1d12a221cb5ede16461f26$lut for cells of type $lut.
Using template $paramod$2115935958e59bd0b1def23a3b5f93ade6b890f9$lut for cells of type $lut.
Using template $paramod$lut\WIDTH=32'00000000000000000000000000000011\LUT=8'01101100 for cells of type $lut.
Using template $paramod$a40654c2479d5f70a7c9c4bb749d0715fad9a295$lut for cells of type $lut.
Using template $paramod$8aceb7c53e5eaf698d71dd3d07a8f6cbd6d25505$lut for cells of type $lut.
Using template $paramod$lut\WIDTH=32'00000000000000000000000000000011\LUT=8'11010000 for cells of type $lut.
Using template $paramod$fc318a7df7fe07fd6e06d67fcbc358e9823ea389$lut for cells of type $lut.
Using template $paramod$lut\WIDTH=32'00000000000000000000000000000011\LUT=8'01010011 for cells of type $lut.
Using template $paramod$1ffeb06aa41c46d5057d57ea1463ed172a02e54f$lut for cells of type $lut.
Using template $paramod$4b9b235bc4444ff899bef0c648e4109b26737f1a$lut for cells of type $lut.
Using template $paramod$fcff9a7b1687e357a40264efcefe8443c8b2971a$lut for cells of type $lut.
Using template $paramod$58685d136f916910674b7cdb559b8c116c3484e1$lut for cells of type $lut.
Using template $paramod$32f7007f246774394e67bc390776b559866f0172$lut for cells of type $lut.
Using template $paramod$e391c1a649ef654434544010c9313b3fbdacc880$lut for cells of type $lut.
Using template $paramod$lut\WIDTH=32'00000000000000000000000000000011\LUT=8'10101011 for cells of type $lut.
Using template $paramod$332530260df33f1e6567b344a898a29636fd4f0f$lut for cells of type $lut.
Using template $paramod$e779f7d28b9089dbb10ba98f2d20f8f0905cc128$lut for cells of type $lut.
Using template $paramod$lut\WIDTH=32'00000000000000000000000000000011\LUT=8'10001101 for cells of type $lut.
Using template $paramod$2b217ab616d819249d0dcb9919752d720778e17b$lut for cells of type $lut.
Using template $paramod$lut\WIDTH=32'00000000000000000000000000000011\LUT=8'11110100 for cells of type $lut.
Using template $paramod$lut\WIDTH=32'00000000000000000000000000000011\LUT=8'01101010 for cells of type $lut.
Using template $paramod$619b7c9a4d44585e10b42f7fb79b16304cca97c5$lut for cells of type $lut.
Using template $paramod$fa19cc41652af82990288e2743fe6239cdab2658$lut for cells of type $lut.
Using template $paramod$d6017a17da408aa9e0b8b92a37efce515230b870$lut for cells of type $lut.
Using template $paramod$59374672ab5d08344b9097a678d686a1cae204a5$lut for cells of type $lut.
Using template $paramod$4b2297966ddb718657b80566604f97685ffc0120$lut for cells of type $lut.
Using template $paramod$889dc7b17c448030eaa05f5eb6c645a7ac00212c$lut for cells of type $lut.
Using template $paramod$lut\WIDTH=32'00000000000000000000000000000011\LUT=8'10111000 for cells of type $lut.
Using template $paramod$dc41a956c02896bb314b3585a99557a5e53688a4$lut for cells of type $lut.
Using template $paramod$c1a19a87ccbbb03d43a72335db63f692ddf82cc1$lut for cells of type $lut.
Using template $paramod$c655ecca43b440a0da5aa9eba0a03dfbe9a551b6$lut for cells of type $lut.
Using template $paramod$a50bbaf70b48eb6d78317eddf4f7e11e8988acec$lut for cells of type $lut.
Using template $paramod$lut\WIDTH=32'00000000000000000000000000000011\LUT=8'10011100 for cells of type $lut.
Using template $paramod$a8e151e18c6df873c49e2a0add3460be55de338f$lut for cells of type $lut.
Using template $paramod$e01a027fedb28671a20c130493a89c7afd4e87d3$lut for cells of type $lut.
Using template $paramod$3fd3cd243a8b2f71b0ffe04bdaebf6ad83bcc78e$lut for cells of type $lut.
Using template $paramod$ddace04fba544e6adc4cdda6a50048ddd7c111af$lut for cells of type $lut.
Using template $paramod$a84676bf9138392da8abebfac4322314f6c0f206$lut for cells of type $lut.
Using template $paramod$000fa2164e1f538c16460571efee2b6209a086cc$lut for cells of type $lut.
Using template $paramod$7cf95fbfdc33ef06c3a2510acca88bc7568527b7$lut for cells of type $lut.
Using template $paramod$be48d952fcad8a16b8d84daa4c48a3065f343e5e$lut for cells of type $lut.
Using template $paramod$7202672b7332febf25cdbe5424cf24593f5449be$lut for cells of type $lut.
Using template $paramod$3dfdb778126ab011e4d5dd8bd717182a0c306ecc$lut for cells of type $lut.
Using template $paramod$085cb83d0db09780ae5aa544a0f286ba9445143f$lut for cells of type $lut.
Using template $paramod$b2e8d279775d333b39e310bd45fd5952acdde290$lut for cells of type $lut.
Using template $paramod$1296cd12d7d8d60e8ba52edc0786b08b20146340$lut for cells of type $lut.
Using template $paramod$8da02996bc6ce025fcc2ce1dafd66f4b38a423f1$lut for cells of type $lut.
Using template $paramod$17d4fb2077cb7df6fab11c907c67b6f08f6e17ae$lut for cells of type $lut.
Using template $paramod$54ef21ccddfa27629768f219f304bb4163ac6894$lut for cells of type $lut.
Using template $paramod$18df3812bc12364e5ebcb6c3ed05c0294e4c26fc$lut for cells of type $lut.
Using template $paramod$6503b21f9c335cb22a1d3cb1a76db56320bfc31e$lut for cells of type $lut.
Using template $paramod$2f7deae5fb594b0c70bb82efd4d3682a7baaa352$lut for cells of type $lut.
Using template $paramod$e93975b1b4cb05db852fe05f7b1c88236bd460a1$lut for cells of type $lut.
Using template $paramod$ffc2698230526705f91049b3cb2c731ea2269ec6$lut for cells of type $lut.
Using template $paramod$e85b6eba0dacefc5f73f8748159b8b9599212afc$lut for cells of type $lut.
Using template $paramod$c4a4cf1f67c598049dd5cb5cdb183838e000e772$lut for cells of type $lut.
Using template $paramod$193d365ba3260f56de4ca734b1cedcf9dc72302b$lut for cells of type $lut.
Using template $paramod$lut\WIDTH=32'00000000000000000000000000000011\LUT=8'01110100 for cells of type $lut.
Using template $paramod$e9c77024ca501b890c641f9c0b10e27242db8730$lut for cells of type $lut.
Using template $paramod$9863edc7b6fbb2bb0c59d8807ede317704928f76$lut for cells of type $lut.
Using template $paramod$9f53c5123ac1db39ab574d72b6591212adb14731$lut for cells of type $lut.
Using template $paramod$0f81b459b9deb404b911ba020c3c04dd3e58f85d$lut for cells of type $lut.
Using template $paramod$1fa432a5c2b4e3c25fab27e53d6fa048d7f098ad$lut for cells of type $lut.
Using template $paramod$a739d8a7acd30e76f6172eb1001a24f10a61c24e$lut for cells of type $lut.
Using template $paramod$7a600c7c913555de59730b8f5bcedb67064faf1d$lut for cells of type $lut.
Using template $paramod$a4df2b5be2b644499880e088a11556935f22b401$lut for cells of type $lut.
Using template $paramod$eab8c2e20ad6848564bec45c7148558972138f5b$lut for cells of type $lut.
Using template $paramod$9a0d9d3ce649df27ccfd856ab8e344acf4c04df9$lut for cells of type $lut.
Using template $paramod$a81cf453a316218febe7a33c0cf3157f69dfa7dc$lut for cells of type $lut.
Using template $paramod$lut\WIDTH=32'00000000000000000000000000000011\LUT=8'10100011 for cells of type $lut.
Using template $paramod$7e3d8ac009723e554811ad53385162c0e6a41625$lut for cells of type $lut.
Using template $paramod$c35ad3063d5038410210ddc72c1fd5fed46413b4$lut for cells of type $lut.
Using template $paramod$9a269ffb0efb6ad342cb106a4e0636e23fdfd547$lut for cells of type $lut.
Using template $paramod$8637c71c21edfb71d160642d70f8a9380b8e74c3$lut for cells of type $lut.
Using template $paramod$a745274df8f514565625fa7fee7a9fb864a85f2f$lut for cells of type $lut.
Using template $paramod$e2abc3b706ab86fd7c0d14a17f66f1e597465517$lut for cells of type $lut.
Using template $paramod$lut\WIDTH=32'00000000000000000000000000000011\LUT=8'01110010 for cells of type $lut.
Using template $paramod$83ee59f46eb162e73a2d3ee6c047e91158527ba8$lut for cells of type $lut.
Using template $paramod$8c0aa4283e004d7e549a2fa42300002224408629$lut for cells of type $lut.
Using template $paramod$6b0849254d6c87461fb93e37cc18f089f61eb912$lut for cells of type $lut.
Using template $paramod$e3f15dbf386eb2d9773236c73b6cf924ec3294ee$lut for cells of type $lut.
Using template $paramod$085ac6daadd555b0f8cf8f603c7849f876be6cbc$lut for cells of type $lut.
Using template $paramod$be6ac5828ef34873154e44fd05a2dbaadc4bbfbd$lut for cells of type $lut.
Using template $paramod$ad45a09ac1166f5c8b723c7651d03da603fa9bf6$lut for cells of type $lut.
Using template $paramod$1510495448071d7b0930004b6e43444c42bba3cd$lut for cells of type $lut.
Using template $paramod$fdfae432c3f4dd1b5ef7c849dfaa505402a7da6d$lut for cells of type $lut.
Using template $paramod$33e58adf67c6b686a154c9ce8ebbc4b04b8cabc5$lut for cells of type $lut.
Using template $paramod$168aeef333136ff4f1f2ce3a62c8b6d1ffc7dc28$lut for cells of type $lut.
Using template $paramod$lut\WIDTH=32'00000000000000000000000000000011\LUT=8'00111010 for cells of type $lut.
Using template $paramod$06e62c2045624c211a1abe4f2f36c8f22c688165$lut for cells of type $lut.
Using template $paramod$lut\WIDTH=32'00000000000000000000000000000011\LUT=8'11000101 for cells of type $lut.
Using template $paramod$859bbf20189511d5622298a363e8f136876f0d6c$lut for cells of type $lut.
Using template $paramod$a010528dfa56506a075642ed88f758b6719a77f1$lut for cells of type $lut.
Using template $paramod$d21d214a5aa271f2d9da3f90f22432c0ecee130f$lut for cells of type $lut.
Using template $paramod$70a6f8b5e7c26d543ee5df54b2e21d28a007a4bc$lut for cells of type $lut.
Using template $paramod$1780bd352ec1af971e2f8a4e64b861091a94595b$lut for cells of type $lut.
Using template $paramod$15e09ab8f7df8d225706de985558fe8eca7cc41f$lut for cells of type $lut.
Using template $paramod$7680a38b3a377c65b9b08b6f609f370a7452d9b9$lut for cells of type $lut.
Using template $paramod$b9305c669fd883d24574655b402c7ff9f28efb1a$lut for cells of type $lut.
Using template $paramod$53d1295e92eea38a512b9ce693445c7190afdb5d$lut for cells of type $lut.
Using template $paramod$71d951b20e73043168c1656217d126e617052faa$lut for cells of type $lut.
Using template $paramod$ea528a416ed4c9d2ab455ce28ac8f4b7e87b0bbc$lut for cells of type $lut.
Using template $paramod$b68f9800cc1bf69afcfbc0567a25e43ebb01456c$lut for cells of type $lut.
Using template $paramod$aa34da794f5fb36d2b2b4c941fede3d2e5c47486$lut for cells of type $lut.
Using template $paramod$1ad9ca75a5e52e69f39f16c0b8ffb14773a0b7f2$lut for cells of type $lut.
Using template $paramod$8a77a4b825e7cd0e2a0cbe1bb8ec99794d7f5906$lut for cells of type $lut.
Using template $paramod$lut\WIDTH=32'00000000000000000000000000000011\LUT=8'10001010 for cells of type $lut.
Using template $paramod$9a6965d4f53d69e345bd8d48283856520a30225e$lut for cells of type $lut.
Using template $paramod$9848c79e9f529777c5ad984c9e639e8dfffef37d$lut for cells of type $lut.
Using template $paramod$6d05ee5be4fbc817e6482b590e1831ddde15ffbe$lut for cells of type $lut.
Using template $paramod$0c822c65361ce832091b6c90f1a02f1ee0b109d4$lut for cells of type $lut.
Using template $paramod$fa45f28daf300aaa781ee4b9baa5ce968b1d8c66$lut for cells of type $lut.
Using template $paramod$b522520ba132c020a153217021b3f31334b385f0$lut for cells of type $lut.
Using template $paramod$lut\WIDTH=32'00000000000000000000000000000011\LUT=8'01000111 for cells of type $lut.
Using template $paramod$64b6d30b25b4e09580f2c2816965d15a487e93bc$lut for cells of type $lut.
Using template $paramod$b111f3ce6a5be8abbd699959e286369b61ed04bd$lut for cells of type $lut.
Using template $paramod$43779580bfffd5d5a9f321249a174febf1dac288$lut for cells of type $lut.
Using template $paramod$cf52221ef2d451442dd7d72d5c8ad598e89310e9$lut for cells of type $lut.
Using template $paramod$84abafac600770dbecbd08e858f90b0a8d019d50$lut for cells of type $lut.
Using template $paramod$f87bcf1791971b4eaa30f3f28437044fef878a04$lut for cells of type $lut.
Using template $paramod$ab8bb87959c5d7cfa27886cee1355b38e054a61a$lut for cells of type $lut.
Using template $paramod$de04cb9fed08da92a34d101e5e82912c17d40d8e$lut for cells of type $lut.
Using template $paramod$dbd6bfc0079f30bdbd8251243755394b48ae1fbb$lut for cells of type $lut.
Using template $paramod$fb4ed309581bcd972f41afa8566ae8b9812c7f6c$lut for cells of type $lut.
Using template $paramod$b3f8492b654d6f4d7d1d31e0c18d0c5631447158$lut for cells of type $lut.
Using template $paramod$lut\WIDTH=32'00000000000000000000000000000011\LUT=8'00011011 for cells of type $lut.
Using template $paramod$37203517188e0e81c6d1574dd1c274ed56646adf$lut for cells of type $lut.
Using template $paramod$b86b68a00733dbecb31d58a14a13683475a2002a$lut for cells of type $lut.
Using template $paramod$5aa074cdb376836e0fa058b5fe753d5486b637f5$lut for cells of type $lut.
Using template $paramod$2754a21a217ccdc1a0cbf27b2e8b19266cadc23f$lut for cells of type $lut.
Using template $paramod$c22a370b0ac036786339c000f458c7a0a658e959$lut for cells of type $lut.
Using template $paramod$9cf976b4f3a576aa2cd6b51304cf5de7fc836fbd$lut for cells of type $lut.
Using template $paramod$b4f85a6321a00b090afc4e21d68e7b99eb94d149$lut for cells of type $lut.
Using template $paramod$f3e1547c4b47e64c590e75cf09078b2507c8cc75$lut for cells of type $lut.
Using template $paramod$21949c1ccce2537132435b93aeb37f217d7b1954$lut for cells of type $lut.
Using template $paramod$449d02d5b7b3745f7d49b45f23eba3c9f4eb52ba$lut for cells of type $lut.
Using template $paramod$daac9b1e7bb2ac018f7132a3fbe0026ddd7b1a71$lut for cells of type $lut.
Using template $paramod$4a8554d0a765102353ca9705f6a3cc329f4379e7$lut for cells of type $lut.
Using template $paramod$3eb8805ccd6f91bad96dcbf190c2fb4f72f4634f$lut for cells of type $lut.
Using template $paramod$lut\WIDTH=32'00000000000000000000000000000011\LUT=8'00001101 for cells of type $lut.
Using template $paramod$2ec6422db00d358fc7469efce6208bffbc8521cd$lut for cells of type $lut.
Using template $paramod$7a30ef23f03af7b1631bcc6b1a0a0e527fb17c0a$lut for cells of type $lut.
Using template $paramod$e5761adfcc530461835be17350166b9d43dfadee$lut for cells of type $lut.
Using template $paramod$328f44c2cab1946a40b6b6f6e3d39af65a6ced18$lut for cells of type $lut.
Using template $paramod$40daaff23b0c57a113fadea674b1c37bd70e7872$lut for cells of type $lut.
Using template $paramod$783d234e2a48e71a28bd38bddb21bde6113160e0$lut for cells of type $lut.
Using template $paramod$92200cf7ab3840f14e50a7e18908e283201c95ee$lut for cells of type $lut.
Using template $paramod$3e50e74e89990bfd2579dbd7afec72718ff68ca6$lut for cells of type $lut.
Using template $paramod$4dc6fecdaef85a84f4ca1843cc503f2831e36964$lut for cells of type $lut.
Using template $paramod$0f14f5bf88d67f347fabb4cc3cc2d9e350aaeaca$lut for cells of type $lut.
Using template $paramod$6069048ea7c45159713a0558424cdfb243a46dfe$lut for cells of type $lut.
Using template $paramod$ea6128c270ef616511debeeff29f9b4270975f20$lut for cells of type $lut.
Using template $paramod$a670b08a47dd8a34f954c50cd06e9996d77e8467$lut for cells of type $lut.
Using template $paramod$cad8f5c808e91f937dcf797b89e646787b39867a$lut for cells of type $lut.
Using template $paramod$02a39d6f75416c06fff45fc81145d64144c93f5a$lut for cells of type $lut.
Using template $paramod$70957dd7eda9ff092adf0a712cd57addc808445e$lut for cells of type $lut.
Using template $paramod$3427de03640437352391c1e3a751e193e8ef5801$lut for cells of type $lut.
Using template $paramod$09fa89531d411d822576d2550b48621f24953723$lut for cells of type $lut.
Using template $paramod$d0d6ac510aed915eacb9452ad40e1e88b25771b5$lut for cells of type $lut.
Using template $paramod$b2f41675b3eddf94c194645abcef18f422906c98$lut for cells of type $lut.
Using template $paramod$0ac88c93700d41e2713306f9e255ca0d094873d4$lut for cells of type $lut.
Using template $paramod$ac5e2c9cf0c38f76c17e4610a0244e743447ef19$lut for cells of type $lut.
Using template $paramod$9a07e85e0c43955880b8d4f336046932e83335ec$lut for cells of type $lut.
Using template $paramod$d89b437f6e04585fb6ec63e66c2a620393b6245e$lut for cells of type $lut.
Using template $paramod$35747c4193cc59c2095f0a415365bd2a443730a2$lut for cells of type $lut.
Using template $paramod$lut\WIDTH=32'00000000000000000000000000000011\LUT=8'11010010 for cells of type $lut.
Using template $paramod$702dd8764829cc78f6fb8e18f38ff9af357a8a75$lut for cells of type $lut.
Using template $paramod$af538db036a7b81e39515cf0f6864c4bb370b90e$lut for cells of type $lut.
Using template $paramod$a191129d10a368b82781b98ff31865427345b51c$lut for cells of type $lut.
Using template $paramod$a3b1f4bc1fffa00e5be1936817ec432e116302e1$lut for cells of type $lut.
Using template $paramod$lut\WIDTH=32'00000000000000000000000000000011\LUT=8'10001011 for cells of type $lut.
Using template $paramod$c23847337c999538612a8a600493ae635d8a74fa$lut for cells of type $lut.
Using template $paramod$94775d1003fd9a8c5868b35a33db1df43efa5b1a$lut for cells of type $lut.
Using template $paramod$78f14802e7a6b7b884a6b9a9676e13cf744548dc$lut for cells of type $lut.
Using template $paramod$41326ad8644342a66dfb051d050f2b6fbf15015b$lut for cells of type $lut.
Using template $paramod$56e6d8a28a52006bb4e50e077743f0a2163235af$lut for cells of type $lut.
Using template $paramod$5aa90acfa54bb4e6f4e1a582ebcebed37fe49872$lut for cells of type $lut.
Using template $paramod$4133fe00eb18442862a284ccc67a95f8194d041c$lut for cells of type $lut.
Using template $paramod$2a80452bcf264f58f3fa971a9e77b49f18691a20$lut for cells of type $lut.
Using template $paramod$5a621b016c894274d07edef48c49b401a15fd796$lut for cells of type $lut.
Using template $paramod$lut\WIDTH=32'00000000000000000000000000000011\LUT=8'00110101 for cells of type $lut.
Using template $paramod$5e4b80515dd472d9714c4a539c1e71ec4b72e772$lut for cells of type $lut.
Using template $paramod$f610396a8c1614f373f4d73e3d1e988bc93e396c$lut for cells of type $lut.
Using template $paramod$2b8c5467be3e8a984c47abba72f9f82e7059f058$lut for cells of type $lut.
Using template $paramod$7ea2352f8f054781a715aeddf3e67f1db65f005a$lut for cells of type $lut.
Using template $paramod$f65cf6380214e831938c4f25f730307ae86218f7$lut for cells of type $lut.
Using template $paramod$lut\WIDTH=32'00000000000000000000000000000011\LUT=8'11000100 for cells of type $lut.
Using template $paramod$lut\WIDTH=32'00000000000000000000000000000011\LUT=8'01001100 for cells of type $lut.
Using template $paramod$3427dbe5946c5d5431c4b6b641dd6925c8cff0c8$lut for cells of type $lut.
Using template $paramod$b771dc9de51a01676126487f2bd337a0315d73dc$lut for cells of type $lut.
Using template $paramod$2ae22ed255cc0f3746c71b5da2407ee38a2a66e6$lut for cells of type $lut.
Using template $paramod$22e4ab1325c04150739d788c010b5a723d98bdfb$lut for cells of type $lut.
Using template $paramod$16894c241be5ea1f024e9339dea788b4dbe184ae$lut for cells of type $lut.
Using template $paramod$e496e1ebaf8968b0448781d0c7b4fab8e5e7c961$lut for cells of type $lut.
Using template $paramod$e5759512db67494ff77fbdfc66dff4006376568f$lut for cells of type $lut.
Using template $paramod$ef7936b3a69f41d4781970875205ddd3ddf2e2ed$lut for cells of type $lut.
Using template $paramod$08ce95554de5b0c9a81ef1cb4177208ac631cb80$lut for cells of type $lut.
Using template $paramod$e89af2b13f2a3894e76d77f57e00c9c09e3a1911$lut for cells of type $lut.
Using template $paramod$757c055b2d591f99a56beeb4bd1bdff266f67334$lut for cells of type $lut.
Using template $paramod$ea2b11aca30aa162d3b93de07d97b9c1565643dd$lut for cells of type $lut.
Using template $paramod$47072a0659ca63bfcc563d92795adbbaaa2c46ae$lut for cells of type $lut.
Using template $paramod$5e96c51e862795fcf5123ad90ed33b3bddf109cb$lut for cells of type $lut.
Using template $paramod$a4640096cbef09c4ef8613155a589c40164ac034$lut for cells of type $lut.
Using template $paramod$8494168726d27c2200605afcf1fb7470bf987857$lut for cells of type $lut.
Using template $paramod$498daa9936ffa1c0b12d774cacc95a35d14b818e$lut for cells of type $lut.
Using template $paramod$lut\WIDTH=32'00000000000000000000000000000011\LUT=8'01001110 for cells of type $lut.
Using template $paramod$250e9ed6c15020113b6b30a5ef7c8f11f208ca8e$lut for cells of type $lut.
Using template $paramod$c6f4967e3322baed8d0c05ba9a068f614d84d4dc$lut for cells of type $lut.
Using template $paramod$0572cfca5f2078be5002267ce5ba7e92c7b7fdbe$lut for cells of type $lut.
Using template $paramod$72b0410909a38c538ec3a1a27a26d762c6e0c736$lut for cells of type $lut.
Using template $paramod$46e38e7240d3577c9d752e4f7fd29a24a97dcd95$lut for cells of type $lut.
Using template $paramod$0085137529da9dcc834856cf2b8f0ec265bc2d02$lut for cells of type $lut.
Using template $paramod$9fbd592b45b448f7edc9ef764eaba71c8587f085$lut for cells of type $lut.
Using template $paramod$2645ed3928f2726e8ccb403cb23252de43b617d7$lut for cells of type $lut.
Using template $paramod$31f0a66a4b242b524303bfb4ac95c05ad74158f8$lut for cells of type $lut.
Using template $paramod$d478aad0e9b0716c9cb0846849a3a9bdacad532d$lut for cells of type $lut.
Using template $paramod$184cf6bb59fa0dad598576d87a937d21bcac16c1$lut for cells of type $lut.
Using template $paramod$1fea0098ba8cbf1a295287dac02bddc35cdca769$lut for cells of type $lut.
Using template $paramod$142afa2b9d829ef7222ac0c1b6f762882c1a6e73$lut for cells of type $lut.
Using template $paramod$b600d182ae966d09f33a746441e104587fe7a58f$lut for cells of type $lut.
Using template $paramod$f476e857f0fd5536eedbd2c23806a43f9f9a11cf$lut for cells of type $lut.
Using template $paramod$1a10df59f43f252ae2ee713b788731ad5d18c6f5$lut for cells of type $lut.
Using template $paramod$1a585ab1b06d77b10a630aa9fac0cbab46b59dff$lut for cells of type $lut.
Using template $paramod$1f1b8da8ebf8813308b38ba682c3ea9e10817580$lut for cells of type $lut.
Using template $paramod$86d1a43c2f1d620ff2cef866448dd1258c868fad$lut for cells of type $lut.
Using template $paramod$32a376e6ea4d35dd090f966d7f32c1e5f7b04b87$lut for cells of type $lut.
Using template $paramod$8512f4fb47fa9596f76cdbe5b407a5b54df368e7$lut for cells of type $lut.
Using template $paramod$22b7d85d48f998eff49aab37f77e01ca466c75da$lut for cells of type $lut.
Using template $paramod$0517d8b9ff3a5ff327dea25d59f421fb0f5af1bd$lut for cells of type $lut.
Using template $paramod$lut\WIDTH=32'00000000000000000000000000000011\LUT=8'10100010 for cells of type $lut.
Using template $paramod$f24ba3ced4b870f8e829f5ac5a8af88573350e6f$lut for cells of type $lut.
Using template $paramod$517625bf4a7b846fd553901d881a35fcc8afe4c4$lut for cells of type $lut.
Using template $paramod$2e6198c994655dc17af49132b912cfbb3150ffbb$lut for cells of type $lut.
Using template $paramod$89c927ee2938a2c1dc8f4ecc7b4030a7ab95cb70$lut for cells of type $lut.
Using template $paramod$7d512cdf9b492e0098d6f2620500dce3e05f55d7$lut for cells of type $lut.
Using template $paramod$aaf2ef5cf75121bbc717334d538c8a2de3e26e03$lut for cells of type $lut.
Using template $paramod$b3996eaf69323687b39c8eb55a63a3f2e74fa6df$lut for cells of type $lut.
Using template $paramod$5a7507adfd8ce0f0ee065e4b1026de90456df4ac$lut for cells of type $lut.
Using template $paramod$8b24407096beec47292ddeb1567a058197a320b9$lut for cells of type $lut.
Using template $paramod$fa8852d442134efa381df9456239cde7cc3e31ff$lut for cells of type $lut.
Using template $paramod$28a0219bc30f47a7145a81de18b04907ec1ac813$lut for cells of type $lut.
Using template $paramod$fd1fb9d6eb80e678d24384699f195029c944d77f$lut for cells of type $lut.
Using template $paramod$96bf8e3dce66ee15df06137d7b93bf7e34b26863$lut for cells of type $lut.
Using template $paramod$3b383aa74b05b60cb9cabc0ba0eca4dea92c2b33$lut for cells of type $lut.
Using template $paramod$e3e4230bb990723642112b292aa705ee0cbad0d4$lut for cells of type $lut.
Using template $paramod$5a2762fe025f22ee1b15c4c26516d194972e7694$lut for cells of type $lut.
Using template $paramod$f7a897257decedfb6cc642e53d65fef7fc0df390$lut for cells of type $lut.
Using template $paramod$2b81c22187dcd49311a976bb63273aa43c4d3b68$lut for cells of type $lut.
Using template $paramod$dc9958e05cda2b2b3980ae7e8cb3de7ebde981e7$lut for cells of type $lut.
Using template $paramod$0ae7705354ab4bfd071e2551e0df024a40a698f7$lut for cells of type $lut.
Using template $paramod$9405cf9985007177924ba2a7fefa37c0989708cb$lut for cells of type $lut.
Using template $paramod$32ccf65669c41e1e3bce1f16051f6d60ad96a2a0$lut for cells of type $lut.
Using template $paramod$25ce66bd981dcd9867193619d13404565098c46c$lut for cells of type $lut.
Using template $paramod$30e5901eeafc6b5a4f7327c3a25d5a513d5ea6f7$lut for cells of type $lut.
Using template $paramod$3c8408da275b3c74de2a8a5d77e21f2a9a3c7a3b$lut for cells of type $lut.
Using template $paramod$81d8a60fd95b1a9f9ef71c12a774ae6988cb9fd5$lut for cells of type $lut.
Using template $paramod$c9374e4aadca7f30556fc688a64b8e22d24fd5a5$lut for cells of type $lut.
Using template $paramod$8f0687b3b1e843d1af48a2820ee1e560d6b66240$lut for cells of type $lut.
Using template $paramod$6abdaeed91793be41a59ed6f6af7158a2a3af26d$lut for cells of type $lut.
Using template $paramod$97616457b67d328b74a530ce91c122282557de19$lut for cells of type $lut.
Using template $paramod$94ac66a11090dca84889e55fcf03297912a5b7ec$lut for cells of type $lut.
Using template $paramod$622fbfda84ce879ffe81ed64fe7c9ef091242ae3$lut for cells of type $lut.
Using template $paramod$e6a4aac14b366f7770f6afc50867b3b8176ebb96$lut for cells of type $lut.
Using template $paramod$91d6743ceb0f093b57d242b538f7f23d2346d4c9$lut for cells of type $lut.
Using template $paramod$64b84593fae19d6c4d7d26333a195e5cc6b30160$lut for cells of type $lut.
Using template $paramod$294aced673e1d6487e7e2495e8460dcca84abb1e$lut for cells of type $lut.
Using template $paramod$c3a2f7f275763d08ebfa628b02996740080889c0$lut for cells of type $lut.
Using template $paramod$e6a488add0b5a2d742e2ae29f62ce7616e04271d$lut for cells of type $lut.
Using template $paramod$lut\WIDTH=32'00000000000000000000000000000011\LUT=8'10001100 for cells of type $lut.
Using template $paramod$eccc49eac939d5534232fbd3f1ccd7995f6e2f11$lut for cells of type $lut.
Using template $paramod$27c9a699151a85d0c7a67b8723733d534608e3be$lut for cells of type $lut.
Using template $paramod$ad2a305d4550f1ab660bdb398658500978722948$lut for cells of type $lut.
Using template $paramod$5bb4589aef4e67d4113ef14e01c5bb618a3e9139$lut for cells of type $lut.
Using template $paramod$7e9df0afb32b76fe5fce0691b8752aca650057fa$lut for cells of type $lut.
Using template $paramod$26c5052c049ac46222fd07f33e963742075bb127$lut for cells of type $lut.
Using template $paramod$a1cfe99817bd6d57a83efd5e1c3fc26a743b692f$lut for cells of type $lut.
Using template $paramod$0516048269b131ac3908694018922b989c8d46a3$lut for cells of type $lut.
Using template $paramod$lut\WIDTH=32'00000000000000000000000000000001\LUT=2'01 for cells of type $lut.
No more expansions possible.
<suppressed ~15902 debug messages>

17.48. Executing OPT_LUT_INS pass (discard unused LUT inputs).
Optimizing LUTs in littledualsoc.
  Optimizing lut $abc$174158$lut$aiger174157$25675.genblk1.genblk1.genblk1.genblk1.genblk1.lut1 (4 -> 3)
  Optimizing lut $abc$174158$lut$aiger$o7397.genblk1.genblk1.genblk1.genblk1.genblk1.genblk1.lut2 (4 -> 0)
  Optimizing lut $abc$174158$lut$aiger$o7177.genblk1.genblk1.genblk1.genblk1.genblk1.genblk1.genblk1.lut1 (4 -> 0)
  Optimizing lut $abc$174158$lut$aiger$o7177.genblk1.genblk1.genblk1.genblk1.genblk1.genblk1.genblk1.lut2 (4 -> 0)
  Optimizing lut $abc$174158$lut$aiger$o7177.genblk1.genblk1.genblk1.genblk1.genblk1.genblk1.genblk1.lut3 (4 -> 0)
  Optimizing lut $abc$174158$lut$aiger$o7177.genblk1.genblk1.genblk1.genblk1.genblk1.genblk1.genblk1.lut4 (4 -> 0)
  Optimizing lut $abc$174158$lut$aiger$o7177.genblk1.genblk1.genblk1.genblk1.genblk1.genblk1.genblk1.lut5 (4 -> 0)
  Optimizing lut $abc$174158$lut$aiger$o7177.genblk1.genblk1.genblk1.genblk1.genblk1.genblk1.genblk1.lut6 (4 -> 0)
  Optimizing lut $abc$174158$lut$aiger$o7178.genblk1.genblk1.genblk1.genblk1.genblk1.genblk1.genblk1.lut2 (4 -> 0)
  Optimizing lut $abc$174158$lut$aiger$o7178.genblk1.genblk1.genblk1.genblk1.genblk1.genblk1.genblk1.lut3 (4 -> 0)
  Optimizing lut $abc$174158$lut$aiger$o7178.genblk1.genblk1.genblk1.genblk1.genblk1.genblk1.genblk1.lut4 (4 -> 0)
  Optimizing lut $abc$174158$lut$aiger$o7178.genblk1.genblk1.genblk1.genblk1.genblk1.genblk1.genblk1.lut5 (4 -> 0)
  Optimizing lut $abc$174158$lut$aiger$o7178.genblk1.genblk1.genblk1.genblk1.genblk1.genblk1.genblk1.lut6 (4 -> 0)
  Optimizing lut $abc$174158$lut$aiger174157$13262.genblk1.genblk1.genblk1.genblk1.genblk1.lut1 (4 -> 3)
  Optimizing lut $abc$174158$lut$aiger174157$14073.genblk1.genblk1.genblk1.genblk1.genblk1.genblk1.lut2 (4 -> 0)
  Optimizing lut $abc$174158$lut$aiger174157$14251.genblk1.genblk1.genblk1.genblk1.genblk1.lut1 (4 -> 0)
  Optimizing lut $abc$174158$lut$aiger$o7460.genblk1.genblk1.genblk1.genblk1.genblk1.genblk1.genblk1.lut2 (4 -> 0)
  Optimizing lut $abc$174158$lut$aiger$o7460.genblk1.genblk1.genblk1.genblk1.genblk1.genblk1.genblk1.lut3 (4 -> 0)
  Optimizing lut $abc$174158$lut$aiger$o7460.genblk1.genblk1.genblk1.genblk1.genblk1.genblk1.genblk1.lut4 (4 -> 0)
  Optimizing lut $abc$174158$lut$aiger$o7460.genblk1.genblk1.genblk1.genblk1.genblk1.genblk1.genblk1.lut5 (4 -> 0)
  Optimizing lut $abc$174158$lut$aiger$o7460.genblk1.genblk1.genblk1.genblk1.genblk1.genblk1.genblk1.lut6 (4 -> 0)
  Optimizing lut $abc$174158$lut$aiger174157$16161.genblk1.genblk1.genblk1.genblk1.genblk1.lut1 (4 -> 3)
  Optimizing lut $abc$174158$lut$aiger174157$15121.genblk1.genblk1.genblk1.genblk1.genblk1.genblk1.lut2 (4 -> 3)
  Optimizing lut $abc$174158$lut$aiger174157$15121.genblk1.genblk1.genblk1.genblk1.genblk1.genblk1.lut3 (4 -> 3)
  Optimizing lut $abc$174158$lut$aiger174157$7406.genblk1.genblk1.genblk1.genblk1.genblk1.lut1 (4 -> 3)
  Optimizing lut $abc$174158$lut$aiger$o7207.genblk1.genblk1.genblk1.genblk1.genblk1.genblk1.genblk1.lut2 (4 -> 0)
  Optimizing lut $abc$174158$lut$aiger$o7207.genblk1.genblk1.genblk1.genblk1.genblk1.genblk1.genblk1.lut3 (4 -> 0)
  Optimizing lut $abc$174158$lut$aiger$o7207.genblk1.genblk1.genblk1.genblk1.genblk1.genblk1.genblk1.lut4 (4 -> 0)
  Optimizing lut $abc$174158$lut$aiger$o7207.genblk1.genblk1.genblk1.genblk1.genblk1.genblk1.genblk1.lut5 (4 -> 0)
  Optimizing lut $abc$174158$lut$aiger$o7207.genblk1.genblk1.genblk1.genblk1.genblk1.genblk1.genblk1.lut6 (4 -> 0)
  Optimizing lut $abc$174158$lut$aiger174157$11426.genblk1.genblk1.genblk1.genblk1.genblk1.genblk1.genblk1.lut2 (4 -> 0)
  Optimizing lut $abc$174158$lut$aiger174157$11426.genblk1.genblk1.genblk1.genblk1.genblk1.genblk1.genblk1.lut4 (4 -> 0)
  Optimizing lut $abc$174158$lut$aiger174157$11426.genblk1.genblk1.genblk1.genblk1.genblk1.genblk1.genblk1.lut6 (4 -> 0)
  Optimizing lut $abc$174158$lut$aiger174157$11440.genblk1.genblk1.genblk1.genblk1.genblk1.genblk1.lut3 (4 -> 3)
  Optimizing lut $abc$174158$lut$aiger174157$7427.genblk1.genblk1.genblk1.genblk1.genblk1.lut1 (4 -> 3)
  Optimizing lut $abc$174158$lut$aiger$o7869.genblk1.genblk1.genblk1.genblk1.genblk1.genblk1.lut2 (4 -> 2)
  Optimizing lut $abc$174158$lut$aiger174157$7441.genblk1.genblk1.genblk1.genblk1.genblk1.lut1 (4 -> 3)
  Optimizing lut $abc$174158$lut$aiger$o7888.genblk1.genblk1.genblk1.genblk1.genblk1.genblk1.lut2 (4 -> 2)
  Optimizing lut $abc$174158$lut$aiger174157$7461.genblk1.genblk1.genblk1.genblk1.genblk1.lut1 (4 -> 3)
  Optimizing lut $abc$174158$lut$aiger$o7753.genblk1.genblk1.genblk1.genblk1.genblk1.genblk1.genblk1.lut2 (4 -> 0)
  Optimizing lut $abc$174158$lut$aiger$o7753.genblk1.genblk1.genblk1.genblk1.genblk1.genblk1.genblk1.lut3 (4 -> 0)
  Optimizing lut $abc$174158$lut$aiger$o7753.genblk1.genblk1.genblk1.genblk1.genblk1.genblk1.genblk1.lut4 (4 -> 0)
  Optimizing lut $abc$174158$lut$aiger$o7753.genblk1.genblk1.genblk1.genblk1.genblk1.genblk1.genblk1.lut6 (4 -> 0)
  Optimizing lut $abc$174158$lut$aiger$o7753.genblk1.genblk1.genblk1.genblk1.genblk1.genblk1.genblk1.lut7 (4 -> 2)
  Optimizing lut $abc$174158$lut$aiger174157$7489.genblk1.genblk1.genblk1.genblk1.genblk1.genblk1.lut1 (4 -> 2)
  Optimizing lut $abc$174158$lut$aiger174157$7489.genblk1.genblk1.genblk1.genblk1.genblk1.genblk1.lut2 (4 -> 2)
  Optimizing lut $abc$174158$lut$aiger174157$7489.genblk1.genblk1.genblk1.genblk1.genblk1.genblk1.lut3 (4 -> 2)
  Optimizing lut $abc$174158$lut$aiger$o7814.genblk1.genblk1.genblk1.genblk1.genblk1.genblk1.lut2 (4 -> 2)
  Optimizing lut $abc$174158$lut$aiger174157$7502.genblk1.genblk1.genblk1.genblk1.genblk1.lut1 (4 -> 3)
  Optimizing lut $abc$174158$lut$aiger$o7583.genblk1.genblk1.genblk1.genblk1.genblk1.genblk1.genblk1.lut2 (4 -> 0)
  Optimizing lut $abc$174158$lut$aiger$o7583.genblk1.genblk1.genblk1.genblk1.genblk1.genblk1.genblk1.lut3 (4 -> 0)
  Optimizing lut $abc$174158$lut$aiger$o7583.genblk1.genblk1.genblk1.genblk1.genblk1.genblk1.genblk1.lut4 (4 -> 0)
  Optimizing lut $abc$174158$lut$aiger$o7583.genblk1.genblk1.genblk1.genblk1.genblk1.genblk1.genblk1.lut6 (4 -> 0)
  Optimizing lut $abc$174158$lut$aiger$o7583.genblk1.genblk1.genblk1.genblk1.genblk1.genblk1.genblk1.lut7 (4 -> 2)
  Optimizing lut $abc$174158$lut$aiger174157$7521.genblk1.genblk1.genblk1.genblk1.genblk1.genblk1.lut1 (4 -> 2)
  Optimizing lut $abc$174158$lut$aiger174157$7521.genblk1.genblk1.genblk1.genblk1.genblk1.genblk1.lut2 (4 -> 1)
  Optimizing lut $abc$174158$lut$aiger174157$7531.genblk1.genblk1.genblk1.genblk1.genblk1.genblk1.lut1 (4 -> 2)
  Optimizing lut $abc$174158$lut$aiger174157$7531.genblk1.genblk1.genblk1.genblk1.genblk1.genblk1.lut2 (4 -> 2)
  Optimizing lut $abc$174158$lut$aiger174157$7531.genblk1.genblk1.genblk1.genblk1.genblk1.genblk1.lut3 (4 -> 2)
  Optimizing lut $abc$174158$lut$aiger$o7661.genblk1.genblk1.genblk1.genblk1.genblk1.genblk1.genblk1.lut2 (4 -> 0)
  Optimizing lut $abc$174158$lut$aiger$o7661.genblk1.genblk1.genblk1.genblk1.genblk1.genblk1.genblk1.lut3 (4 -> 0)
  Optimizing lut $abc$174158$lut$aiger$o7661.genblk1.genblk1.genblk1.genblk1.genblk1.genblk1.genblk1.lut4 (4 -> 0)
  Optimizing lut $abc$174158$lut$aiger$o7661.genblk1.genblk1.genblk1.genblk1.genblk1.genblk1.genblk1.lut6 (4 -> 0)
  Optimizing lut $abc$174158$lut$aiger$o7661.genblk1.genblk1.genblk1.genblk1.genblk1.genblk1.genblk1.lut7 (4 -> 2)
  Optimizing lut $abc$174158$lut$aiger174157$7543.genblk1.genblk1.genblk1.genblk1.genblk1.genblk1.lut1 (4 -> 2)
  Optimizing lut $abc$174158$lut$aiger174157$7543.genblk1.genblk1.genblk1.genblk1.genblk1.genblk1.lut2 (4 -> 1)
  Optimizing lut $abc$174158$lut$aiger174157$7553.genblk1.genblk1.genblk1.genblk1.genblk1.genblk1.lut1 (4 -> 2)
  Optimizing lut $abc$174158$lut$aiger174157$7553.genblk1.genblk1.genblk1.genblk1.genblk1.genblk1.lut2 (4 -> 2)
  Optimizing lut $abc$174158$lut$aiger174157$7553.genblk1.genblk1.genblk1.genblk1.genblk1.genblk1.lut3 (4 -> 2)
  Optimizing lut $abc$174158$lut$aiger$o7721.genblk1.genblk1.genblk1.genblk1.genblk1.genblk1.genblk1.lut2 (4 -> 0)
  Optimizing lut $abc$174158$lut$aiger$o7721.genblk1.genblk1.genblk1.genblk1.genblk1.genblk1.genblk1.lut3 (4 -> 0)
  Optimizing lut $abc$174158$lut$aiger$o7721.genblk1.genblk1.genblk1.genblk1.genblk1.genblk1.genblk1.lut4 (4 -> 0)
  Optimizing lut $abc$174158$lut$aiger$o7721.genblk1.genblk1.genblk1.genblk1.genblk1.genblk1.genblk1.lut6 (4 -> 0)
  Optimizing lut $abc$174158$lut$aiger$o7721.genblk1.genblk1.genblk1.genblk1.genblk1.genblk1.genblk1.lut7 (4 -> 2)
  Optimizing lut $abc$174158$lut$aiger174157$7565.genblk1.genblk1.genblk1.genblk1.genblk1.genblk1.lut1 (4 -> 2)
  Optimizing lut $abc$174158$lut$aiger174157$7565.genblk1.genblk1.genblk1.genblk1.genblk1.genblk1.lut2 (4 -> 1)
  Optimizing lut $abc$174158$lut$aiger174157$7575.genblk1.genblk1.genblk1.genblk1.genblk1.genblk1.lut1 (4 -> 2)
  Optimizing lut $abc$174158$lut$aiger174157$7575.genblk1.genblk1.genblk1.genblk1.genblk1.genblk1.lut2 (4 -> 2)
  Optimizing lut $abc$174158$lut$aiger174157$7575.genblk1.genblk1.genblk1.genblk1.genblk1.genblk1.lut3 (4 -> 2)
  Optimizing lut $abc$174158$lut$aiger174157$17390.genblk1.genblk1.genblk1.genblk1.genblk1.lut1 (4 -> 3)
  Optimizing lut $abc$174158$lut$aiger174157$16688.genblk1.genblk1.genblk1.genblk1.genblk1.lut1 (4 -> 3)
  Optimizing lut $abc$174158$lut$aiger174157$15256.genblk1.genblk1.genblk1.genblk1.genblk1.lut1 (4 -> 3)
  Optimizing lut $abc$174158$lut$aiger174157$18773.genblk1.genblk1.genblk1.genblk1.genblk1.lut1 (4 -> 3)
  Optimizing lut $abc$174158$lut$aiger$o7161.genblk1.genblk1.genblk1.genblk1.genblk1.genblk1.lut2 (4 -> 0)
  Optimizing lut $abc$174158$lut$aiger174157$13596.genblk1.genblk1.genblk1.genblk1.genblk1.lut1 (4 -> 3)
  Optimizing lut $abc$174158$lut$aiger174157$13764.genblk1.genblk1.genblk1.genblk1.genblk1.lut1 (4 -> 3)
  Optimizing lut $abc$174158$lut$aiger174157$17781.genblk1.genblk1.genblk1.genblk1.genblk1.lut1 (4 -> 3)
  Optimizing lut $abc$174158$lut$aiger174157$14000.genblk1.genblk1.genblk1.genblk1.genblk1.genblk1.lut2 (4 -> 2)
  Optimizing lut $abc$174158$lut$aiger174157$14000.genblk1.genblk1.genblk1.genblk1.genblk1.genblk1.lut3 (4 -> 0)
  Optimizing lut $abc$174158$lut$aiger174157$11083.genblk1.genblk1.genblk1.genblk1.genblk1.genblk1.genblk1.lut2 (4 -> 0)
  Optimizing lut $abc$174158$lut$aiger174157$11083.genblk1.genblk1.genblk1.genblk1.genblk1.genblk1.genblk1.lut3 (4 -> 0)
  Optimizing lut $abc$174158$lut$aiger174157$11083.genblk1.genblk1.genblk1.genblk1.genblk1.genblk1.genblk1.lut4 (4 -> 0)
  Optimizing lut $abc$174158$lut$aiger174157$11083.genblk1.genblk1.genblk1.genblk1.genblk1.genblk1.genblk1.lut5 (4 -> 0)
  Optimizing lut $abc$174158$lut$aiger174157$11083.genblk1.genblk1.genblk1.genblk1.genblk1.genblk1.genblk1.lut6 (4 -> 0)
  Optimizing lut $abc$174158$lut$aiger174157$10944.genblk1.genblk1.genblk1.genblk1.genblk1.genblk1.lut1 (4 -> 0)
  Optimizing lut $abc$174158$lut$aiger174157$10944.genblk1.genblk1.genblk1.genblk1.genblk1.genblk1.lut2 (4 -> 0)
  Optimizing lut $abc$174158$lut$aiger174157$10944.genblk1.genblk1.genblk1.genblk1.genblk1.genblk1.lut3 (4 -> 0)
  Optimizing lut $abc$174158$lut$aiger$o8469.genblk1.genblk1.genblk1.genblk1.genblk1.lut1 (4 -> 3)
  Optimizing lut $abc$174158$lut$aiger174157$10982.genblk1.genblk1.genblk1.genblk1.genblk1.genblk1.lut2 (4 -> 0)
  Optimizing lut $abc$174158$lut$aiger174157$10982.genblk1.genblk1.genblk1.genblk1.genblk1.genblk1.lut3 (4 -> 0)
  Optimizing lut $abc$174158$lut$aiger$o8428.genblk1.genblk1.genblk1.genblk1.genblk1.genblk1.genblk1.lut1 (4 -> 2)
  Optimizing lut $abc$174158$lut$aiger$o8428.genblk1.genblk1.genblk1.genblk1.genblk1.genblk1.genblk1.lut2 (4 -> 2)
  Optimizing lut $abc$174158$lut$aiger$o8428.genblk1.genblk1.genblk1.genblk1.genblk1.genblk1.genblk1.lut3 (4 -> 2)
  Optimizing lut $abc$174158$lut$aiger$o8428.genblk1.genblk1.genblk1.genblk1.genblk1.genblk1.genblk1.lut4 (4 -> 2)
  Optimizing lut $abc$174158$lut$aiger$o8428.genblk1.genblk1.genblk1.genblk1.genblk1.genblk1.genblk1.lut5 (4 -> 0)
  Optimizing lut $abc$174158$lut$aiger$o8428.genblk1.genblk1.genblk1.genblk1.genblk1.genblk1.genblk1.lut6 (4 -> 2)
  Optimizing lut $abc$174158$lut$aiger$o8428.genblk1.genblk1.genblk1.genblk1.genblk1.genblk1.genblk1.lut7 (4 -> 2)
  Optimizing lut $abc$174158$lut$aiger174157$11015.genblk1.genblk1.genblk1.genblk1.genblk1.genblk1.genblk1.lut2 (4 -> 2)
  Optimizing lut $abc$174158$lut$aiger174157$11015.genblk1.genblk1.genblk1.genblk1.genblk1.genblk1.genblk1.lut3 (4 -> 2)
  Optimizing lut $abc$174158$lut$aiger174157$11015.genblk1.genblk1.genblk1.genblk1.genblk1.genblk1.genblk1.lut4 (4 -> 0)
  Optimizing lut $abc$174158$lut$aiger174157$11015.genblk1.genblk1.genblk1.genblk1.genblk1.genblk1.genblk1.lut5 (4 -> 0)
  Optimizing lut $abc$174158$lut$aiger174157$11015.genblk1.genblk1.genblk1.genblk1.genblk1.genblk1.genblk1.lut6 (4 -> 0)
  Optimizing lut $abc$174158$lut$aiger174157$11015.genblk1.genblk1.genblk1.genblk1.genblk1.genblk1.genblk1.lut7 (4 -> 0)
  Optimizing lut $abc$174158$lut$aiger$o8174.genblk1.genblk1.genblk1.genblk1.genblk1.genblk1.genblk1.lut1 (4 -> 2)
  Optimizing lut $abc$174158$lut$aiger$o8174.genblk1.genblk1.genblk1.genblk1.genblk1.genblk1.genblk1.lut2 (4 -> 2)
  Optimizing lut $abc$174158$lut$aiger$o8174.genblk1.genblk1.genblk1.genblk1.genblk1.genblk1.genblk1.lut3 (4 -> 2)
  Optimizing lut $abc$174158$lut$aiger$o8174.genblk1.genblk1.genblk1.genblk1.genblk1.genblk1.genblk1.lut4 (4 -> 2)
  Optimizing lut $abc$174158$lut$aiger$o8174.genblk1.genblk1.genblk1.genblk1.genblk1.genblk1.genblk1.lut5 (4 -> 0)
  Optimizing lut $abc$174158$lut$aiger$o8174.genblk1.genblk1.genblk1.genblk1.genblk1.genblk1.genblk1.lut6 (4 -> 2)
  Optimizing lut $abc$174158$lut$aiger$o8174.genblk1.genblk1.genblk1.genblk1.genblk1.genblk1.genblk1.lut7 (4 -> 2)
  Optimizing lut $abc$174158$lut$aiger$o8343.genblk1.genblk1.genblk1.genblk1.genblk1.genblk1.genblk1.lut2 (4 -> 2)
  Optimizing lut $abc$174158$lut$aiger$o8343.genblk1.genblk1.genblk1.genblk1.genblk1.genblk1.genblk1.lut3 (4 -> 2)
  Optimizing lut $abc$174158$lut$aiger$o8343.genblk1.genblk1.genblk1.genblk1.genblk1.genblk1.genblk1.lut4 (4 -> 2)
  Optimizing lut $abc$174158$lut$aiger$o8343.genblk1.genblk1.genblk1.genblk1.genblk1.genblk1.genblk1.lut5 (4 -> 0)
  Optimizing lut $abc$174158$lut$aiger$o8343.genblk1.genblk1.genblk1.genblk1.genblk1.genblk1.genblk1.lut6 (4 -> 2)
  Optimizing lut $abc$174158$lut$aiger$o8343.genblk1.genblk1.genblk1.genblk1.genblk1.genblk1.genblk1.lut7 (4 -> 2)
  Optimizing lut $abc$174158$lut$aiger$o8255.genblk1.genblk1.genblk1.genblk1.genblk1.genblk1.genblk1.lut2 (4 -> 2)
  Optimizing lut $abc$174158$lut$aiger$o8255.genblk1.genblk1.genblk1.genblk1.genblk1.genblk1.genblk1.lut3 (4 -> 2)
  Optimizing lut $abc$174158$lut$aiger$o8255.genblk1.genblk1.genblk1.genblk1.genblk1.genblk1.genblk1.lut4 (4 -> 2)
  Optimizing lut $abc$174158$lut$aiger$o8255.genblk1.genblk1.genblk1.genblk1.genblk1.genblk1.genblk1.lut5 (4 -> 0)
  Optimizing lut $abc$174158$lut$aiger$o8255.genblk1.genblk1.genblk1.genblk1.genblk1.genblk1.genblk1.lut6 (4 -> 2)
  Optimizing lut $abc$174158$lut$aiger$o8255.genblk1.genblk1.genblk1.genblk1.genblk1.genblk1.genblk1.lut7 (4 -> 2)
  Optimizing lut $abc$174158$lut$aiger174157$11213.genblk1.genblk1.genblk1.genblk1.genblk1.genblk1.lut2 (4 -> 0)
  Optimizing lut $abc$174158$lut$aiger174157$11115.genblk1.genblk1.genblk1.genblk1.genblk1.lut1 (4 -> 0)
  Optimizing lut $abc$174158$lut$aiger$o8609.genblk1.genblk1.genblk1.genblk1.genblk1.genblk1.genblk1.lut1 (4 -> 2)
  Optimizing lut $abc$174158$lut$aiger$o8609.genblk1.genblk1.genblk1.genblk1.genblk1.genblk1.genblk1.lut2 (4 -> 2)
  Optimizing lut $abc$174158$lut$aiger$o8609.genblk1.genblk1.genblk1.genblk1.genblk1.genblk1.genblk1.lut3 (4 -> 2)
  Optimizing lut $abc$174158$lut$aiger$o8609.genblk1.genblk1.genblk1.genblk1.genblk1.genblk1.genblk1.lut4 (4 -> 2)
  Optimizing lut $abc$174158$lut$aiger$o8609.genblk1.genblk1.genblk1.genblk1.genblk1.genblk1.genblk1.lut5 (4 -> 0)
  Optimizing lut $abc$174158$lut$aiger$o8609.genblk1.genblk1.genblk1.genblk1.genblk1.genblk1.genblk1.lut6 (4 -> 2)
  Optimizing lut $abc$174158$lut$aiger$o8609.genblk1.genblk1.genblk1.genblk1.genblk1.genblk1.genblk1.lut7 (4 -> 2)
  Optimizing lut $abc$174158$lut$aiger$o8195.genblk1.genblk1.genblk1.genblk1.genblk1.genblk1.genblk1.lut2 (4 -> 2)
  Optimizing lut $abc$174158$lut$aiger$o8195.genblk1.genblk1.genblk1.genblk1.genblk1.genblk1.genblk1.lut3 (4 -> 2)
  Optimizing lut $abc$174158$lut$aiger$o8195.genblk1.genblk1.genblk1.genblk1.genblk1.genblk1.genblk1.lut4 (4 -> 2)
  Optimizing lut $abc$174158$lut$aiger$o8195.genblk1.genblk1.genblk1.genblk1.genblk1.genblk1.genblk1.lut5 (4 -> 0)
  Optimizing lut $abc$174158$lut$aiger$o8195.genblk1.genblk1.genblk1.genblk1.genblk1.genblk1.genblk1.lut6 (4 -> 2)
  Optimizing lut $abc$174158$lut$aiger$o8195.genblk1.genblk1.genblk1.genblk1.genblk1.genblk1.genblk1.lut7 (4 -> 2)
  Optimizing lut $abc$174158$lut$aiger$o8110.genblk1.genblk1.genblk1.genblk1.genblk1.genblk1.genblk1.lut2 (4 -> 2)
  Optimizing lut $abc$174158$lut$aiger$o8110.genblk1.genblk1.genblk1.genblk1.genblk1.genblk1.genblk1.lut3 (4 -> 2)
  Optimizing lut $abc$174158$lut$aiger$o8110.genblk1.genblk1.genblk1.genblk1.genblk1.genblk1.genblk1.lut4 (4 -> 2)
  Optimizing lut $abc$174158$lut$aiger$o8110.genblk1.genblk1.genblk1.genblk1.genblk1.genblk1.genblk1.lut5 (4 -> 0)
  Optimizing lut $abc$174158$lut$aiger$o8110.genblk1.genblk1.genblk1.genblk1.genblk1.genblk1.genblk1.lut6 (4 -> 2)
  Optimizing lut $abc$174158$lut$aiger$o8110.genblk1.genblk1.genblk1.genblk1.genblk1.genblk1.genblk1.lut7 (4 -> 2)
  Optimizing lut $abc$174158$lut$aiger174157$11199.genblk1.genblk1.genblk1.genblk1.genblk1.lut1 (4 -> 3)
  Optimizing lut $abc$174158$lut$aiger174157$18270.genblk1.genblk1.genblk1.genblk1.genblk1.lut1 (4 -> 3)
  Optimizing lut $abc$174158$lut$aiger174157$16254.genblk1.genblk1.genblk1.genblk1.genblk1.lut1 (4 -> 3)
  Optimizing lut $abc$174158$lut$aiger$o7993.genblk1.genblk1.genblk1.genblk1.genblk1.genblk1.genblk1.lut2 (4 -> 2)
  Optimizing lut $abc$174158$lut$aiger$o7993.genblk1.genblk1.genblk1.genblk1.genblk1.genblk1.genblk1.lut3 (4 -> 2)
  Optimizing lut $abc$174158$lut$aiger$o7993.genblk1.genblk1.genblk1.genblk1.genblk1.genblk1.genblk1.lut4 (4 -> 2)
  Optimizing lut $abc$174158$lut$aiger$o7993.genblk1.genblk1.genblk1.genblk1.genblk1.genblk1.genblk1.lut5 (4 -> 0)
  Optimizing lut $abc$174158$lut$aiger$o7993.genblk1.genblk1.genblk1.genblk1.genblk1.genblk1.genblk1.lut6 (4 -> 2)
  Optimizing lut $abc$174158$lut$aiger$o7993.genblk1.genblk1.genblk1.genblk1.genblk1.genblk1.genblk1.lut7 (4 -> 2)
  Optimizing lut $abc$174158$lut$aiger174157$11270.genblk1.genblk1.genblk1.genblk1.genblk1.lut1 (4 -> 3)
  Optimizing lut $abc$174158$lut$aiger$o7386.genblk1.genblk1.genblk1.genblk1.genblk1.genblk1.lut2 (4 -> 0)
  Optimizing lut $abc$174158$lut$aiger$o7269.genblk1.genblk1.genblk1.genblk1.genblk1.genblk1.lut2 (4 -> 0)
  Optimizing lut $abc$174158$lut$aiger174157$8134.genblk1.genblk1.genblk1.genblk1.genblk1.genblk1.genblk1.lut2 (4 -> 2)
  Optimizing lut $abc$174158$lut$aiger174157$8134.genblk1.genblk1.genblk1.genblk1.genblk1.genblk1.genblk1.lut4 (4 -> 2)
  Optimizing lut $abc$174158$lut$aiger174157$8134.genblk1.genblk1.genblk1.genblk1.genblk1.genblk1.genblk1.lut6 (4 -> 2)
  Optimizing lut $abc$174158$lut$aiger174157$8171.genblk1.genblk1.genblk1.genblk1.genblk1.genblk1.genblk1.lut2 (4 -> 2)
  Optimizing lut $abc$174158$lut$aiger174157$8171.genblk1.genblk1.genblk1.genblk1.genblk1.genblk1.genblk1.lut4 (4 -> 2)
  Optimizing lut $abc$174158$lut$aiger174157$8171.genblk1.genblk1.genblk1.genblk1.genblk1.genblk1.genblk1.lut6 (4 -> 2)
  Optimizing lut $abc$174158$lut$aiger174157$8208.genblk1.genblk1.genblk1.genblk1.genblk1.genblk1.genblk1.lut2 (4 -> 2)
  Optimizing lut $abc$174158$lut$aiger174157$8208.genblk1.genblk1.genblk1.genblk1.genblk1.genblk1.genblk1.lut4 (4 -> 2)
  Optimizing lut $abc$174158$lut$aiger174157$8208.genblk1.genblk1.genblk1.genblk1.genblk1.genblk1.genblk1.lut6 (4 -> 2)
  Optimizing lut $abc$174158$lut$aiger174157$8245.genblk1.genblk1.genblk1.genblk1.genblk1.genblk1.genblk1.lut2 (4 -> 2)
  Optimizing lut $abc$174158$lut$aiger174157$8245.genblk1.genblk1.genblk1.genblk1.genblk1.genblk1.genblk1.lut4 (4 -> 2)
  Optimizing lut $abc$174158$lut$aiger174157$8245.genblk1.genblk1.genblk1.genblk1.genblk1.genblk1.genblk1.lut6 (4 -> 2)
  Optimizing lut $abc$174158$lut$aiger174157$8282.genblk1.genblk1.genblk1.genblk1.genblk1.genblk1.genblk1.lut2 (4 -> 2)
  Optimizing lut $abc$174158$lut$aiger174157$8282.genblk1.genblk1.genblk1.genblk1.genblk1.genblk1.genblk1.lut4 (4 -> 2)
  Optimizing lut $abc$174158$lut$aiger174157$8282.genblk1.genblk1.genblk1.genblk1.genblk1.genblk1.genblk1.lut6 (4 -> 2)
  Optimizing lut $abc$174158$lut$aiger$o7341.genblk1.genblk1.genblk1.genblk1.genblk1.genblk1.lut1 (4 -> 0)
  Optimizing lut $abc$174158$lut$aiger$o7341.genblk1.genblk1.genblk1.genblk1.genblk1.genblk1.lut2 (4 -> 0)
  Optimizing lut $abc$174158$lut$aiger$o7629.genblk1.genblk1.genblk1.genblk1.genblk1.genblk1.genblk1.lut1 (4 -> 2)
  Optimizing lut $abc$174158$lut$aiger$o7629.genblk1.genblk1.genblk1.genblk1.genblk1.genblk1.genblk1.lut2 (4 -> 2)
  Optimizing lut $abc$174158$lut$aiger$o7629.genblk1.genblk1.genblk1.genblk1.genblk1.genblk1.genblk1.lut3 (4 -> 0)
  Optimizing lut $abc$174158$lut$aiger$o7629.genblk1.genblk1.genblk1.genblk1.genblk1.genblk1.genblk1.lut4 (4 -> 2)
  Optimizing lut $abc$174158$lut$aiger$o7629.genblk1.genblk1.genblk1.genblk1.genblk1.genblk1.genblk1.lut5 (4 -> 2)
  Optimizing lut $abc$174158$lut$aiger$o7629.genblk1.genblk1.genblk1.genblk1.genblk1.genblk1.genblk1.lut6 (4 -> 2)
  Optimizing lut $abc$174158$lut$aiger$o7629.genblk1.genblk1.genblk1.genblk1.genblk1.genblk1.genblk1.lut7 (4 -> 2)
  Optimizing lut $abc$174158$lut$aiger174157$11382.genblk1.genblk1.genblk1.genblk1.genblk1.genblk1.genblk1.lut1 (4 -> 0)
  Optimizing lut $abc$174158$lut$aiger174157$11382.genblk1.genblk1.genblk1.genblk1.genblk1.genblk1.genblk1.lut2 (4 -> 2)
  Optimizing lut $abc$174158$lut$aiger174157$11382.genblk1.genblk1.genblk1.genblk1.genblk1.genblk1.genblk1.lut3 (4 -> 2)
  Optimizing lut $abc$174158$lut$aiger174157$11382.genblk1.genblk1.genblk1.genblk1.genblk1.genblk1.genblk1.lut4 (4 -> 0)
  Optimizing lut $abc$174158$lut$aiger174157$11382.genblk1.genblk1.genblk1.genblk1.genblk1.genblk1.genblk1.lut5 (4 -> 0)
  Optimizing lut $abc$174158$lut$aiger174157$11382.genblk1.genblk1.genblk1.genblk1.genblk1.genblk1.genblk1.lut7 (4 -> 2)
  Optimizing lut $abc$174158$lut$aiger$o7683.genblk1.genblk1.genblk1.genblk1.genblk1.genblk1.genblk1.lut2 (4 -> 2)
  Optimizing lut $abc$174158$lut$aiger$o7683.genblk1.genblk1.genblk1.genblk1.genblk1.genblk1.genblk1.lut3 (4 -> 0)
  Optimizing lut $abc$174158$lut$aiger$o7683.genblk1.genblk1.genblk1.genblk1.genblk1.genblk1.genblk1.lut4 (4 -> 2)
  Optimizing lut $abc$174158$lut$aiger$o7683.genblk1.genblk1.genblk1.genblk1.genblk1.genblk1.genblk1.lut5 (4 -> 2)
  Optimizing lut $abc$174158$lut$aiger$o7683.genblk1.genblk1.genblk1.genblk1.genblk1.genblk1.genblk1.lut6 (4 -> 2)
  Optimizing lut $abc$174158$lut$aiger$o7683.genblk1.genblk1.genblk1.genblk1.genblk1.genblk1.genblk1.lut7 (4 -> 2)
  Optimizing lut $abc$174158$lut$aiger174157$11402.genblk1.genblk1.genblk1.genblk1.genblk1.genblk1.genblk1.lut1 (4 -> 0)
  Optimizing lut $abc$174158$lut$aiger174157$11402.genblk1.genblk1.genblk1.genblk1.genblk1.genblk1.genblk1.lut2 (4 -> 2)
  Optimizing lut $abc$174158$lut$aiger174157$11402.genblk1.genblk1.genblk1.genblk1.genblk1.genblk1.genblk1.lut3 (4 -> 2)
  Optimizing lut $abc$174158$lut$aiger174157$11402.genblk1.genblk1.genblk1.genblk1.genblk1.genblk1.genblk1.lut4 (4 -> 0)
  Optimizing lut $abc$174158$lut$aiger174157$11402.genblk1.genblk1.genblk1.genblk1.genblk1.genblk1.genblk1.lut5 (4 -> 0)
  Optimizing lut $abc$174158$lut$aiger174157$11402.genblk1.genblk1.genblk1.genblk1.genblk1.genblk1.genblk1.lut7 (4 -> 2)
  Optimizing lut $abc$174158$lut$aiger$o7780.genblk1.genblk1.genblk1.genblk1.genblk1.genblk1.genblk1.lut2 (4 -> 2)
  Optimizing lut $abc$174158$lut$aiger$o7780.genblk1.genblk1.genblk1.genblk1.genblk1.genblk1.genblk1.lut3 (4 -> 0)
  Optimizing lut $abc$174158$lut$aiger$o7780.genblk1.genblk1.genblk1.genblk1.genblk1.genblk1.genblk1.lut4 (4 -> 2)
  Optimizing lut $abc$174158$lut$aiger$o7780.genblk1.genblk1.genblk1.genblk1.genblk1.genblk1.genblk1.lut5 (4 -> 2)
  Optimizing lut $abc$174158$lut$aiger$o7780.genblk1.genblk1.genblk1.genblk1.genblk1.genblk1.genblk1.lut6 (4 -> 2)
  Optimizing lut $abc$174158$lut$aiger$o7780.genblk1.genblk1.genblk1.genblk1.genblk1.genblk1.genblk1.lut7 (4 -> 2)
  Optimizing lut $abc$174158$lut$aiger174157$11322.genblk1.genblk1.genblk1.genblk1.genblk1.genblk1.genblk1.lut1 (4 -> 0)
  Optimizing lut $abc$174158$lut$aiger174157$11322.genblk1.genblk1.genblk1.genblk1.genblk1.genblk1.genblk1.lut2 (4 -> 0)
  Optimizing lut $abc$174158$lut$aiger174157$11322.genblk1.genblk1.genblk1.genblk1.genblk1.genblk1.genblk1.lut3 (4 -> 0)
  Optimizing lut $abc$174158$lut$aiger174157$11322.genblk1.genblk1.genblk1.genblk1.genblk1.genblk1.genblk1.lut4 (4 -> 0)
  Optimizing lut $abc$174158$lut$aiger174157$11322.genblk1.genblk1.genblk1.genblk1.genblk1.genblk1.genblk1.lut5 (4 -> 1)
  Optimizing lut $abc$174158$lut$aiger$o7964.genblk1.genblk1.genblk1.genblk1.genblk1.genblk1.genblk1.lut2 (4 -> 2)
  Optimizing lut $abc$174158$lut$aiger$o7964.genblk1.genblk1.genblk1.genblk1.genblk1.genblk1.genblk1.lut3 (4 -> 2)
  Optimizing lut $abc$174158$lut$aiger$o7964.genblk1.genblk1.genblk1.genblk1.genblk1.genblk1.genblk1.lut4 (4 -> 2)
  Optimizing lut $abc$174158$lut$aiger$o7964.genblk1.genblk1.genblk1.genblk1.genblk1.genblk1.genblk1.lut5 (4 -> 0)
  Optimizing lut $abc$174158$lut$aiger$o7964.genblk1.genblk1.genblk1.genblk1.genblk1.genblk1.genblk1.lut6 (4 -> 2)
  Optimizing lut $abc$174158$lut$aiger$o7964.genblk1.genblk1.genblk1.genblk1.genblk1.genblk1.genblk1.lut7 (4 -> 2)
  Optimizing lut $abc$174158$lut$aiger174157$11254.genblk1.genblk1.genblk1.genblk1.genblk1.lut1 (4 -> 3)
  Optimizing lut $abc$174158$lut$aiger$o7848.genblk1.genblk1.genblk1.genblk1.genblk1.genblk1.genblk1.lut2 (4 -> 2)
  Optimizing lut $abc$174158$lut$aiger$o7848.genblk1.genblk1.genblk1.genblk1.genblk1.genblk1.genblk1.lut3 (4 -> 2)
  Optimizing lut $abc$174158$lut$aiger$o7848.genblk1.genblk1.genblk1.genblk1.genblk1.genblk1.genblk1.lut4 (4 -> 2)
  Optimizing lut $abc$174158$lut$aiger$o7848.genblk1.genblk1.genblk1.genblk1.genblk1.genblk1.genblk1.lut5 (4 -> 0)
  Optimizing lut $abc$174158$lut$aiger$o7848.genblk1.genblk1.genblk1.genblk1.genblk1.genblk1.genblk1.lut6 (4 -> 2)
  Optimizing lut $abc$174158$lut$aiger$o7848.genblk1.genblk1.genblk1.genblk1.genblk1.genblk1.genblk1.lut7 (4 -> 2)
  Optimizing lut $abc$174158$lut$aiger174157$11286.genblk1.genblk1.genblk1.genblk1.genblk1.lut1 (4 -> 3)
  Optimizing lut $abc$174158$lut$aiger$o7918.genblk1.genblk1.genblk1.genblk1.genblk1.genblk1.genblk1.lut2 (4 -> 2)
  Optimizing lut $abc$174158$lut$aiger$o7918.genblk1.genblk1.genblk1.genblk1.genblk1.genblk1.genblk1.lut3 (4 -> 2)
  Optimizing lut $abc$174158$lut$aiger$o7918.genblk1.genblk1.genblk1.genblk1.genblk1.genblk1.genblk1.lut4 (4 -> 2)
  Optimizing lut $abc$174158$lut$aiger$o7918.genblk1.genblk1.genblk1.genblk1.genblk1.genblk1.genblk1.lut5 (4 -> 0)
  Optimizing lut $abc$174158$lut$aiger$o7918.genblk1.genblk1.genblk1.genblk1.genblk1.genblk1.genblk1.lut6 (4 -> 2)
  Optimizing lut $abc$174158$lut$aiger$o7918.genblk1.genblk1.genblk1.genblk1.genblk1.genblk1.genblk1.lut7 (4 -> 2)
  Optimizing lut $abc$174158$lut$aiger174157$11302.genblk1.genblk1.genblk1.genblk1.genblk1.lut1 (4 -> 3)
  Optimizing lut $abc$174158$lut$aiger$o7790.genblk1.genblk1.genblk1.genblk1.genblk1.genblk1.genblk1.lut2 (4 -> 2)
  Optimizing lut $abc$174158$lut$aiger$o7790.genblk1.genblk1.genblk1.genblk1.genblk1.genblk1.genblk1.lut3 (4 -> 2)
  Optimizing lut $abc$174158$lut$aiger$o7790.genblk1.genblk1.genblk1.genblk1.genblk1.genblk1.genblk1.lut4 (4 -> 2)
  Optimizing lut $abc$174158$lut$aiger$o7790.genblk1.genblk1.genblk1.genblk1.genblk1.genblk1.genblk1.lut5 (4 -> 0)
  Optimizing lut $abc$174158$lut$aiger$o7790.genblk1.genblk1.genblk1.genblk1.genblk1.genblk1.genblk1.lut6 (4 -> 2)
  Optimizing lut $abc$174158$lut$aiger$o7790.genblk1.genblk1.genblk1.genblk1.genblk1.genblk1.genblk1.lut7 (4 -> 2)
  Optimizing lut $abc$174158$lut$aiger174157$11342.genblk1.genblk1.genblk1.genblk1.genblk1.genblk1.genblk1.lut1 (4 -> 0)
  Optimizing lut $abc$174158$lut$aiger174157$11342.genblk1.genblk1.genblk1.genblk1.genblk1.genblk1.genblk1.lut2 (4 -> 0)
  Optimizing lut $abc$174158$lut$aiger174157$11342.genblk1.genblk1.genblk1.genblk1.genblk1.genblk1.genblk1.lut3 (4 -> 0)
  Optimizing lut $abc$174158$lut$aiger174157$11342.genblk1.genblk1.genblk1.genblk1.genblk1.genblk1.genblk1.lut4 (4 -> 0)
  Optimizing lut $abc$174158$lut$aiger174157$11342.genblk1.genblk1.genblk1.genblk1.genblk1.genblk1.genblk1.lut5 (4 -> 1)
  Optimizing lut $abc$174158$lut$aiger$o7606.genblk1.genblk1.genblk1.genblk1.genblk1.genblk1.genblk1.lut2 (4 -> 2)
  Optimizing lut $abc$174158$lut$aiger$o7606.genblk1.genblk1.genblk1.genblk1.genblk1.genblk1.genblk1.lut3 (4 -> 0)
  Optimizing lut $abc$174158$lut$aiger$o7606.genblk1.genblk1.genblk1.genblk1.genblk1.genblk1.genblk1.lut4 (4 -> 2)
  Optimizing lut $abc$174158$lut$aiger$o7606.genblk1.genblk1.genblk1.genblk1.genblk1.genblk1.genblk1.lut5 (4 -> 2)
  Optimizing lut $abc$174158$lut$aiger$o7606.genblk1.genblk1.genblk1.genblk1.genblk1.genblk1.genblk1.lut6 (4 -> 2)
  Optimizing lut $abc$174158$lut$aiger$o7606.genblk1.genblk1.genblk1.genblk1.genblk1.genblk1.genblk1.lut7 (4 -> 2)
  Optimizing lut $abc$174158$lut$aiger174157$11362.genblk1.genblk1.genblk1.genblk1.genblk1.genblk1.genblk1.lut1 (4 -> 0)
  Optimizing lut $abc$174158$lut$aiger174157$11362.genblk1.genblk1.genblk1.genblk1.genblk1.genblk1.genblk1.lut2 (4 -> 2)
  Optimizing lut $abc$174158$lut$aiger174157$11362.genblk1.genblk1.genblk1.genblk1.genblk1.genblk1.genblk1.lut3 (4 -> 2)
  Optimizing lut $abc$174158$lut$aiger174157$11362.genblk1.genblk1.genblk1.genblk1.genblk1.genblk1.genblk1.lut4 (4 -> 0)
  Optimizing lut $abc$174158$lut$aiger174157$11362.genblk1.genblk1.genblk1.genblk1.genblk1.genblk1.genblk1.lut5 (4 -> 0)
  Optimizing lut $abc$174158$lut$aiger174157$11362.genblk1.genblk1.genblk1.genblk1.genblk1.genblk1.genblk1.lut7 (4 -> 2)
  Optimizing lut $abc$174158$lut$aiger174157$18945.genblk1.genblk1.genblk1.genblk1.genblk1.lut1 (4 -> 3)
  Optimizing lut $abc$174158$lut$aiger174157$18512.genblk1.genblk1.genblk1.genblk1.genblk1.lut1 (4 -> 3)
  Optimizing lut $abc$174158$lut$aiger174157$18232.genblk1.genblk1.genblk1.genblk1.genblk1.lut1 (4 -> 3)
  Optimizing lut $abc$174158$lut$aiger174157$17922.genblk1.genblk1.genblk1.genblk1.genblk1.lut1 (4 -> 3)
  Optimizing lut $abc$174158$lut$aiger174157$17871.genblk1.genblk1.genblk1.genblk1.genblk1.lut1 (4 -> 3)
  Optimizing lut $abc$174158$lut$aiger174157$17492.genblk1.genblk1.genblk1.genblk1.genblk1.lut1 (4 -> 3)
  Optimizing lut $abc$174158$lut$aiger174157$17326.genblk1.genblk1.genblk1.genblk1.genblk1.lut1 (4 -> 3)
  Optimizing lut $abc$174158$lut$aiger174157$17274.genblk1.genblk1.genblk1.genblk1.genblk1.lut1 (4 -> 3)
  Optimizing lut $abc$174158$lut$aiger174157$14768.genblk1.genblk1.genblk1.genblk1.genblk1.lut1 (4 -> 2)
  Optimizing lut $abc$174158$lut$aiger174157$7206.genblk1.genblk1.genblk1.genblk1.genblk1.genblk1.genblk1.lut1 (4 -> 2)
  Optimizing lut $abc$174158$lut$aiger174157$7206.genblk1.genblk1.genblk1.genblk1.genblk1.genblk1.genblk1.lut2 (4 -> 2)
  Optimizing lut $abc$174158$lut$aiger174157$7206.genblk1.genblk1.genblk1.genblk1.genblk1.genblk1.genblk1.lut3 (4 -> 2)
  Optimizing lut $abc$174158$lut$aiger174157$7206.genblk1.genblk1.genblk1.genblk1.genblk1.genblk1.genblk1.lut4 (4 -> 2)
  Optimizing lut $abc$174158$lut$aiger174157$7206.genblk1.genblk1.genblk1.genblk1.genblk1.genblk1.genblk1.lut5 (4 -> 2)
  Optimizing lut $abc$174158$lut$aiger174157$7206.genblk1.genblk1.genblk1.genblk1.genblk1.genblk1.genblk1.lut6 (4 -> 2)
  Optimizing lut $abc$174158$lut$aiger174157$6321.genblk1.genblk1.genblk1.genblk1.genblk1.genblk1.genblk1.lut2 (4 -> 3)
  Optimizing lut $abc$174158$lut$aiger174157$6321.genblk1.genblk1.genblk1.genblk1.genblk1.genblk1.genblk1.lut3 (4 -> 2)
  Optimizing lut $abc$174158$lut$aiger174157$6321.genblk1.genblk1.genblk1.genblk1.genblk1.genblk1.genblk1.lut4 (4 -> 0)
  Optimizing lut $abc$174158$lut$aiger174157$6321.genblk1.genblk1.genblk1.genblk1.genblk1.genblk1.genblk1.lut5 (4 -> 0)
  Optimizing lut $abc$174158$lut$aiger174157$6321.genblk1.genblk1.genblk1.genblk1.genblk1.genblk1.genblk1.lut6 (4 -> 0)
  Optimizing lut $abc$174158$lut$aiger174157$6321.genblk1.genblk1.genblk1.genblk1.genblk1.genblk1.genblk1.lut7 (4 -> 0)
  Optimizing lut $abc$174158$lut$aiger174157$5997.genblk1.genblk1.genblk1.genblk1.genblk1.lut1 (4 -> 3)
  Optimizing lut $abc$174158$lut$aiger174157$5723.genblk1.genblk1.genblk1.genblk1.genblk1.genblk1.lut1 (4 -> 2)
  Optimizing lut $abc$174158$lut$aiger174157$5723.genblk1.genblk1.genblk1.genblk1.genblk1.genblk1.lut2 (4 -> 2)
  Optimizing lut $abc$174158$lut$aiger174157$5698.genblk1.genblk1.genblk1.genblk1.genblk1.genblk1.lut1 (4 -> 0)
  Optimizing lut $abc$174158$lut$aiger174157$5698.genblk1.genblk1.genblk1.genblk1.genblk1.genblk1.lut3 (4 -> 0)
  Optimizing lut $abc$174158$lut$aiger174157$5680.genblk1.genblk1.genblk1.genblk1.genblk1.genblk1.genblk1.lut1 (4 -> 0)
  Optimizing lut $abc$174158$lut$aiger174157$5680.genblk1.genblk1.genblk1.genblk1.genblk1.genblk1.genblk1.lut2 (4 -> 0)
  Optimizing lut $abc$174158$lut$aiger174157$5680.genblk1.genblk1.genblk1.genblk1.genblk1.genblk1.genblk1.lut3 (4 -> 0)
  Optimizing lut $abc$174158$lut$aiger174157$5680.genblk1.genblk1.genblk1.genblk1.genblk1.genblk1.genblk1.lut5 (4 -> 0)
  Optimizing lut $abc$174158$lut$aiger174157$5680.genblk1.genblk1.genblk1.genblk1.genblk1.genblk1.genblk1.lut6 (4 -> 0)
  Optimizing lut $abc$174158$lut$aiger174157$5680.genblk1.genblk1.genblk1.genblk1.genblk1.genblk1.genblk1.lut7 (4 -> 0)
  Optimizing lut $abc$174158$lut$aiger174157$5838.genblk1.genblk1.genblk1.genblk1.genblk1.genblk1.genblk1.lut1 (4 -> 0)
  Optimizing lut $abc$174158$lut$aiger174157$5838.genblk1.genblk1.genblk1.genblk1.genblk1.genblk1.genblk1.lut2 (4 -> 0)
  Optimizing lut $abc$174158$lut$aiger174157$5838.genblk1.genblk1.genblk1.genblk1.genblk1.genblk1.genblk1.lut3 (4 -> 0)
  Optimizing lut $abc$174158$lut$aiger174157$5838.genblk1.genblk1.genblk1.genblk1.genblk1.genblk1.genblk1.lut5 (4 -> 3)
  Optimizing lut $abc$174158$lut$aiger174157$5838.genblk1.genblk1.genblk1.genblk1.genblk1.genblk1.genblk1.lut6 (4 -> 3)
  Optimizing lut $abc$174158$lut$aiger174157$5838.genblk1.genblk1.genblk1.genblk1.genblk1.genblk1.genblk1.lut7 (4 -> 2)
  Optimizing lut $abc$174158$lut$aiger174157$5896.genblk1.genblk1.genblk1.genblk1.genblk1.genblk1.lut1 (4 -> 3)
  Optimizing lut $abc$174158$lut$aiger174157$5896.genblk1.genblk1.genblk1.genblk1.genblk1.genblk1.lut3 (4 -> 3)
  Optimizing lut $abc$174158$lut$aiger174157$5910.genblk1.genblk1.genblk1.genblk1.genblk1.genblk1.genblk1.lut1 (4 -> 2)
  Optimizing lut $abc$174158$lut$aiger174157$5910.genblk1.genblk1.genblk1.genblk1.genblk1.genblk1.genblk1.lut2 (4 -> 3)
  Optimizing lut $abc$174158$lut$aiger174157$5910.genblk1.genblk1.genblk1.genblk1.genblk1.genblk1.genblk1.lut3 (4 -> 1)
  Optimizing lut $abc$174158$lut$aiger174157$5910.genblk1.genblk1.genblk1.genblk1.genblk1.genblk1.genblk1.lut4 (4 -> 2)
  Optimizing lut $abc$174158$lut$aiger174157$5910.genblk1.genblk1.genblk1.genblk1.genblk1.genblk1.genblk1.lut5 (4 -> 1)
  Optimizing lut $abc$174158$lut$aiger174157$5910.genblk1.genblk1.genblk1.genblk1.genblk1.genblk1.genblk1.lut6 (4 -> 2)
  Optimizing lut $abc$174158$lut$aiger174157$5910.genblk1.genblk1.genblk1.genblk1.genblk1.genblk1.genblk1.lut7 (4 -> 1)
  Optimizing lut $abc$174158$lut$aiger174157$5941.genblk1.genblk1.genblk1.genblk1.genblk1.genblk1.genblk1.lut2 (4 -> 0)
  Optimizing lut $abc$174158$lut$aiger174157$5941.genblk1.genblk1.genblk1.genblk1.genblk1.genblk1.genblk1.lut3 (4 -> 0)
  Optimizing lut $abc$174158$lut$aiger174157$5929.genblk1.genblk1.genblk1.genblk1.genblk1.genblk1.lut1 (4 -> 3)
  Optimizing lut $abc$174158$lut$aiger174157$5929.genblk1.genblk1.genblk1.genblk1.genblk1.genblk1.lut3 (4 -> 3)
  Optimizing lut $abc$174158$lut$aiger174157$5805.genblk1.genblk1.genblk1.genblk1.genblk1.genblk1.genblk1.lut1 (4 -> 2)
  Optimizing lut $abc$174158$lut$aiger174157$5805.genblk1.genblk1.genblk1.genblk1.genblk1.genblk1.genblk1.lut2 (4 -> 2)
  Optimizing lut $abc$174158$lut$aiger174157$5805.genblk1.genblk1.genblk1.genblk1.genblk1.genblk1.genblk1.lut3 (4 -> 2)
  Optimizing lut $abc$174158$lut$aiger174157$5805.genblk1.genblk1.genblk1.genblk1.genblk1.genblk1.genblk1.lut4 (4 -> 1)
  Optimizing lut $abc$174158$lut$aiger174157$5805.genblk1.genblk1.genblk1.genblk1.genblk1.genblk1.genblk1.lut5 (4 -> 2)
  Optimizing lut $abc$174158$lut$aiger174157$5805.genblk1.genblk1.genblk1.genblk1.genblk1.genblk1.genblk1.lut7 (4 -> 2)
  Optimizing lut $abc$174158$lut$aiger174157$5852.genblk1.genblk1.genblk1.genblk1.genblk1.genblk1.genblk1.lut1 (4 -> 0)
  Optimizing lut $abc$174158$lut$aiger174157$5852.genblk1.genblk1.genblk1.genblk1.genblk1.genblk1.genblk1.lut2 (4 -> 1)
  Optimizing lut $abc$174158$lut$aiger174157$5852.genblk1.genblk1.genblk1.genblk1.genblk1.genblk1.genblk1.lut3 (4 -> 0)
  Optimizing lut $abc$174158$lut$aiger174157$5852.genblk1.genblk1.genblk1.genblk1.genblk1.genblk1.genblk1.lut4 (4 -> 2)
  Optimizing lut $abc$174158$lut$aiger174157$5852.genblk1.genblk1.genblk1.genblk1.genblk1.genblk1.genblk1.lut5 (4 -> 0)
  Optimizing lut $abc$174158$lut$aiger174157$5852.genblk1.genblk1.genblk1.genblk1.genblk1.genblk1.genblk1.lut7 (4 -> 0)
  Optimizing lut $abc$174158$lut$aiger174157$5865.genblk1.genblk1.genblk1.genblk1.genblk1.genblk1.lut2 (4 -> 2)
  Optimizing lut $abc$174158$lut$aiger174157$5865.genblk1.genblk1.genblk1.genblk1.genblk1.genblk1.lut3 (4 -> 2)
  Optimizing lut $abc$174158$lut$aiger174157$5885.genblk1.genblk1.genblk1.genblk1.genblk1.genblk1.genblk1.lut1 (4 -> 0)
  Optimizing lut $abc$174158$lut$aiger174157$5885.genblk1.genblk1.genblk1.genblk1.genblk1.genblk1.genblk1.lut2 (4 -> 3)
  Optimizing lut $abc$174158$lut$aiger174157$5885.genblk1.genblk1.genblk1.genblk1.genblk1.genblk1.genblk1.lut3 (4 -> 0)
  Optimizing lut $abc$174158$lut$aiger174157$5885.genblk1.genblk1.genblk1.genblk1.genblk1.genblk1.genblk1.lut4 (4 -> 1)
  Optimizing lut $abc$174158$lut$aiger174157$5885.genblk1.genblk1.genblk1.genblk1.genblk1.genblk1.genblk1.lut5 (4 -> 0)
  Optimizing lut $abc$174158$lut$aiger174157$5885.genblk1.genblk1.genblk1.genblk1.genblk1.genblk1.genblk1.lut7 (4 -> 0)
  Optimizing lut $abc$174158$lut$aiger174157$5810.genblk1.genblk1.genblk1.genblk1.genblk1.genblk1.lut2 (4 -> 0)
  Optimizing lut $abc$174158$lut$aiger174157$5810.genblk1.genblk1.genblk1.genblk1.genblk1.genblk1.lut3 (4 -> 0)
  Optimizing lut $abc$174158$lut$aiger174157$5749.genblk1.genblk1.genblk1.genblk1.genblk1.genblk1.lut1 (4 -> 0)
  Optimizing lut $abc$174158$lut$aiger174157$5749.genblk1.genblk1.genblk1.genblk1.genblk1.genblk1.lut3 (4 -> 0)
  Optimizing lut $abc$174158$lut$aiger174157$6215.genblk1.genblk1.genblk1.genblk1.genblk1.genblk1.lut2 (4 -> 0)
  Optimizing lut $abc$174158$lut$aiger174157$6215.genblk1.genblk1.genblk1.genblk1.genblk1.genblk1.lut3 (4 -> 0)
  Optimizing lut $abc$174158$lut$aiger174157$6161.genblk1.genblk1.genblk1.genblk1.genblk1.genblk1.lut1 (4 -> 0)
  Optimizing lut $abc$174158$lut$aiger174157$6161.genblk1.genblk1.genblk1.genblk1.genblk1.genblk1.lut3 (4 -> 0)
  Optimizing lut $abc$174158$lut$aiger174157$6089.genblk1.genblk1.genblk1.genblk1.genblk1.genblk1.lut1 (4 -> 0)
  Optimizing lut $abc$174158$lut$aiger174157$6089.genblk1.genblk1.genblk1.genblk1.genblk1.genblk1.lut2 (4 -> 3)
  Optimizing lut $abc$174158$lut$aiger174157$6039.genblk1.genblk1.genblk1.genblk1.genblk1.lut1 (4 -> 3)
  Optimizing lut $abc$174158$lut$aiger174157$6114.genblk1.genblk1.genblk1.genblk1.genblk1.genblk1.lut1 (4 -> 2)
  Optimizing lut $abc$174158$lut$aiger174157$6114.genblk1.genblk1.genblk1.genblk1.genblk1.genblk1.lut2 (4 -> 2)
  Optimizing lut $abc$174158$lut$aiger174157$6114.genblk1.genblk1.genblk1.genblk1.genblk1.genblk1.lut3 (4 -> 3)
  Optimizing lut $abc$174158$lut$aiger174157$6136.genblk1.genblk1.genblk1.genblk1.genblk1.genblk1.lut3 (4 -> 3)
  Optimizing lut $abc$174158$lut$aiger174157$6180.genblk1.genblk1.genblk1.genblk1.genblk1.lut1 (4 -> 3)
  Optimizing lut $abc$174158$lut$aiger174157$6210.genblk1.genblk1.genblk1.genblk1.genblk1.genblk1.lut1 (4 -> 1)
  Optimizing lut $abc$174158$lut$aiger174157$6210.genblk1.genblk1.genblk1.genblk1.genblk1.genblk1.lut3 (4 -> 1)
  Optimizing lut $abc$174158$lut$aiger174157$6242.genblk1.genblk1.genblk1.genblk1.genblk1.genblk1.lut2 (4 -> 0)
  Optimizing lut $abc$174158$lut$aiger174157$6242.genblk1.genblk1.genblk1.genblk1.genblk1.genblk1.lut3 (4 -> 0)
  Optimizing lut $abc$174158$lut$aiger174157$6168.genblk1.genblk1.genblk1.genblk1.genblk1.genblk1.genblk1.lut2 (4 -> 0)
  Optimizing lut $abc$174158$lut$aiger174157$6168.genblk1.genblk1.genblk1.genblk1.genblk1.genblk1.genblk1.lut3 (4 -> 0)
  Optimizing lut $abc$174158$lut$aiger174157$6168.genblk1.genblk1.genblk1.genblk1.genblk1.genblk1.genblk1.lut4 (4 -> 0)
  Optimizing lut $abc$174158$lut$aiger174157$6168.genblk1.genblk1.genblk1.genblk1.genblk1.genblk1.genblk1.lut5 (4 -> 3)
  Optimizing lut $abc$174158$lut$aiger174157$6168.genblk1.genblk1.genblk1.genblk1.genblk1.genblk1.genblk1.lut6 (4 -> 0)
  Optimizing lut $abc$174158$lut$aiger174157$6168.genblk1.genblk1.genblk1.genblk1.genblk1.genblk1.genblk1.lut7 (4 -> 0)
  Optimizing lut $abc$174158$lut$aiger174157$6009.genblk1.genblk1.genblk1.genblk1.genblk1.genblk1.lut2 (4 -> 2)
  Optimizing lut $abc$174158$lut$aiger174157$6045.genblk1.genblk1.genblk1.genblk1.genblk1.genblk1.genblk1.lut3 (4 -> 0)
  Optimizing lut $abc$174158$lut$aiger174157$6045.genblk1.genblk1.genblk1.genblk1.genblk1.genblk1.genblk1.lut4 (4 -> 0)
  Optimizing lut $abc$174158$lut$aiger174157$6045.genblk1.genblk1.genblk1.genblk1.genblk1.genblk1.genblk1.lut5 (4 -> 0)
  Optimizing lut $abc$174158$lut$aiger174157$6045.genblk1.genblk1.genblk1.genblk1.genblk1.genblk1.genblk1.lut6 (4 -> 0)
  Optimizing lut $abc$174158$lut$aiger174157$6045.genblk1.genblk1.genblk1.genblk1.genblk1.genblk1.genblk1.lut7 (4 -> 0)
  Optimizing lut $abc$174158$lut$aiger174157$6004.genblk1.genblk1.genblk1.genblk1.genblk1.genblk1.lut2 (4 -> 0)
  Optimizing lut $abc$174158$lut$aiger174157$6599.genblk1.genblk1.genblk1.genblk1.genblk1.genblk1.genblk1.lut2 (4 -> 3)
  Optimizing lut $abc$174158$lut$aiger174157$6599.genblk1.genblk1.genblk1.genblk1.genblk1.genblk1.genblk1.lut3 (4 -> 0)
  Optimizing lut $abc$174158$lut$aiger174157$6599.genblk1.genblk1.genblk1.genblk1.genblk1.genblk1.genblk1.lut4 (4 -> 0)
  Optimizing lut $abc$174158$lut$aiger174157$6599.genblk1.genblk1.genblk1.genblk1.genblk1.genblk1.genblk1.lut5 (4 -> 0)
  Optimizing lut $abc$174158$lut$aiger174157$6599.genblk1.genblk1.genblk1.genblk1.genblk1.genblk1.genblk1.lut7 (4 -> 1)
  Optimizing lut $abc$174158$lut$aiger174157$6587.genblk1.genblk1.genblk1.genblk1.genblk1.genblk1.lut1 (4 -> 0)
  Optimizing lut $abc$174158$lut$aiger174157$6587.genblk1.genblk1.genblk1.genblk1.genblk1.genblk1.lut3 (4 -> 0)
  Optimizing lut $abc$174158$lut$aiger174157$6772.genblk1.genblk1.genblk1.genblk1.genblk1.lut1 (4 -> 0)
  Optimizing lut $abc$174158$lut$aiger174157$5618.genblk1.genblk1.genblk1.genblk1.genblk1.genblk1.lut1 (4 -> 0)
  Optimizing lut $abc$174158$lut$aiger174157$5618.genblk1.genblk1.genblk1.genblk1.genblk1.genblk1.lut2 (4 -> 0)
  Optimizing lut $abc$174158$lut$aiger174157$5399.genblk1.genblk1.genblk1.genblk1.genblk1.genblk1.lut1 (4 -> 0)
  Optimizing lut $abc$174158$lut$aiger174157$5399.genblk1.genblk1.genblk1.genblk1.genblk1.genblk1.lut3 (4 -> 0)
  Optimizing lut $abc$174158$lut$aiger174157$5552.genblk1.genblk1.genblk1.genblk1.genblk1.genblk1.lut3 (4 -> 0)
  Optimizing lut $abc$174158$lut$aiger174157$5674.genblk1.genblk1.genblk1.genblk1.genblk1.genblk1.lut2 (4 -> 3)
  Optimizing lut $abc$174158$lut$aiger174157$5674.genblk1.genblk1.genblk1.genblk1.genblk1.genblk1.lut3 (4 -> 1)
  Optimizing lut $abc$174158$lut$aiger174157$5643.genblk1.genblk1.genblk1.genblk1.genblk1.genblk1.lut1 (4 -> 1)
  Optimizing lut $abc$174158$lut$aiger174157$5643.genblk1.genblk1.genblk1.genblk1.genblk1.genblk1.lut2 (4 -> 3)
  Optimizing lut $abc$174158$lut$aiger174157$5623.genblk1.genblk1.genblk1.genblk1.genblk1.genblk1.lut2 (4 -> 0)
  Optimizing lut $abc$174158$lut$aiger174157$5623.genblk1.genblk1.genblk1.genblk1.genblk1.genblk1.lut3 (4 -> 0)
  Optimizing lut $abc$174158$lut$aiger174157$5633.genblk1.genblk1.genblk1.genblk1.genblk1.lut1 (4 -> 0)
  Optimizing lut $abc$174158$lut$aiger174157$5638.genblk1.genblk1.genblk1.genblk1.genblk1.genblk1.lut1 (4 -> 3)
  Optimizing lut $abc$174158$lut$aiger174157$5638.genblk1.genblk1.genblk1.genblk1.genblk1.genblk1.lut2 (4 -> 3)
  Optimizing lut $abc$174158$lut$aiger174157$5638.genblk1.genblk1.genblk1.genblk1.genblk1.genblk1.lut3 (4 -> 2)
  Optimizing lut $abc$174158$lut$aiger174157$5657.genblk1.genblk1.genblk1.genblk1.genblk1.lut1 (4 -> 0)
  Optimizing lut $abc$174158$lut$aiger174157$5668.genblk1.genblk1.genblk1.genblk1.genblk1.genblk1.lut3 (4 -> 0)
  Optimizing lut $abc$174158$lut$aiger174157$6720.genblk1.genblk1.genblk1.genblk1.genblk1.genblk1.genblk1.lut1 (4 -> 1)
  Optimizing lut $abc$174158$lut$aiger174157$6720.genblk1.genblk1.genblk1.genblk1.genblk1.genblk1.genblk1.lut2 (4 -> 1)
  Optimizing lut $abc$174158$lut$aiger174157$6720.genblk1.genblk1.genblk1.genblk1.genblk1.genblk1.genblk1.lut3 (4 -> 1)
  Optimizing lut $abc$174158$lut$aiger174157$6720.genblk1.genblk1.genblk1.genblk1.genblk1.genblk1.genblk1.lut4 (4 -> 1)
  Optimizing lut $abc$174158$lut$aiger174157$6720.genblk1.genblk1.genblk1.genblk1.genblk1.genblk1.genblk1.lut5 (4 -> 1)
  Optimizing lut $abc$174158$lut$aiger174157$6720.genblk1.genblk1.genblk1.genblk1.genblk1.genblk1.genblk1.lut7 (4 -> 1)
  Optimizing lut $abc$174158$lut$aiger174157$6667.genblk1.genblk1.genblk1.genblk1.genblk1.genblk1.genblk1.lut1 (4 -> 0)
  Optimizing lut $abc$174158$lut$aiger174157$6667.genblk1.genblk1.genblk1.genblk1.genblk1.genblk1.genblk1.lut2 (4 -> 0)
  Optimizing lut $abc$174158$lut$aiger174157$6667.genblk1.genblk1.genblk1.genblk1.genblk1.genblk1.genblk1.lut3 (4 -> 0)
  Optimizing lut $abc$174158$lut$aiger174157$6667.genblk1.genblk1.genblk1.genblk1.genblk1.genblk1.genblk1.lut4 (4 -> 0)
  Optimizing lut $abc$174158$lut$aiger174157$6667.genblk1.genblk1.genblk1.genblk1.genblk1.genblk1.genblk1.lut5 (4 -> 0)
  Optimizing lut $abc$174158$lut$aiger174157$6667.genblk1.genblk1.genblk1.genblk1.genblk1.genblk1.genblk1.lut6 (4 -> 0)
  Optimizing lut $abc$174158$lut$aiger174157$6667.genblk1.genblk1.genblk1.genblk1.genblk1.genblk1.genblk1.lut7 (4 -> 0)
  Optimizing lut $abc$174158$lut$aiger174157$6674.genblk1.genblk1.genblk1.genblk1.genblk1.genblk1.lut3 (4 -> 0)
  Optimizing lut $abc$174158$lut$aiger174157$6767.genblk1.genblk1.genblk1.genblk1.genblk1.genblk1.genblk1.lut2 (4 -> 0)
  Optimizing lut $abc$174158$lut$aiger174157$6767.genblk1.genblk1.genblk1.genblk1.genblk1.genblk1.genblk1.lut3 (4 -> 0)
  Optimizing lut $abc$174158$lut$aiger174157$6767.genblk1.genblk1.genblk1.genblk1.genblk1.genblk1.genblk1.lut4 (4 -> 0)
  Optimizing lut $abc$174158$lut$aiger174157$6767.genblk1.genblk1.genblk1.genblk1.genblk1.genblk1.genblk1.lut6 (4 -> 0)
  Optimizing lut $abc$174158$lut$aiger174157$6767.genblk1.genblk1.genblk1.genblk1.genblk1.genblk1.genblk1.lut7 (4 -> 0)
  Optimizing lut $abc$174158$lut$aiger174157$5963.genblk1.genblk1.genblk1.genblk1.genblk1.genblk1.lut1 (4 -> 0)
  Optimizing lut $abc$174158$lut$aiger174157$5963.genblk1.genblk1.genblk1.genblk1.genblk1.genblk1.lut2 (4 -> 0)
  Optimizing lut $abc$174158$lut$aiger174157$6606.genblk1.genblk1.genblk1.genblk1.genblk1.genblk1.lut3 (4 -> 0)
  Optimizing lut $abc$174158$lut$aiger174157$5985.genblk1.genblk1.genblk1.genblk1.genblk1.lut1 (4 -> 0)
  Optimizing lut $abc$174158$lut$aiger174157$6754.genblk1.genblk1.genblk1.genblk1.genblk1.genblk1.genblk1.lut2 (4 -> 0)
  Optimizing lut $abc$174158$lut$aiger174157$6754.genblk1.genblk1.genblk1.genblk1.genblk1.genblk1.genblk1.lut3 (4 -> 0)
  Optimizing lut $abc$174158$lut$aiger174157$6754.genblk1.genblk1.genblk1.genblk1.genblk1.genblk1.genblk1.lut5 (4 -> 2)
  Optimizing lut $abc$174158$lut$aiger174157$6754.genblk1.genblk1.genblk1.genblk1.genblk1.genblk1.genblk1.lut6 (4 -> 0)
  Optimizing lut $abc$174158$lut$aiger174157$6754.genblk1.genblk1.genblk1.genblk1.genblk1.genblk1.genblk1.lut7 (4 -> 0)
  Optimizing lut $abc$174158$lut$aiger174157$5574.genblk1.genblk1.genblk1.genblk1.genblk1.genblk1.lut1 (4 -> 0)
  Optimizing lut $abc$174158$lut$aiger174157$5574.genblk1.genblk1.genblk1.genblk1.genblk1.genblk1.lut2 (4 -> 0)
  Optimizing lut $abc$174158$lut$aiger174157$5690.genblk1.genblk1.genblk1.genblk1.genblk1.genblk1.genblk1.lut2 (4 -> 0)
  Optimizing lut $abc$174158$lut$aiger174157$5690.genblk1.genblk1.genblk1.genblk1.genblk1.genblk1.genblk1.lut3 (4 -> 0)
  Optimizing lut $abc$174158$lut$aiger174157$5690.genblk1.genblk1.genblk1.genblk1.genblk1.genblk1.genblk1.lut4 (4 -> 0)
  Optimizing lut $abc$174158$lut$aiger174157$5690.genblk1.genblk1.genblk1.genblk1.genblk1.genblk1.genblk1.lut5 (4 -> 0)
  Optimizing lut $abc$174158$lut$aiger174157$5690.genblk1.genblk1.genblk1.genblk1.genblk1.genblk1.genblk1.lut7 (4 -> 0)
  Optimizing lut $abc$174158$lut$aiger174157$6251.genblk1.genblk1.genblk1.genblk1.genblk1.genblk1.lut2 (4 -> 0)
  Optimizing lut $abc$174158$lut$aiger174157$6251.genblk1.genblk1.genblk1.genblk1.genblk1.genblk1.lut3 (4 -> 0)
  Optimizing lut $abc$174158$lut$aiger174157$12198.genblk1.genblk1.genblk1.genblk1.genblk1.lut1 (4 -> 2)
  Optimizing lut $auto$abc_ops_reintegrate.cc:652:reintegrate$174678.genblk1.genblk1.genblk1.genblk1.genblk1.genblk1.lut2 (4 -> 1)
  Optimizing lut $auto$abc_ops_reintegrate.cc:652:reintegrate$174678.genblk1.genblk1.genblk1.genblk1.genblk1.genblk1.lut3 (4 -> 2)
  Optimizing lut $abc$174158$lut$aiger174157$10796.genblk1.genblk1.genblk1.genblk1.genblk1.genblk1.lut1 (4 -> 0)
  Optimizing lut $abc$174158$lut$aiger174157$10796.genblk1.genblk1.genblk1.genblk1.genblk1.genblk1.lut2 (4 -> 0)
  Optimizing lut $abc$174158$lut$aiger174157$10791.genblk1.genblk1.genblk1.genblk1.genblk1.lut1 (4 -> 0)
  Optimizing lut $abc$174158$lut$aiger174157$10787.genblk1.genblk1.genblk1.genblk1.genblk1.lut1 (4 -> 0)
  Optimizing lut $abc$174158$lut$aiger174157$10872.genblk1.genblk1.genblk1.genblk1.genblk1.genblk1.lut3 (4 -> 1)
  Optimizing lut $abc$174158$lut$aiger174157$10847.genblk1.genblk1.genblk1.genblk1.genblk1.lut1 (4 -> 0)
  Optimizing lut $abc$174158$lut$aiger174157$9478.genblk1.genblk1.genblk1.genblk1.genblk1.genblk1.genblk1.lut2 (4 -> 2)
  Optimizing lut $abc$174158$lut$aiger174157$9478.genblk1.genblk1.genblk1.genblk1.genblk1.genblk1.genblk1.lut3 (4 -> 2)
  Optimizing lut $abc$174158$lut$aiger174157$9478.genblk1.genblk1.genblk1.genblk1.genblk1.genblk1.genblk1.lut4 (4 -> 2)
  Optimizing lut $abc$174158$lut$aiger174157$9478.genblk1.genblk1.genblk1.genblk1.genblk1.genblk1.genblk1.lut5 (4 -> 2)
  Optimizing lut $abc$174158$lut$aiger174157$9478.genblk1.genblk1.genblk1.genblk1.genblk1.genblk1.genblk1.lut6 (4 -> 2)
  Optimizing lut $auto$abc_ops_reintegrate.cc:652:reintegrate$174679.genblk1.genblk1.genblk1.genblk1.genblk1.genblk1.genblk1.lut2 (4 -> 3)
  Optimizing lut $auto$abc_ops_reintegrate.cc:652:reintegrate$174679.genblk1.genblk1.genblk1.genblk1.genblk1.genblk1.genblk1.lut3 (4 -> 2)
  Optimizing lut $auto$abc_ops_reintegrate.cc:652:reintegrate$174679.genblk1.genblk1.genblk1.genblk1.genblk1.genblk1.genblk1.lut4 (4 -> 0)
  Optimizing lut $auto$abc_ops_reintegrate.cc:652:reintegrate$174679.genblk1.genblk1.genblk1.genblk1.genblk1.genblk1.genblk1.lut5 (4 -> 0)
  Optimizing lut $auto$abc_ops_reintegrate.cc:652:reintegrate$174679.genblk1.genblk1.genblk1.genblk1.genblk1.genblk1.genblk1.lut7 (4 -> 3)
  Optimizing lut $abc$174158$lut$aiger174157$10231.genblk1.genblk1.genblk1.genblk1.genblk1.genblk1.genblk1.lut2 (4 -> 0)
  Optimizing lut $abc$174158$lut$aiger174157$10231.genblk1.genblk1.genblk1.genblk1.genblk1.genblk1.genblk1.lut3 (4 -> 0)
  Optimizing lut $abc$174158$lut$aiger174157$8637.genblk1.genblk1.genblk1.genblk1.genblk1.genblk1.lut2 (4 -> 0)
  Optimizing lut $abc$174158$lut$aiger174157$10208.genblk1.genblk1.genblk1.genblk1.genblk1.genblk1.lut2 (4 -> 0)
  Optimizing lut $abc$174158$lut$aiger174157$10208.genblk1.genblk1.genblk1.genblk1.genblk1.genblk1.lut3 (4 -> 3)
  Optimizing lut $abc$174158$lut$aiger174157$10222.genblk1.genblk1.genblk1.genblk1.genblk1.genblk1.lut1 (4 -> 3)
  Optimizing lut $abc$174158$lut$aiger174157$10222.genblk1.genblk1.genblk1.genblk1.genblk1.genblk1.lut2 (4 -> 1)
  Optimizing lut $abc$174158$lut$aiger174157$10586.genblk1.genblk1.genblk1.genblk1.genblk1.genblk1.genblk1.lut4 (4 -> 1)
  Optimizing lut $abc$174158$lut$aiger174157$10586.genblk1.genblk1.genblk1.genblk1.genblk1.genblk1.genblk1.lut5 (4 -> 1)
  Optimizing lut $abc$174158$lut$aiger174157$10586.genblk1.genblk1.genblk1.genblk1.genblk1.genblk1.genblk1.lut6 (4 -> 1)
  Optimizing lut $abc$174158$lut$aiger174157$10586.genblk1.genblk1.genblk1.genblk1.genblk1.genblk1.genblk1.lut7 (4 -> 1)
  Optimizing lut $abc$174158$lut$aiger174157$10405.genblk1.genblk1.genblk1.genblk1.genblk1.genblk1.lut1 (4 -> 0)
  Optimizing lut $abc$174158$lut$aiger174157$10405.genblk1.genblk1.genblk1.genblk1.genblk1.genblk1.lut2 (4 -> 1)
  Optimizing lut $abc$174158$lut$aiger174157$10263.genblk1.genblk1.genblk1.genblk1.genblk1.lut1 (4 -> 0)
  Optimizing lut $abc$174158$lut$aiger174157$10249.genblk1.genblk1.genblk1.genblk1.genblk1.genblk1.lut1 (4 -> 0)
  Optimizing lut $abc$174158$lut$aiger174157$10249.genblk1.genblk1.genblk1.genblk1.genblk1.genblk1.lut3 (4 -> 0)
  Optimizing lut $abc$174158$lut$aiger174157$10256.genblk1.genblk1.genblk1.genblk1.genblk1.genblk1.genblk1.lut2 (4 -> 1)
  Optimizing lut $abc$174158$lut$aiger174157$10256.genblk1.genblk1.genblk1.genblk1.genblk1.genblk1.genblk1.lut3 (4 -> 1)
  Optimizing lut $abc$174158$lut$aiger174157$10256.genblk1.genblk1.genblk1.genblk1.genblk1.genblk1.genblk1.lut4 (4 -> 0)
  Optimizing lut $abc$174158$lut$aiger174157$10256.genblk1.genblk1.genblk1.genblk1.genblk1.genblk1.genblk1.lut5 (4 -> 0)
  Optimizing lut $abc$174158$lut$aiger174157$10256.genblk1.genblk1.genblk1.genblk1.genblk1.genblk1.genblk1.lut6 (4 -> 2)
  Optimizing lut $abc$174158$lut$aiger174157$10312.genblk1.genblk1.genblk1.genblk1.genblk1.lut1 (4 -> 0)
  Optimizing lut $abc$174158$lut$aiger174157$10360.genblk1.genblk1.genblk1.genblk1.genblk1.genblk1.lut2 (4 -> 0)
  Optimizing lut $abc$174158$lut$aiger174157$10360.genblk1.genblk1.genblk1.genblk1.genblk1.genblk1.lut3 (4 -> 0)
  Optimizing lut $abc$174158$lut$aiger174157$10379.genblk1.genblk1.genblk1.genblk1.genblk1.genblk1.genblk1.lut2 (4 -> 0)
  Optimizing lut $abc$174158$lut$aiger174157$10379.genblk1.genblk1.genblk1.genblk1.genblk1.genblk1.genblk1.lut3 (4 -> 0)
  Optimizing lut $abc$174158$lut$aiger174157$10379.genblk1.genblk1.genblk1.genblk1.genblk1.genblk1.genblk1.lut4 (4 -> 3)
  Optimizing lut $abc$174158$lut$aiger174157$10379.genblk1.genblk1.genblk1.genblk1.genblk1.genblk1.genblk1.lut6 (4 -> 0)
  Optimizing lut $abc$174158$lut$aiger174157$10379.genblk1.genblk1.genblk1.genblk1.genblk1.genblk1.genblk1.lut7 (4 -> 0)
  Optimizing lut $abc$174158$lut$aiger174157$10366.genblk1.genblk1.genblk1.genblk1.genblk1.genblk1.lut1 (4 -> 1)
  Optimizing lut $abc$174158$lut$aiger174157$10366.genblk1.genblk1.genblk1.genblk1.genblk1.genblk1.lut2 (4 -> 0)
  Optimizing lut $abc$174158$lut$aiger174157$10366.genblk1.genblk1.genblk1.genblk1.genblk1.genblk1.lut3 (4 -> 3)
  Optimizing lut $abc$174158$lut$aiger174157$10371.genblk1.genblk1.genblk1.genblk1.genblk1.genblk1.lut2 (4 -> 0)
  Optimizing lut $abc$174158$lut$aiger174157$10394.genblk1.genblk1.genblk1.genblk1.genblk1.genblk1.lut2 (4 -> 0)
  Optimizing lut $abc$174158$lut$aiger174157$10394.genblk1.genblk1.genblk1.genblk1.genblk1.genblk1.lut3 (4 -> 0)
  Optimizing lut $abc$174158$lut$aiger174157$10474.genblk1.genblk1.genblk1.genblk1.genblk1.genblk1.genblk1.lut2 (4 -> 0)
  Optimizing lut $abc$174158$lut$aiger174157$10474.genblk1.genblk1.genblk1.genblk1.genblk1.genblk1.genblk1.lut3 (4 -> 0)
  Optimizing lut $abc$174158$lut$aiger174157$10474.genblk1.genblk1.genblk1.genblk1.genblk1.genblk1.genblk1.lut4 (4 -> 0)
  Optimizing lut $abc$174158$lut$aiger174157$10474.genblk1.genblk1.genblk1.genblk1.genblk1.genblk1.genblk1.lut5 (4 -> 0)
  Optimizing lut $abc$174158$lut$aiger174157$10474.genblk1.genblk1.genblk1.genblk1.genblk1.genblk1.genblk1.lut6 (4 -> 0)
  Optimizing lut $abc$174158$lut$aiger174157$10428.genblk1.genblk1.genblk1.genblk1.genblk1.genblk1.genblk1.lut1 (4 -> 3)
  Optimizing lut $abc$174158$lut$aiger174157$10428.genblk1.genblk1.genblk1.genblk1.genblk1.genblk1.genblk1.lut2 (4 -> 3)
  Optimizing lut $abc$174158$lut$aiger174157$10428.genblk1.genblk1.genblk1.genblk1.genblk1.genblk1.genblk1.lut3 (4 -> 2)
  Optimizing lut $abc$174158$lut$aiger174157$10428.genblk1.genblk1.genblk1.genblk1.genblk1.genblk1.genblk1.lut4 (4 -> 0)
  Optimizing lut $abc$174158$lut$aiger174157$10428.genblk1.genblk1.genblk1.genblk1.genblk1.genblk1.genblk1.lut5 (4 -> 1)
  Optimizing lut $abc$174158$lut$aiger174157$10428.genblk1.genblk1.genblk1.genblk1.genblk1.genblk1.genblk1.lut6 (4 -> 1)
  Optimizing lut $abc$174158$lut$aiger174157$10428.genblk1.genblk1.genblk1.genblk1.genblk1.genblk1.genblk1.lut7 (4 -> 2)
  Optimizing lut $abc$174158$lut$aiger174157$10438.genblk1.genblk1.genblk1.genblk1.genblk1.genblk1.genblk1.lut1 (4 -> 2)
  Optimizing lut $abc$174158$lut$aiger174157$10438.genblk1.genblk1.genblk1.genblk1.genblk1.genblk1.genblk1.lut2 (4 -> 2)
  Optimizing lut $abc$174158$lut$aiger174157$10438.genblk1.genblk1.genblk1.genblk1.genblk1.genblk1.genblk1.lut3 (4 -> 0)
  Optimizing lut $abc$174158$lut$aiger174157$10438.genblk1.genblk1.genblk1.genblk1.genblk1.genblk1.genblk1.lut4 (4 -> 2)
  Optimizing lut $abc$174158$lut$aiger174157$10438.genblk1.genblk1.genblk1.genblk1.genblk1.genblk1.genblk1.lut5 (4 -> 1)
  Optimizing lut $abc$174158$lut$aiger174157$10438.genblk1.genblk1.genblk1.genblk1.genblk1.genblk1.genblk1.lut6 (4 -> 1)
  Optimizing lut $abc$174158$lut$aiger174157$10438.genblk1.genblk1.genblk1.genblk1.genblk1.genblk1.genblk1.lut7 (4 -> 0)
  Optimizing lut $abc$174158$lut$aiger174157$10465.genblk1.genblk1.genblk1.genblk1.genblk1.genblk1.genblk1.lut1 (4 -> 1)
  Optimizing lut $abc$174158$lut$aiger174157$10465.genblk1.genblk1.genblk1.genblk1.genblk1.genblk1.genblk1.lut2 (4 -> 1)
  Optimizing lut $abc$174158$lut$aiger174157$10465.genblk1.genblk1.genblk1.genblk1.genblk1.genblk1.genblk1.lut3 (4 -> 1)
  Optimizing lut $abc$174158$lut$aiger174157$10465.genblk1.genblk1.genblk1.genblk1.genblk1.genblk1.genblk1.lut4 (4 -> 1)
  Optimizing lut $abc$174158$lut$aiger174157$10465.genblk1.genblk1.genblk1.genblk1.genblk1.genblk1.genblk1.lut5 (4 -> 1)
  Optimizing lut $abc$174158$lut$aiger174157$10465.genblk1.genblk1.genblk1.genblk1.genblk1.genblk1.genblk1.lut6 (4 -> 1)
  Optimizing lut $abc$174158$lut$aiger174157$10465.genblk1.genblk1.genblk1.genblk1.genblk1.genblk1.genblk1.lut7 (4 -> 1)
  Optimizing lut $abc$174158$lut$aiger174157$10519.genblk1.genblk1.genblk1.genblk1.genblk1.genblk1.genblk1.lut1 (4 -> 0)
  Optimizing lut $abc$174158$lut$aiger174157$10519.genblk1.genblk1.genblk1.genblk1.genblk1.genblk1.genblk1.lut2 (4 -> 0)
  Optimizing lut $abc$174158$lut$aiger174157$10519.genblk1.genblk1.genblk1.genblk1.genblk1.genblk1.genblk1.lut3 (4 -> 0)
  Optimizing lut $abc$174158$lut$aiger174157$10519.genblk1.genblk1.genblk1.genblk1.genblk1.genblk1.genblk1.lut6 (4 -> 0)
  Optimizing lut $abc$174158$lut$aiger174157$10519.genblk1.genblk1.genblk1.genblk1.genblk1.genblk1.genblk1.lut7 (4 -> 0)
  Optimizing lut $abc$174158$lut$aiger174157$10492.genblk1.genblk1.genblk1.genblk1.genblk1.genblk1.genblk1.lut1 (4 -> 3)
  Optimizing lut $abc$174158$lut$aiger174157$10492.genblk1.genblk1.genblk1.genblk1.genblk1.genblk1.genblk1.lut3 (4 -> 3)
  Optimizing lut $abc$174158$lut$aiger174157$10492.genblk1.genblk1.genblk1.genblk1.genblk1.genblk1.genblk1.lut4 (4 -> 3)
  Optimizing lut $abc$174158$lut$aiger174157$10492.genblk1.genblk1.genblk1.genblk1.genblk1.genblk1.genblk1.lut5 (4 -> 3)
  Optimizing lut $abc$174158$lut$aiger174157$10492.genblk1.genblk1.genblk1.genblk1.genblk1.genblk1.genblk1.lut6 (4 -> 3)
  Optimizing lut $abc$174158$lut$aiger174157$10492.genblk1.genblk1.genblk1.genblk1.genblk1.genblk1.genblk1.lut7 (4 -> 3)
  Optimizing lut $abc$174158$lut$aiger174157$10533.genblk1.genblk1.genblk1.genblk1.genblk1.genblk1.genblk1.lut2 (4 -> 0)
  Optimizing lut $abc$174158$lut$aiger174157$10533.genblk1.genblk1.genblk1.genblk1.genblk1.genblk1.genblk1.lut3 (4 -> 0)
  Optimizing lut $abc$174158$lut$aiger174157$10533.genblk1.genblk1.genblk1.genblk1.genblk1.genblk1.genblk1.lut4 (4 -> 0)
  Optimizing lut $abc$174158$lut$aiger174157$10533.genblk1.genblk1.genblk1.genblk1.genblk1.genblk1.genblk1.lut5 (4 -> 0)
  Optimizing lut $abc$174158$lut$aiger174157$10533.genblk1.genblk1.genblk1.genblk1.genblk1.genblk1.genblk1.lut7 (4 -> 2)
  Optimizing lut $abc$174158$lut$aiger174157$10527.genblk1.genblk1.genblk1.genblk1.genblk1.genblk1.lut2 (4 -> 2)
  Optimizing lut $abc$174158$lut$aiger174157$10527.genblk1.genblk1.genblk1.genblk1.genblk1.genblk1.lut3 (4 -> 0)
  Optimizing lut $abc$174158$lut$aiger174157$10546.genblk1.genblk1.genblk1.genblk1.genblk1.genblk1.genblk1.lut2 (4 -> 3)
  Optimizing lut $abc$174158$lut$aiger174157$10546.genblk1.genblk1.genblk1.genblk1.genblk1.genblk1.genblk1.lut3 (4 -> 3)
  Optimizing lut $abc$174158$lut$aiger174157$10546.genblk1.genblk1.genblk1.genblk1.genblk1.genblk1.genblk1.lut6 (4 -> 3)
  Optimizing lut $abc$174158$lut$aiger174157$10546.genblk1.genblk1.genblk1.genblk1.genblk1.genblk1.genblk1.lut7 (4 -> 3)
  Optimizing lut $abc$174158$lut$aiger174157$10480.genblk1.genblk1.genblk1.genblk1.genblk1.genblk1.genblk1.lut2 (4 -> 2)
  Optimizing lut $abc$174158$lut$aiger174157$10480.genblk1.genblk1.genblk1.genblk1.genblk1.genblk1.genblk1.lut3 (4 -> 2)
  Optimizing lut $abc$174158$lut$aiger174157$10480.genblk1.genblk1.genblk1.genblk1.genblk1.genblk1.genblk1.lut4 (4 -> 2)
  Optimizing lut $abc$174158$lut$aiger174157$10480.genblk1.genblk1.genblk1.genblk1.genblk1.genblk1.genblk1.lut5 (4 -> 2)
  Optimizing lut $abc$174158$lut$aiger174157$10480.genblk1.genblk1.genblk1.genblk1.genblk1.genblk1.genblk1.lut6 (4 -> 2)
  Optimizing lut $abc$174158$lut$aiger174157$10480.genblk1.genblk1.genblk1.genblk1.genblk1.genblk1.genblk1.lut7 (4 -> 2)
  Optimizing lut $abc$174158$lut$aiger174157$10505.genblk1.genblk1.genblk1.genblk1.genblk1.genblk1.genblk1.lut1 (4 -> 0)
  Optimizing lut $abc$174158$lut$aiger174157$10505.genblk1.genblk1.genblk1.genblk1.genblk1.genblk1.genblk1.lut2 (4 -> 0)
  Optimizing lut $abc$174158$lut$aiger174157$10505.genblk1.genblk1.genblk1.genblk1.genblk1.genblk1.genblk1.lut3 (4 -> 0)
  Optimizing lut $abc$174158$lut$aiger174157$10505.genblk1.genblk1.genblk1.genblk1.genblk1.genblk1.genblk1.lut5 (4 -> 1)
  Optimizing lut $abc$174158$lut$aiger174157$10505.genblk1.genblk1.genblk1.genblk1.genblk1.genblk1.genblk1.lut6 (4 -> 1)
  Optimizing lut $abc$174158$lut$aiger174157$10505.genblk1.genblk1.genblk1.genblk1.genblk1.genblk1.genblk1.lut7 (4 -> 1)
  Optimizing lut $abc$174158$lut$aiger174157$10580.genblk1.genblk1.genblk1.genblk1.genblk1.genblk1.genblk1.lut2 (4 -> 3)
  Optimizing lut $abc$174158$lut$aiger174157$10580.genblk1.genblk1.genblk1.genblk1.genblk1.genblk1.genblk1.lut3 (4 -> 2)
  Optimizing lut $abc$174158$lut$aiger174157$10580.genblk1.genblk1.genblk1.genblk1.genblk1.genblk1.genblk1.lut4 (4 -> 2)
  Optimizing lut $abc$174158$lut$aiger174157$10580.genblk1.genblk1.genblk1.genblk1.genblk1.genblk1.genblk1.lut5 (4 -> 2)
  Optimizing lut $abc$174158$lut$aiger174157$10580.genblk1.genblk1.genblk1.genblk1.genblk1.genblk1.genblk1.lut6 (4 -> 2)
  Optimizing lut $abc$174158$lut$aiger174157$10580.genblk1.genblk1.genblk1.genblk1.genblk1.genblk1.genblk1.lut7 (4 -> 2)
  Optimizing lut $abc$174158$lut$aiger174157$10420.genblk1.genblk1.genblk1.genblk1.genblk1.genblk1.genblk1.lut2 (4 -> 0)
  Optimizing lut $abc$174158$lut$aiger174157$10420.genblk1.genblk1.genblk1.genblk1.genblk1.genblk1.genblk1.lut3 (4 -> 0)
  Optimizing lut $abc$174158$lut$aiger174157$10420.genblk1.genblk1.genblk1.genblk1.genblk1.genblk1.genblk1.lut4 (4 -> 0)
  Optimizing lut $abc$174158$lut$aiger174157$10420.genblk1.genblk1.genblk1.genblk1.genblk1.genblk1.genblk1.lut5 (4 -> 0)
  Optimizing lut $abc$174158$lut$aiger174157$10420.genblk1.genblk1.genblk1.genblk1.genblk1.genblk1.genblk1.lut6 (4 -> 0)
  Optimizing lut $abc$174158$lut$aiger174157$10420.genblk1.genblk1.genblk1.genblk1.genblk1.genblk1.genblk1.lut7 (4 -> 0)
  Optimizing lut $abc$174158$lut$aiger174157$10733.genblk1.genblk1.genblk1.genblk1.genblk1.genblk1.lut2 (4 -> 0)
  Optimizing lut $abc$174158$lut$aiger174157$10733.genblk1.genblk1.genblk1.genblk1.genblk1.genblk1.lut3 (4 -> 0)
  Optimizing lut $abc$174158$lut$aiger174157$10665.genblk1.genblk1.genblk1.genblk1.genblk1.genblk1.lut1 (4 -> 0)
  Optimizing lut $abc$174158$lut$aiger174157$10665.genblk1.genblk1.genblk1.genblk1.genblk1.genblk1.lut3 (4 -> 0)
  Optimizing lut $abc$174158$lut$aiger174157$10617.genblk1.genblk1.genblk1.genblk1.genblk1.genblk1.genblk1.lut1 (4 -> 0)
  Optimizing lut $abc$174158$lut$aiger174157$10617.genblk1.genblk1.genblk1.genblk1.genblk1.genblk1.genblk1.lut2 (4 -> 0)
  Optimizing lut $abc$174158$lut$aiger174157$10617.genblk1.genblk1.genblk1.genblk1.genblk1.genblk1.genblk1.lut3 (4 -> 0)
  Optimizing lut $abc$174158$lut$aiger174157$10617.genblk1.genblk1.genblk1.genblk1.genblk1.genblk1.genblk1.lut4 (4 -> 3)
  Optimizing lut $abc$174158$lut$aiger174157$10617.genblk1.genblk1.genblk1.genblk1.genblk1.genblk1.genblk1.lut5 (4 -> 3)
  Optimizing lut $abc$174158$lut$aiger174157$10617.genblk1.genblk1.genblk1.genblk1.genblk1.genblk1.genblk1.lut6 (4 -> 3)
  Optimizing lut $abc$174158$lut$aiger174157$10637.genblk1.genblk1.genblk1.genblk1.genblk1.genblk1.genblk1.lut1 (4 -> 2)
  Optimizing lut $abc$174158$lut$aiger174157$10637.genblk1.genblk1.genblk1.genblk1.genblk1.genblk1.genblk1.lut2 (4 -> 2)
  Optimizing lut $abc$174158$lut$aiger174157$10637.genblk1.genblk1.genblk1.genblk1.genblk1.genblk1.genblk1.lut3 (4 -> 2)
  Optimizing lut $abc$174158$lut$aiger174157$10637.genblk1.genblk1.genblk1.genblk1.genblk1.genblk1.genblk1.lut4 (4 -> 2)
  Optimizing lut $abc$174158$lut$aiger174157$10637.genblk1.genblk1.genblk1.genblk1.genblk1.genblk1.genblk1.lut5 (4 -> 2)
  Optimizing lut $abc$174158$lut$aiger174157$10637.genblk1.genblk1.genblk1.genblk1.genblk1.genblk1.genblk1.lut7 (4 -> 3)
  Optimizing lut $abc$174158$lut$aiger174157$10654.genblk1.genblk1.genblk1.genblk1.genblk1.genblk1.lut1 (4 -> 3)
  Optimizing lut $abc$174158$lut$aiger174157$10654.genblk1.genblk1.genblk1.genblk1.genblk1.genblk1.lut2 (4 -> 3)
  Optimizing lut $abc$174158$lut$aiger174157$10670.genblk1.genblk1.genblk1.genblk1.genblk1.genblk1.lut2 (4 -> 0)
  Optimizing lut $abc$174158$lut$aiger174157$10700.genblk1.genblk1.genblk1.genblk1.genblk1.genblk1.genblk1.lut1 (4 -> 2)
  Optimizing lut $abc$174158$lut$aiger174157$10700.genblk1.genblk1.genblk1.genblk1.genblk1.genblk1.genblk1.lut2 (4 -> 3)
  Optimizing lut $abc$174158$lut$aiger174157$10700.genblk1.genblk1.genblk1.genblk1.genblk1.genblk1.genblk1.lut3 (4 -> 2)
  Optimizing lut $abc$174158$lut$aiger174157$10700.genblk1.genblk1.genblk1.genblk1.genblk1.genblk1.genblk1.lut5 (4 -> 3)
  Optimizing lut $abc$174158$lut$aiger174157$10700.genblk1.genblk1.genblk1.genblk1.genblk1.genblk1.genblk1.lut7 (4 -> 3)
  Optimizing lut $abc$174158$lut$aiger174157$10723.genblk1.genblk1.genblk1.genblk1.genblk1.genblk1.genblk1.lut1 (4 -> 2)
  Optimizing lut $abc$174158$lut$aiger174157$10723.genblk1.genblk1.genblk1.genblk1.genblk1.genblk1.genblk1.lut2 (4 -> 2)
  Optimizing lut $abc$174158$lut$aiger174157$10723.genblk1.genblk1.genblk1.genblk1.genblk1.genblk1.genblk1.lut3 (4 -> 2)
  Optimizing lut $abc$174158$lut$aiger174157$10723.genblk1.genblk1.genblk1.genblk1.genblk1.genblk1.genblk1.lut4 (4 -> 2)
  Optimizing lut $abc$174158$lut$aiger174157$10723.genblk1.genblk1.genblk1.genblk1.genblk1.genblk1.genblk1.lut5 (4 -> 2)
  Optimizing lut $abc$174158$lut$aiger174157$10723.genblk1.genblk1.genblk1.genblk1.genblk1.genblk1.genblk1.lut7 (4 -> 3)
  Optimizing lut $abc$174158$lut$aiger174157$10728.genblk1.genblk1.genblk1.genblk1.genblk1.genblk1.lut1 (4 -> 3)
  Optimizing lut $abc$174158$lut$aiger174157$10728.genblk1.genblk1.genblk1.genblk1.genblk1.genblk1.lut2 (4 -> 3)
  Optimizing lut $abc$174158$lut$aiger174157$10752.genblk1.genblk1.genblk1.genblk1.genblk1.lut1 (4 -> 0)
  Optimizing lut $abc$174158$lut$aiger174157$10592.genblk1.genblk1.genblk1.genblk1.genblk1.genblk1.genblk1.lut2 (4 -> 0)
  Optimizing lut $abc$174158$lut$aiger174157$10592.genblk1.genblk1.genblk1.genblk1.genblk1.genblk1.genblk1.lut3 (4 -> 2)
  Optimizing lut $abc$174158$lut$aiger174157$10592.genblk1.genblk1.genblk1.genblk1.genblk1.genblk1.genblk1.lut4 (4 -> 2)
  Optimizing lut $abc$174158$lut$aiger174157$10592.genblk1.genblk1.genblk1.genblk1.genblk1.genblk1.genblk1.lut6 (4 -> 0)
  Optimizing lut $abc$174158$lut$aiger174157$10592.genblk1.genblk1.genblk1.genblk1.genblk1.genblk1.genblk1.lut7 (4 -> 2)
  Optimizing lut $auto$abc_ops_reintegrate.cc:652:reintegrate$174750.genblk1.genblk1.genblk1.genblk1.genblk1.lut1 (4 -> 0)
  Optimizing lut $auto$abc_ops_reintegrate.cc:652:reintegrate$174751.genblk1.genblk1.genblk1.genblk1.genblk1.lut1 (4 -> 0)
  Optimizing lut $auto$abc_ops_reintegrate.cc:652:reintegrate$174752.genblk1.genblk1.genblk1.genblk1.genblk1.lut1 (4 -> 0)
  Optimizing lut $auto$abc_ops_reintegrate.cc:652:reintegrate$174753.genblk1.genblk1.genblk1.genblk1.genblk1.lut1 (4 -> 0)
  Optimizing lut $auto$abc_ops_reintegrate.cc:652:reintegrate$174754.genblk1.genblk1.genblk1.genblk1.genblk1.lut1 (4 -> 0)
  Optimizing lut $abc$174158$lut$aiger174157$9876.genblk1.genblk1.genblk1.genblk1.genblk1.genblk1.lut1 (4 -> 0)
  Optimizing lut $abc$174158$lut$aiger174157$9957.genblk1.genblk1.genblk1.genblk1.genblk1.genblk1.lut2 (4 -> 2)
  Optimizing lut $abc$174158$lut$aiger174157$9917.genblk1.genblk1.genblk1.genblk1.genblk1.genblk1.lut1 (4 -> 0)
  Optimizing lut $abc$174158$lut$aiger174157$9917.genblk1.genblk1.genblk1.genblk1.genblk1.genblk1.lut2 (4 -> 0)
  Optimizing lut $abc$174158$lut$aiger174157$9521.genblk1.genblk1.genblk1.genblk1.genblk1.genblk1.lut1 (4 -> 2)
  Optimizing lut $abc$174158$lut$aiger174157$9521.genblk1.genblk1.genblk1.genblk1.genblk1.genblk1.lut2 (4 -> 0)
  Optimizing lut $abc$174158$lut$aiger174157$9521.genblk1.genblk1.genblk1.genblk1.genblk1.genblk1.lut3 (4 -> 0)
  Optimizing lut $abc$174158$lut$aiger174157$10051.genblk1.genblk1.genblk1.genblk1.genblk1.genblk1.genblk1.lut2 (4 -> 1)
  Optimizing lut $abc$174158$lut$aiger174157$10051.genblk1.genblk1.genblk1.genblk1.genblk1.genblk1.genblk1.lut3 (4 -> 1)
  Optimizing lut $abc$174158$lut$aiger174157$10051.genblk1.genblk1.genblk1.genblk1.genblk1.genblk1.genblk1.lut6 (4 -> 1)
  Optimizing lut $abc$174158$lut$aiger174157$10058.genblk1.genblk1.genblk1.genblk1.genblk1.genblk1.lut2 (4 -> 3)
  Optimizing lut $abc$174158$lut$aiger174157$10058.genblk1.genblk1.genblk1.genblk1.genblk1.genblk1.lut3 (4 -> 3)
  Optimizing lut $auto$abc_ops_reintegrate.cc:652:reintegrate$174773.genblk1.genblk1.genblk1.genblk1.genblk1.lut1 (4 -> 0)
  Optimizing lut $abc$174158$lut$aiger174157$10089.genblk1.genblk1.genblk1.genblk1.genblk1.genblk1.genblk1.lut3 (4 -> 2)
  Optimizing lut $abc$174158$lut$aiger174157$10089.genblk1.genblk1.genblk1.genblk1.genblk1.genblk1.genblk1.lut4 (4 -> 0)
  Optimizing lut $abc$174158$lut$aiger174157$10089.genblk1.genblk1.genblk1.genblk1.genblk1.genblk1.genblk1.lut5 (4 -> 0)
  Optimizing lut $abc$174158$lut$aiger174157$10089.genblk1.genblk1.genblk1.genblk1.genblk1.genblk1.genblk1.lut6 (4 -> 0)
  Optimizing lut $abc$174158$lut$aiger174157$10089.genblk1.genblk1.genblk1.genblk1.genblk1.genblk1.genblk1.lut7 (4 -> 0)
  Optimizing lut $abc$174158$lut$aiger174157$10095.genblk1.genblk1.genblk1.genblk1.genblk1.genblk1.genblk1.lut2 (4 -> 0)
  Optimizing lut $abc$174158$lut$aiger174157$10095.genblk1.genblk1.genblk1.genblk1.genblk1.genblk1.genblk1.lut4 (4 -> 0)
  Optimizing lut $abc$174158$lut$aiger174157$10095.genblk1.genblk1.genblk1.genblk1.genblk1.genblk1.genblk1.lut5 (4 -> 3)
  Optimizing lut $abc$174158$lut$aiger174157$10095.genblk1.genblk1.genblk1.genblk1.genblk1.genblk1.genblk1.lut6 (4 -> 0)
  Optimizing lut $abc$174158$lut$aiger174157$10095.genblk1.genblk1.genblk1.genblk1.genblk1.genblk1.genblk1.lut7 (4 -> 3)
  Optimizing lut $auto$abc_ops_reintegrate.cc:652:reintegrate$174774.genblk1.genblk1.genblk1.genblk1.genblk1.genblk1.lut2 (4 -> 3)
  Optimizing lut $auto$abc_ops_reintegrate.cc:652:reintegrate$174774.genblk1.genblk1.genblk1.genblk1.genblk1.genblk1.lut3 (4 -> 2)
  Optimizing lut $abc$174158$lut$aiger174157$9690.genblk1.genblk1.genblk1.genblk1.genblk1.genblk1.lut2 (4 -> 1)
  Optimizing lut $abc$174158$lut$aiger174157$9685.genblk1.genblk1.genblk1.genblk1.genblk1.genblk1.lut2 (4 -> 0)
  Optimizing lut $abc$174158$lut$aiger174157$6078.genblk1.genblk1.genblk1.genblk1.genblk1.genblk1.genblk1.lut2 (4 -> 0)
  Optimizing lut $abc$174158$lut$aiger174157$6078.genblk1.genblk1.genblk1.genblk1.genblk1.genblk1.genblk1.lut3 (4 -> 3)
  Optimizing lut $abc$174158$lut$aiger174157$6078.genblk1.genblk1.genblk1.genblk1.genblk1.genblk1.genblk1.lut6 (4 -> 3)
  Optimizing lut $abc$174158$lut$aiger174157$6068.genblk1.genblk1.genblk1.genblk1.genblk1.genblk1.genblk1.lut1 (4 -> 0)
  Optimizing lut $abc$174158$lut$aiger174157$6068.genblk1.genblk1.genblk1.genblk1.genblk1.genblk1.genblk1.lut2 (4 -> 0)
  Optimizing lut $abc$174158$lut$aiger174157$6068.genblk1.genblk1.genblk1.genblk1.genblk1.genblk1.genblk1.lut3 (4 -> 0)
  Optimizing lut $abc$174158$lut$aiger174157$6068.genblk1.genblk1.genblk1.genblk1.genblk1.genblk1.genblk1.lut4 (4 -> 3)
  Optimizing lut $abc$174158$lut$aiger174157$6068.genblk1.genblk1.genblk1.genblk1.genblk1.genblk1.genblk1.lut5 (4 -> 3)
  Optimizing lut $abc$174158$lut$aiger174157$6068.genblk1.genblk1.genblk1.genblk1.genblk1.genblk1.genblk1.lut6 (4 -> 3)
  Optimizing lut $abc$174158$lut$aiger174157$6068.genblk1.genblk1.genblk1.genblk1.genblk1.genblk1.genblk1.lut7 (4 -> 1)
  Optimizing lut $abc$174158$lut$aiger174157$5105.genblk1.genblk1.genblk1.genblk1.genblk1.genblk1.lut2 (4 -> 0)
  Optimizing lut $abc$174158$lut$aiger174157$5057.genblk1.genblk1.genblk1.genblk1.genblk1.genblk1.lut2 (4 -> 0)
  Optimizing lut $abc$174158$lut$aiger174157$5338.genblk1.genblk1.genblk1.genblk1.genblk1.genblk1.lut2 (4 -> 0)
  Optimizing lut $abc$174158$lut$aiger174157$7220.genblk1.genblk1.genblk1.genblk1.genblk1.genblk1.genblk1.lut2 (4 -> 2)
  Optimizing lut $abc$174158$lut$aiger174157$7220.genblk1.genblk1.genblk1.genblk1.genblk1.genblk1.genblk1.lut3 (4 -> 2)
  Optimizing lut $abc$174158$lut$aiger174157$7220.genblk1.genblk1.genblk1.genblk1.genblk1.genblk1.genblk1.lut4 (4 -> 2)
  Optimizing lut $abc$174158$lut$aiger174157$7220.genblk1.genblk1.genblk1.genblk1.genblk1.genblk1.genblk1.lut5 (4 -> 2)
  Optimizing lut $abc$174158$lut$aiger174157$7220.genblk1.genblk1.genblk1.genblk1.genblk1.genblk1.genblk1.lut6 (4 -> 2)
  Optimizing lut $abc$174158$lut$aiger174157$7220.genblk1.genblk1.genblk1.genblk1.genblk1.genblk1.genblk1.lut7 (4 -> 2)
  Optimizing lut $abc$174158$lut$aiger174157$5629.genblk1.genblk1.genblk1.genblk1.genblk1.genblk1.lut2 (4 -> 0)
  Optimizing lut $abc$174158$lut$aiger174157$5629.genblk1.genblk1.genblk1.genblk1.genblk1.genblk1.lut3 (4 -> 0)
  Optimizing lut $abc$174158$lut$aiger174157$5974.genblk1.genblk1.genblk1.genblk1.genblk1.lut1 (4 -> 0)
  Optimizing lut $abc$174158$lut$aiger174157$7338.genblk1.genblk1.genblk1.genblk1.genblk1.genblk1.genblk1.lut1 (4 -> 0)
  Optimizing lut $abc$174158$lut$aiger174157$7338.genblk1.genblk1.genblk1.genblk1.genblk1.genblk1.genblk1.lut2 (4 -> 3)
  Optimizing lut $abc$174158$lut$aiger174157$7338.genblk1.genblk1.genblk1.genblk1.genblk1.genblk1.genblk1.lut4 (4 -> 0)
  Optimizing lut $abc$174158$lut$aiger174157$7338.genblk1.genblk1.genblk1.genblk1.genblk1.genblk1.genblk1.lut5 (4 -> 0)
  Optimizing lut $abc$174158$lut$aiger174157$7338.genblk1.genblk1.genblk1.genblk1.genblk1.genblk1.genblk1.lut6 (4 -> 2)
  Optimizing lut $abc$174158$lut$aiger174157$7338.genblk1.genblk1.genblk1.genblk1.genblk1.genblk1.genblk1.lut7 (4 -> 3)
  Optimizing lut $abc$174158$lut$aiger174157$5533.genblk1.genblk1.genblk1.genblk1.genblk1.genblk1.lut2 (4 -> 0)
  Optimizing lut $abc$174158$lut$aiger174157$5533.genblk1.genblk1.genblk1.genblk1.genblk1.genblk1.lut3 (4 -> 0)
  Optimizing lut $abc$174158$lut$aiger174157$7319.genblk1.genblk1.genblk1.genblk1.genblk1.genblk1.genblk1.lut2 (4 -> 0)
  Optimizing lut $abc$174158$lut$aiger174157$7319.genblk1.genblk1.genblk1.genblk1.genblk1.genblk1.genblk1.lut4 (4 -> 0)
  Optimizing lut $abc$174158$lut$aiger174157$7319.genblk1.genblk1.genblk1.genblk1.genblk1.genblk1.genblk1.lut5 (4 -> 2)
  Optimizing lut $abc$174158$lut$aiger174157$7319.genblk1.genblk1.genblk1.genblk1.genblk1.genblk1.genblk1.lut6 (4 -> 0)
  Optimizing lut $abc$174158$lut$aiger174157$7319.genblk1.genblk1.genblk1.genblk1.genblk1.genblk1.genblk1.lut7 (4 -> 3)
  Optimizing lut $abc$174158$lut$aiger174157$5769.genblk1.genblk1.genblk1.genblk1.genblk1.genblk1.lut1 (4 -> 0)
  Optimizing lut $abc$174158$lut$aiger174157$5769.genblk1.genblk1.genblk1.genblk1.genblk1.genblk1.lut3 (4 -> 0)
  Optimizing lut $abc$174158$lut$aiger174157$5231.genblk1.genblk1.genblk1.genblk1.genblk1.lut1 (4 -> 3)
  Optimizing lut $abc$174158$lut$aiger174157$6394.genblk1.genblk1.genblk1.genblk1.genblk1.genblk1.lut2 (4 -> 3)
  Optimizing lut $abc$174158$lut$aiger174157$5415.genblk1.genblk1.genblk1.genblk1.genblk1.genblk1.lut2 (4 -> 0)
  Optimizing lut $abc$174158$lut$aiger174157$5968.genblk1.genblk1.genblk1.genblk1.genblk1.lut1 (4 -> 0)
  Optimizing lut $auto$abc_ops_reintegrate.cc:652:reintegrate$174841.genblk1.genblk1.genblk1.genblk1.genblk1.genblk1.genblk1.lut2 (4 -> 1)
  Optimizing lut $auto$abc_ops_reintegrate.cc:652:reintegrate$174841.genblk1.genblk1.genblk1.genblk1.genblk1.genblk1.genblk1.lut3 (4 -> 3)
  Optimizing lut $auto$abc_ops_reintegrate.cc:652:reintegrate$174841.genblk1.genblk1.genblk1.genblk1.genblk1.genblk1.genblk1.lut4 (4 -> 1)
  Optimizing lut $auto$abc_ops_reintegrate.cc:652:reintegrate$174841.genblk1.genblk1.genblk1.genblk1.genblk1.genblk1.genblk1.lut5 (4 -> 3)
  Optimizing lut $auto$abc_ops_reintegrate.cc:652:reintegrate$174841.genblk1.genblk1.genblk1.genblk1.genblk1.genblk1.genblk1.lut6 (4 -> 0)
  Optimizing lut $auto$abc_ops_reintegrate.cc:652:reintegrate$174841.genblk1.genblk1.genblk1.genblk1.genblk1.genblk1.genblk1.lut7 (4 -> 2)
  Optimizing lut $abc$174158$lut$aiger174157$5227.genblk1.genblk1.genblk1.genblk1.genblk1.genblk1.lut1 (4 -> 0)
  Optimizing lut $abc$174158$lut$aiger174157$5227.genblk1.genblk1.genblk1.genblk1.genblk1.genblk1.lut2 (4 -> 0)
  Optimizing lut $abc$174158$lut$aiger174157$5227.genblk1.genblk1.genblk1.genblk1.genblk1.genblk1.lut3 (4 -> 0)
  Optimizing lut $abc$174158$lut$aiger174157$5202.genblk1.genblk1.genblk1.genblk1.genblk1.genblk1.genblk1.lut2 (4 -> 0)
  Optimizing lut $abc$174158$lut$aiger174157$5202.genblk1.genblk1.genblk1.genblk1.genblk1.genblk1.genblk1.lut3 (4 -> 0)
  Optimizing lut $abc$174158$lut$aiger174157$5202.genblk1.genblk1.genblk1.genblk1.genblk1.genblk1.genblk1.lut4 (4 -> 3)
  Optimizing lut $abc$174158$lut$aiger174157$5202.genblk1.genblk1.genblk1.genblk1.genblk1.genblk1.genblk1.lut5 (4 -> 3)
  Optimizing lut $abc$174158$lut$aiger174157$5202.genblk1.genblk1.genblk1.genblk1.genblk1.genblk1.genblk1.lut6 (4 -> 3)
  Optimizing lut $abc$174158$lut$aiger174157$5202.genblk1.genblk1.genblk1.genblk1.genblk1.genblk1.genblk1.lut7 (4 -> 1)
  Optimizing lut $abc$174158$lut$aiger174157$5315.genblk1.genblk1.genblk1.genblk1.genblk1.genblk1.lut1 (4 -> 3)
  Optimizing lut $abc$174158$lut$aiger174157$5315.genblk1.genblk1.genblk1.genblk1.genblk1.genblk1.lut2 (4 -> 1)
  Optimizing lut $abc$174158$lut$aiger174157$5303.genblk1.genblk1.genblk1.genblk1.genblk1.genblk1.lut1 (4 -> 3)
  Optimizing lut $abc$174158$lut$aiger174157$5303.genblk1.genblk1.genblk1.genblk1.genblk1.genblk1.lut2 (4 -> 3)
  Optimizing lut $abc$174158$lut$aiger174157$5303.genblk1.genblk1.genblk1.genblk1.genblk1.genblk1.lut3 (4 -> 3)
  Optimizing lut $abc$174158$lut$aiger174157$5393.genblk1.genblk1.genblk1.genblk1.genblk1.genblk1.genblk1.lut2 (4 -> 0)
  Optimizing lut $abc$174158$lut$aiger174157$5393.genblk1.genblk1.genblk1.genblk1.genblk1.genblk1.genblk1.lut3 (4 -> 0)
  Optimizing lut $abc$174158$lut$aiger174157$5393.genblk1.genblk1.genblk1.genblk1.genblk1.genblk1.genblk1.lut4 (4 -> 3)
  Optimizing lut $abc$174158$lut$aiger174157$5393.genblk1.genblk1.genblk1.genblk1.genblk1.genblk1.genblk1.lut5 (4 -> 3)
  Optimizing lut $abc$174158$lut$aiger174157$5393.genblk1.genblk1.genblk1.genblk1.genblk1.genblk1.genblk1.lut6 (4 -> 3)
  Optimizing lut $abc$174158$lut$aiger174157$5393.genblk1.genblk1.genblk1.genblk1.genblk1.genblk1.genblk1.lut7 (4 -> 1)
  Optimizing lut $abc$174158$lut$aiger174157$5443.genblk1.genblk1.genblk1.genblk1.genblk1.genblk1.genblk1.lut2 (4 -> 0)
  Optimizing lut $abc$174158$lut$aiger174157$5443.genblk1.genblk1.genblk1.genblk1.genblk1.genblk1.genblk1.lut3 (4 -> 0)
  Optimizing lut $abc$174158$lut$aiger174157$5443.genblk1.genblk1.genblk1.genblk1.genblk1.genblk1.genblk1.lut4 (4 -> 3)
  Optimizing lut $abc$174158$lut$aiger174157$5443.genblk1.genblk1.genblk1.genblk1.genblk1.genblk1.genblk1.lut5 (4 -> 3)
  Optimizing lut $abc$174158$lut$aiger174157$5443.genblk1.genblk1.genblk1.genblk1.genblk1.genblk1.genblk1.lut6 (4 -> 3)
  Optimizing lut $abc$174158$lut$aiger174157$5443.genblk1.genblk1.genblk1.genblk1.genblk1.genblk1.genblk1.lut7 (4 -> 1)
  Optimizing lut $abc$174158$lut$aiger174157$6325.genblk1.genblk1.genblk1.genblk1.genblk1.lut1 (4 -> 0)
  Optimizing lut $abc$174158$lut$aiger174157$5281.genblk1.genblk1.genblk1.genblk1.genblk1.genblk1.lut2 (4 -> 3)
  Optimizing lut $abc$174158$lut$aiger174157$5281.genblk1.genblk1.genblk1.genblk1.genblk1.genblk1.lut3 (4 -> 3)
  Optimizing lut $abc$174158$lut$aiger174157$5404.genblk1.genblk1.genblk1.genblk1.genblk1.genblk1.lut1 (4 -> 0)
  Optimizing lut $abc$174158$lut$aiger174157$5404.genblk1.genblk1.genblk1.genblk1.genblk1.genblk1.lut3 (4 -> 0)
  Optimizing lut $abc$174158$lut$aiger174157$5212.genblk1.genblk1.genblk1.genblk1.genblk1.genblk1.genblk1.lut2 (4 -> 0)
  Optimizing lut $abc$174158$lut$aiger174157$5212.genblk1.genblk1.genblk1.genblk1.genblk1.genblk1.genblk1.lut3 (4 -> 0)
  Optimizing lut $abc$174158$lut$aiger174157$5212.genblk1.genblk1.genblk1.genblk1.genblk1.genblk1.genblk1.lut4 (4 -> 3)
  Optimizing lut $abc$174158$lut$aiger174157$5212.genblk1.genblk1.genblk1.genblk1.genblk1.genblk1.genblk1.lut5 (4 -> 3)
  Optimizing lut $abc$174158$lut$aiger174157$5212.genblk1.genblk1.genblk1.genblk1.genblk1.genblk1.genblk1.lut6 (4 -> 3)
  Optimizing lut $abc$174158$lut$aiger174157$5212.genblk1.genblk1.genblk1.genblk1.genblk1.genblk1.genblk1.lut7 (4 -> 1)
  Optimizing lut $abc$174158$lut$aiger174157$5222.genblk1.genblk1.genblk1.genblk1.genblk1.genblk1.genblk1.lut1 (4 -> 0)
  Optimizing lut $abc$174158$lut$aiger174157$5222.genblk1.genblk1.genblk1.genblk1.genblk1.genblk1.genblk1.lut2 (4 -> 0)
  Optimizing lut $abc$174158$lut$aiger174157$5222.genblk1.genblk1.genblk1.genblk1.genblk1.genblk1.genblk1.lut3 (4 -> 0)
  Optimizing lut $abc$174158$lut$aiger174157$5222.genblk1.genblk1.genblk1.genblk1.genblk1.genblk1.genblk1.lut4 (4 -> 3)
  Optimizing lut $abc$174158$lut$aiger174157$5222.genblk1.genblk1.genblk1.genblk1.genblk1.genblk1.genblk1.lut5 (4 -> 3)
  Optimizing lut $abc$174158$lut$aiger174157$5222.genblk1.genblk1.genblk1.genblk1.genblk1.genblk1.genblk1.lut6 (4 -> 3)
  Optimizing lut $abc$174158$lut$aiger174157$5222.genblk1.genblk1.genblk1.genblk1.genblk1.genblk1.genblk1.lut7 (4 -> 1)
  Optimizing lut $abc$174158$lut$aiger174157$5246.genblk1.genblk1.genblk1.genblk1.genblk1.genblk1.genblk1.lut2 (4 -> 0)
  Optimizing lut $abc$174158$lut$aiger174157$5246.genblk1.genblk1.genblk1.genblk1.genblk1.genblk1.genblk1.lut3 (4 -> 0)
  Optimizing lut $abc$174158$lut$aiger174157$5246.genblk1.genblk1.genblk1.genblk1.genblk1.genblk1.genblk1.lut4 (4 -> 3)
  Optimizing lut $abc$174158$lut$aiger174157$5246.genblk1.genblk1.genblk1.genblk1.genblk1.genblk1.genblk1.lut5 (4 -> 3)
  Optimizing lut $abc$174158$lut$aiger174157$5246.genblk1.genblk1.genblk1.genblk1.genblk1.genblk1.genblk1.lut6 (4 -> 3)
  Optimizing lut $abc$174158$lut$aiger174157$5246.genblk1.genblk1.genblk1.genblk1.genblk1.genblk1.genblk1.lut7 (4 -> 1)
  Optimizing lut $abc$174158$lut$aiger174157$5033.genblk1.genblk1.genblk1.genblk1.genblk1.genblk1.genblk1.lut4 (4 -> 0)
  Optimizing lut $abc$174158$lut$aiger174157$5033.genblk1.genblk1.genblk1.genblk1.genblk1.genblk1.genblk1.lut5 (4 -> 0)
  Optimizing lut $abc$174158$lut$aiger174157$8262.genblk1.genblk1.genblk1.genblk1.genblk1.lut1 (4 -> 2)
  Optimizing lut $abc$174158$lut$aiger174157$8225.genblk1.genblk1.genblk1.genblk1.genblk1.lut1 (4 -> 2)
  Optimizing lut $abc$174158$lut$aiger174157$8542.genblk1.genblk1.genblk1.genblk1.genblk1.lut1 (4 -> 2)
  Optimizing lut $abc$174158$lut$aiger174157$8253.genblk1.genblk1.genblk1.genblk1.genblk1.lut1 (4 -> 2)
  Optimizing lut $auto$abc_ops_reintegrate.cc:652:reintegrate$174166.genblk1.genblk1.genblk1.genblk1.genblk1.lut1 (4 -> 0)
  Optimizing lut $abc$174158$lut$aiger174157$8030.genblk1.genblk1.genblk1.genblk1.genblk1.lut1 (4 -> 2)
  Optimizing lut $abc$174158$lut$aiger174157$8147.genblk1.genblk1.genblk1.genblk1.genblk1.lut1 (4 -> 2)
  Optimizing lut $abc$174158$lut$aiger174157$7998.genblk1.genblk1.genblk1.genblk1.genblk1.lut1 (4 -> 2)
  Optimizing lut $abc$174158$lut$aiger174157$8008.genblk1.genblk1.genblk1.genblk1.genblk1.lut1 (4 -> 2)
  Optimizing lut $abc$174158$lut$aiger174157$8021.genblk1.genblk1.genblk1.genblk1.genblk1.lut1 (4 -> 2)
  Optimizing lut $abc$174158$lut$aiger174157$8188.genblk1.genblk1.genblk1.genblk1.genblk1.lut1 (4 -> 2)
  Optimizing lut $abc$174158$lut$aiger174157$8216.genblk1.genblk1.genblk1.genblk1.genblk1.lut1 (4 -> 2)
  Optimizing lut $abc$174158$lut$aiger174157$8142.genblk1.genblk1.genblk1.genblk1.genblk1.lut1 (4 -> 2)
  Optimizing lut $abc$174158$lut$aiger174157$8114.genblk1.genblk1.genblk1.genblk1.genblk1.lut1 (4 -> 2)
  Optimizing lut $abc$174158$lut$aiger174157$8105.genblk1.genblk1.genblk1.genblk1.genblk1.lut1 (4 -> 2)
  Optimizing lut $abc$174158$lut$aiger174157$7718.genblk1.genblk1.genblk1.genblk1.genblk1.lut1 (4 -> 2)
  Optimizing lut $abc$174158$lut$aiger174157$7722.genblk1.genblk1.genblk1.genblk1.genblk1.lut1 (4 -> 2)
  Optimizing lut $abc$174158$lut$aiger174157$7868.genblk1.genblk1.genblk1.genblk1.genblk1.lut1 (4 -> 2)
  Optimizing lut $abc$174158$lut$aiger174157$7872.genblk1.genblk1.genblk1.genblk1.genblk1.lut1 (4 -> 2)
  Optimizing lut $abc$174158$lut$aiger174157$7883.genblk1.genblk1.genblk1.genblk1.genblk1.lut1 (4 -> 2)
  Optimizing lut $abc$174158$lut$aiger174157$7887.genblk1.genblk1.genblk1.genblk1.genblk1.lut1 (4 -> 2)
  Optimizing lut $abc$174158$lut$aiger174157$7891.genblk1.genblk1.genblk1.genblk1.genblk1.lut1 (4 -> 2)
  Optimizing lut $abc$174158$lut$aiger174157$7902.genblk1.genblk1.genblk1.genblk1.genblk1.lut1 (4 -> 2)
  Optimizing lut $abc$174158$lut$aiger174157$7929.genblk1.genblk1.genblk1.genblk1.genblk1.lut1 (4 -> 2)
  Optimizing lut $abc$174158$lut$aiger174157$7940.genblk1.genblk1.genblk1.genblk1.genblk1.lut1 (4 -> 2)
  Optimizing lut $abc$174158$lut$aiger174157$7944.genblk1.genblk1.genblk1.genblk1.genblk1.lut1 (4 -> 2)
  Optimizing lut $abc$174158$lut$aiger174157$7948.genblk1.genblk1.genblk1.genblk1.genblk1.lut1 (4 -> 2)
  Optimizing lut $abc$174158$lut$aiger174157$7972.genblk1.genblk1.genblk1.genblk1.genblk1.lut1 (4 -> 2)
  Optimizing lut $auto$abc_ops_reintegrate.cc:652:reintegrate$174876.genblk1.genblk1.genblk1.genblk1.genblk1.lut0 (4 -> 1)
  Optimizing lut $abc$174158$lut$aiger174157$14073.genblk1.genblk1.genblk1.genblk1.genblk1.genblk1.lut0 (4 -> 0)
  Optimizing lut $abc$174158$lut$aiger174157$11382.genblk1.genblk1.genblk1.genblk1.genblk1.genblk1.genblk1.lut0 (4 -> 0)
  Optimizing lut $abc$174158$lut$aiger174157$16349.genblk1.genblk1.genblk1.genblk1.genblk1.lut0 (4 -> 3)
  Optimizing lut $abc$174158$lut$aiger174157$5527.genblk1.genblk1.genblk1.genblk1.genblk1.lut1 (4 -> 0)
  Optimizing lut $abc$174158$lut$aiger$o7683.genblk1.genblk1.genblk1.genblk1.genblk1.genblk1.genblk1.lut1 (4 -> 2)
  Optimizing lut $abc$174158$lut$aiger$o7629.genblk1.genblk1.genblk1.genblk1.genblk1.genblk1.genblk1.lut0 (4 -> 2)
  Optimizing lut $abc$174158$lut$aiger$o7394.genblk1.genblk1.genblk1.genblk1.genblk1.lut0 (4 -> 0)
  Optimizing lut $abc$174158$lut$aiger174157$11402.genblk1.genblk1.genblk1.genblk1.genblk1.genblk1.genblk1.lut0 (4 -> 0)
  Optimizing lut $abc$174158$lut$aiger174157$25679.genblk1.genblk1.genblk1.genblk1.genblk1.lut0 (4 -> 0)
  Optimizing lut $abc$174158$lut$aiger$o7780.genblk1.genblk1.genblk1.genblk1.genblk1.genblk1.genblk1.lut1 (4 -> 2)
  Optimizing lut $abc$174158$lut$aiger$o7683.genblk1.genblk1.genblk1.genblk1.genblk1.genblk1.genblk1.lut0 (4 -> 2)
  Optimizing lut $abc$174158$lut$aiger174157$5546.genblk1.genblk1.genblk1.genblk1.genblk1.lut0 (4 -> 0)
  Optimizing lut $abc$174158$lut$aiger174157$14906.genblk1.genblk1.genblk1.genblk1.genblk1.lut0 (4 -> 0)
  Optimizing lut $abc$174158$lut$aiger174157$5560.genblk1.genblk1.genblk1.genblk1.genblk1.lut0 (4 -> 0)
  Optimizing lut $abc$174158$lut$aiger174157$5564.genblk1.genblk1.genblk1.genblk1.genblk1.lut0 (4 -> 0)
  Optimizing lut $abc$174158$lut$aiger174157$5578.genblk1.genblk1.genblk1.genblk1.genblk1.lut1 (4 -> 0)
  Optimizing lut $abc$174158$lut$aiger$o7396.genblk1.genblk1.genblk1.genblk1.genblk1.lut0 (4 -> 0)
  Optimizing lut $abc$174158$lut$aiger$o7741.genblk1.genblk1.genblk1.genblk1.genblk1.lut0 (4 -> 0)
  Optimizing lut $abc$174158$lut$aiger174157$5569.genblk1.genblk1.genblk1.genblk1.genblk1.lut0 (4 -> 2)
  Optimizing lut $abc$174158$lut$aiger174157$16349.genblk1.genblk1.genblk1.genblk1.genblk1.lut1 (4 -> 1)
  Optimizing lut $abc$174158$lut$aiger174157$5574.genblk1.genblk1.genblk1.genblk1.genblk1.genblk1.lut0 (4 -> 0)
  Optimizing lut $abc$174158$lut$aiger$o7397.genblk1.genblk1.genblk1.genblk1.genblk1.genblk1.lut1 (4 -> 0)
  Optimizing lut $abc$174158$lut$aiger174157$17545.genblk1.genblk1.genblk1.genblk1.genblk1.lut1 (4 -> 3)
  Optimizing lut $abc$174158$lut$aiger$o7397.genblk1.genblk1.genblk1.genblk1.genblk1.genblk1.lut0 (4 -> 0)
  Optimizing lut $abc$174158$lut$aiger174157$20760.genblk1.genblk1.genblk1.genblk1.genblk1.lut0 (4 -> 3)
  Optimizing lut $abc$174158$lut$aiger$o7398.genblk1.genblk1.genblk1.genblk1.genblk1.lut0 (4 -> 0)
  Optimizing lut $abc$174158$lut$aiger174157$25629.genblk1.genblk1.genblk1.genblk1.genblk1.lut0 (4 -> 0)
  Optimizing lut $abc$174158$lut$aiger174157$11426.genblk1.genblk1.genblk1.genblk1.genblk1.genblk1.genblk1.lut0 (4 -> 0)
  Optimizing lut $abc$174158$lut$aiger174157$25618.genblk1.genblk1.genblk1.genblk1.genblk1.lut0 (4 -> 0)
  Optimizing lut $abc$174158$lut$aiger174157$11440.genblk1.genblk1.genblk1.genblk1.genblk1.genblk1.lut1 (4 -> 3)
  Optimizing lut $abc$174158$lut$aiger174157$17067.genblk1.genblk1.genblk1.genblk1.genblk1.lut0 (4 -> 0)
  Optimizing lut $abc$174158$lut$aiger174157$5606.genblk1.genblk1.genblk1.genblk1.genblk1.lut0 (4 -> 0)
  Optimizing lut $abc$174158$lut$aiger174157$5674.genblk1.genblk1.genblk1.genblk1.genblk1.genblk1.lut1 (4 -> 0)
  Optimizing lut $abc$174158$lut$aiger174157$5618.genblk1.genblk1.genblk1.genblk1.genblk1.genblk1.lut0 (4 -> 0)
  Optimizing lut $abc$174158$lut$aiger174157$5623.genblk1.genblk1.genblk1.genblk1.genblk1.genblk1.lut0 (4 -> 0)
  Optimizing lut $abc$174158$lut$aiger174157$17991.genblk1.genblk1.genblk1.genblk1.genblk1.lut1 (4 -> 0)
  Optimizing lut $auto$abc_ops_reintegrate.cc:652:reintegrate$174669.genblk1.genblk1.genblk1.genblk1.genblk1.lut1 (4 -> 1)
  Optimizing lut $abc$174158$lut$aiger174157$5643.genblk1.genblk1.genblk1.genblk1.genblk1.genblk1.lut0 (4 -> 0)
  Optimizing lut $abc$174158$lut$aiger174157$20733.genblk1.genblk1.genblk1.genblk1.genblk1.lut1 (4 -> 3)
  Optimizing lut $abc$174158$lut$aiger$o7177.genblk1.genblk1.genblk1.genblk1.genblk1.genblk1.genblk1.lut0 (4 -> 0)
  Optimizing lut $abc$174158$lut$aiger$o7178.genblk1.genblk1.genblk1.genblk1.genblk1.genblk1.genblk1.lut1 (4 -> 0)
  Optimizing lut $abc$174158$lut$aiger174157$5651.genblk1.genblk1.genblk1.genblk1.genblk1.lut0 (4 -> 0)
  Optimizing lut $abc$174158$lut$aiger$o7178.genblk1.genblk1.genblk1.genblk1.genblk1.genblk1.genblk1.lut0 (4 -> 0)
  Optimizing lut $abc$174158$lut$aiger174157$5684.genblk1.genblk1.genblk1.genblk1.genblk1.lut1 (4 -> 0)
  Optimizing lut $abc$174158$lut$aiger174157$6394.genblk1.genblk1.genblk1.genblk1.genblk1.genblk1.lut1 (4 -> 1)
  Optimizing lut $abc$174158$lut$aiger174157$5668.genblk1.genblk1.genblk1.genblk1.genblk1.genblk1.lut1 (4 -> 0)
  Optimizing lut $abc$174158$lut$aiger174157$22682.genblk1.genblk1.genblk1.genblk1.genblk1.lut0 (4 -> 0)
  Optimizing lut $abc$174158$lut$aiger174157$5668.genblk1.genblk1.genblk1.genblk1.genblk1.genblk1.lut0 (4 -> 0)
  Optimizing lut $abc$174158$lut$aiger174157$5674.genblk1.genblk1.genblk1.genblk1.genblk1.genblk1.lut0 (4 -> 0)
  Optimizing lut $abc$174158$lut$aiger174157$5680.genblk1.genblk1.genblk1.genblk1.genblk1.genblk1.genblk1.lut0 (4 -> 0)
  Optimizing lut $abc$174158$lut$aiger174157$5690.genblk1.genblk1.genblk1.genblk1.genblk1.genblk1.genblk1.lut0 (4 -> 0)
  Optimizing lut $abc$174158$lut$aiger174157$5698.genblk1.genblk1.genblk1.genblk1.genblk1.genblk1.lut0 (4 -> 0)
  Optimizing lut $abc$174158$lut$aiger174157$22671.genblk1.genblk1.genblk1.genblk1.genblk1.lut1 (4 -> 0)
  Optimizing lut $abc$174158$lut$aiger174157$5714.genblk1.genblk1.genblk1.genblk1.genblk1.lut0 (4 -> 2)
  Optimizing lut $abc$174158$lut$aiger174157$11480.genblk1.genblk1.genblk1.genblk1.genblk1.lut0 (4 -> 0)
  Optimizing lut $abc$174158$lut$aiger174157$5723.genblk1.genblk1.genblk1.genblk1.genblk1.genblk1.lut0 (4 -> 2)
  Optimizing lut $abc$174158$lut$aiger174157$7319.genblk1.genblk1.genblk1.genblk1.genblk1.genblk1.genblk1.lut1 (4 -> 3)
  Optimizing lut $abc$174158$lut$aiger174157$5749.genblk1.genblk1.genblk1.genblk1.genblk1.genblk1.lut0 (4 -> 0)
  Optimizing lut $abc$174158$lut$aiger174157$17558.genblk1.genblk1.genblk1.genblk1.genblk1.lut1 (4 -> 3)
  Optimizing lut $abc$174158$lut$aiger174157$11511.genblk1.genblk1.genblk1.genblk1.genblk1.lut0 (4 -> 0)
  Optimizing lut $abc$174158$lut$aiger$o8755.genblk1.genblk1.genblk1.genblk1.genblk1.lut1 (4 -> 0)
  Optimizing lut $abc$174158$lut$aiger174157$5769.genblk1.genblk1.genblk1.genblk1.genblk1.genblk1.lut0 (4 -> 0)
  Optimizing lut $abc$174158$lut$aiger174157$18499.genblk1.genblk1.genblk1.genblk1.genblk1.lut1 (4 -> 3)
  Optimizing lut $abc$174158$lut$aiger174157$13245.genblk1.genblk1.genblk1.genblk1.genblk1.lut1 (4 -> 0)
  Optimizing lut $abc$174158$lut$aiger$o8748.genblk1.genblk1.genblk1.genblk1.genblk1.lut1 (4 -> 0)
  Optimizing lut $abc$174158$lut$aiger174157$5805.genblk1.genblk1.genblk1.genblk1.genblk1.genblk1.genblk1.lut0 (4 -> 2)
  Optimizing lut $abc$174158$lut$aiger174157$5810.genblk1.genblk1.genblk1.genblk1.genblk1.genblk1.lut0 (4 -> 2)
  Optimizing lut $abc$174158$lut$aiger174157$11538.genblk1.genblk1.genblk1.genblk1.genblk1.lut0 (4 -> 0)
  Optimizing lut $abc$174158$lut$aiger174157$14104.genblk1.genblk1.genblk1.genblk1.genblk1.lut1 (4 -> 2)
  Optimizing lut $abc$174158$lut$aiger$o7721.genblk1.genblk1.genblk1.genblk1.genblk1.genblk1.genblk1.lut1 (4 -> 0)
  Optimizing lut $abc$174158$lut$aiger174157$9154.genblk1.genblk1.genblk1.genblk1.genblk1.lut0 (4 -> 0)
  Optimizing lut $abc$174158$lut$aiger174157$5838.genblk1.genblk1.genblk1.genblk1.genblk1.genblk1.genblk1.lut0 (4 -> 0)
  Optimizing lut $abc$174158$lut$aiger174157$14957.genblk1.genblk1.genblk1.genblk1.genblk1.lut0 (4 -> 0)
  Optimizing lut $abc$174158$lut$aiger174157$9161.genblk1.genblk1.genblk1.genblk1.genblk1.lut0 (4 -> 0)
  Optimizing lut $abc$174158$lut$aiger174157$5852.genblk1.genblk1.genblk1.genblk1.genblk1.genblk1.genblk1.lut0 (4 -> 1)
  Optimizing lut $abc$174158$lut$aiger174157$8258.genblk1.genblk1.genblk1.genblk1.genblk1.lut1 (4 -> 2)
  Optimizing lut $abc$174158$lut$aiger$o7622.genblk1.genblk1.genblk1.genblk1.genblk1.lut1 (4 -> 3)
  Optimizing lut $abc$174158$lut$aiger174157$9168.genblk1.genblk1.genblk1.genblk1.genblk1.lut0 (4 -> 0)
  Optimizing lut $abc$174158$lut$aiger$o7622.genblk1.genblk1.genblk1.genblk1.genblk1.lut0 (4 -> 3)
  Optimizing lut $abc$174158$lut$aiger174157$8221.genblk1.genblk1.genblk1.genblk1.genblk1.lut1 (4 -> 2)
  Optimizing lut $abc$174158$lut$aiger174157$8212.genblk1.genblk1.genblk1.genblk1.genblk1.lut1 (4 -> 2)
  Optimizing lut $abc$174158$lut$aiger174157$9175.genblk1.genblk1.genblk1.genblk1.genblk1.lut0 (4 -> 0)
  Optimizing lut $abc$174158$lut$aiger174157$16179.genblk1.genblk1.genblk1.genblk1.genblk1.lut1 (4 -> 3)
  Optimizing lut $abc$174158$lut$aiger174157$8184.genblk1.genblk1.genblk1.genblk1.genblk1.lut1 (4 -> 2)
  Optimizing lut $abc$174158$lut$aiger174157$5865.genblk1.genblk1.genblk1.genblk1.genblk1.genblk1.lut0 (4 -> 3)
  Optimizing lut $abc$174158$lut$aiger174157$17909.genblk1.genblk1.genblk1.genblk1.genblk1.lut1 (4 -> 3)
  Optimizing lut $auto$abc_ops_reintegrate.cc:652:reintegrate$174167.genblk1.genblk1.genblk1.genblk1.genblk1.lut0 (4 -> 0)
  Optimizing lut $abc$174158$lut$aiger174157$8138.genblk1.genblk1.genblk1.genblk1.genblk1.lut1 (4 -> 2)
  Optimizing lut $abc$174158$lut$aiger174157$8110.genblk1.genblk1.genblk1.genblk1.genblk1.lut1 (4 -> 2)
  Optimizing lut $abc$174158$lut$aiger174157$5885.genblk1.genblk1.genblk1.genblk1.genblk1.genblk1.genblk1.lut0 (4 -> 2)
  Optimizing lut $abc$174158$lut$aiger174157$8101.genblk1.genblk1.genblk1.genblk1.genblk1.lut1 (4 -> 2)
  Optimizing lut $abc$174158$lut$aiger174157$8249.genblk1.genblk1.genblk1.genblk1.genblk1.lut1 (4 -> 2)
  Optimizing lut $abc$174158$lut$aiger174157$14965.genblk1.genblk1.genblk1.genblk1.genblk1.lut1 (4 -> 3)
  Optimizing lut $abc$174158$lut$aiger174157$14158.genblk1.genblk1.genblk1.genblk1.genblk1.lut0 (4 -> 3)
  Optimizing lut $abc$174158$lut$aiger174157$8026.genblk1.genblk1.genblk1.genblk1.genblk1.lut1 (4 -> 2)
  Optimizing lut $abc$174158$lut$aiger174157$11592.genblk1.genblk1.genblk1.genblk1.genblk1.lut0 (4 -> 0)
  Optimizing lut $abc$174158$lut$aiger174157$5941.genblk1.genblk1.genblk1.genblk1.genblk1.genblk1.genblk1.lut1 (4 -> 0)
  Optimizing lut $abc$174158$lut$aiger174157$14158.genblk1.genblk1.genblk1.genblk1.genblk1.lut1 (4 -> 3)
  Optimizing lut $abc$174158$lut$aiger174157$7977.genblk1.genblk1.genblk1.genblk1.genblk1.lut1 (4 -> 2)
  Optimizing lut $abc$174158$lut$aiger174157$7968.genblk1.genblk1.genblk1.genblk1.genblk1.lut1 (4 -> 2)
  Optimizing lut $abc$174158$lut$aiger174157$5918.genblk1.genblk1.genblk1.genblk1.genblk1.lut0 (4 -> 2)
  Optimizing lut $abc$174158$lut$aiger174157$22530.genblk1.genblk1.genblk1.genblk1.genblk1.lut0 (4 -> 0)
  Optimizing lut $abc$174158$lut$aiger$o7796.genblk1.genblk1.genblk1.genblk1.genblk1.lut0 (4 -> 0)
  Optimizing lut $abc$174158$lut$aiger174157$7959.genblk1.genblk1.genblk1.genblk1.genblk1.lut1 (4 -> 2)
  Optimizing lut $abc$174158$lut$aiger174157$5941.genblk1.genblk1.genblk1.genblk1.genblk1.genblk1.genblk1.lut0 (4 -> 0)
  Optimizing lut $auto$abc_ops_reintegrate.cc:652:reintegrate$174181.genblk1.genblk1.genblk1.genblk1.genblk1.lut0 (4 -> 1)
  Optimizing lut $abc$174158$lut$aiger174157$5948.genblk1.genblk1.genblk1.genblk1.genblk1.lut0 (4 -> 0)
  Optimizing lut $abc$174158$lut$aiger174157$5957.genblk1.genblk1.genblk1.genblk1.genblk1.lut0 (4 -> 0)
  Optimizing lut $abc$174158$lut$aiger174157$5963.genblk1.genblk1.genblk1.genblk1.genblk1.genblk1.lut0 (4 -> 0)
  Optimizing lut $abc$174158$lut$aiger174157$6606.genblk1.genblk1.genblk1.genblk1.genblk1.genblk1.lut1 (4 -> 0)
  Optimizing lut $abc$174158$lut$aiger174157$14175.genblk1.genblk1.genblk1.genblk1.genblk1.lut0 (4 -> 3)
  Optimizing lut $abc$174158$lut$aiger174157$5993.genblk1.genblk1.genblk1.genblk1.genblk1.lut0 (4 -> 0)
  Optimizing lut $abc$174158$lut$aiger174157$6004.genblk1.genblk1.genblk1.genblk1.genblk1.genblk1.lut0 (4 -> 0)
  Optimizing lut $abc$174158$lut$aiger174157$6009.genblk1.genblk1.genblk1.genblk1.genblk1.genblk1.lut0 (4 -> 0)
  Optimizing lut $abc$174158$lut$aiger174157$14175.genblk1.genblk1.genblk1.genblk1.genblk1.lut1 (4 -> 3)
  Optimizing lut $abc$174158$lut$aiger$o8221.genblk1.genblk1.genblk1.genblk1.genblk1.lut0 (4 -> 0)
  Optimizing lut $abc$174158$lut$aiger174157$6030.genblk1.genblk1.genblk1.genblk1.genblk1.genblk1.lut0 (4 -> 0)
  Optimizing lut $abc$174158$lut$aiger174157$6045.genblk1.genblk1.genblk1.genblk1.genblk1.genblk1.genblk1.lut0 (4 -> 3)
  Optimizing lut $abc$174158$lut$aiger174157$6050.genblk1.genblk1.genblk1.genblk1.genblk1.lut0 (4 -> 3)
  Optimizing lut $abc$174158$lut$aiger174157$25230.genblk1.genblk1.genblk1.genblk1.genblk1.lut1 (4 -> 0)
  Optimizing lut $auto$abc_ops_reintegrate.cc:652:reintegrate$174208.genblk1.genblk1.genblk1.genblk1.genblk1.lut1 (4 -> 2)
  Optimizing lut $abc$174158$lut$aiger174157$14191.genblk1.genblk1.genblk1.genblk1.genblk1.lut0 (4 -> 3)
  Optimizing lut $abc$174158$lut$aiger174157$17507.genblk1.genblk1.genblk1.genblk1.genblk1.lut1 (4 -> 3)
  Optimizing lut $abc$174158$lut$aiger174157$6068.genblk1.genblk1.genblk1.genblk1.genblk1.genblk1.genblk1.lut0 (4 -> 0)
  Optimizing lut $abc$174158$lut$aiger174157$6078.genblk1.genblk1.genblk1.genblk1.genblk1.genblk1.genblk1.lut0 (4 -> 0)
  Optimizing lut $abc$174158$lut$aiger174157$14191.genblk1.genblk1.genblk1.genblk1.genblk1.lut1 (4 -> 3)
  Optimizing lut $abc$174158$lut$aiger174157$16810.genblk1.genblk1.genblk1.genblk1.genblk1.lut1 (4 -> 3)
  Optimizing lut $abc$174158$lut$aiger174157$17887.genblk1.genblk1.genblk1.genblk1.genblk1.lut1 (4 -> 3)
  Optimizing lut $abc$174158$lut$aiger174157$6089.genblk1.genblk1.genblk1.genblk1.genblk1.genblk1.lut0 (4 -> 0)
  Optimizing lut $abc$174158$lut$aiger174157$6093.genblk1.genblk1.genblk1.genblk1.genblk1.lut0 (4 -> 0)
  Optimizing lut $abc$174158$lut$aiger174157$25212.genblk1.genblk1.genblk1.genblk1.genblk1.lut0 (4 -> 3)
  Optimizing lut $abc$174158$lut$aiger$o8138.genblk1.genblk1.genblk1.genblk1.genblk1.lut0 (4 -> 0)
  Optimizing lut $abc$174158$lut$aiger174157$5755.genblk1.genblk1.genblk1.genblk1.genblk1.lut1 (4 -> 0)
  Optimizing lut $abc$174158$lut$aiger174157$6296.genblk1.genblk1.genblk1.genblk1.genblk1.lut1 (4 -> 2)
  Optimizing lut $abc$174158$lut$aiger174157$16390.genblk1.genblk1.genblk1.genblk1.genblk1.lut1 (4 -> 3)
  Optimizing lut $abc$174158$lut$aiger174157$6114.genblk1.genblk1.genblk1.genblk1.genblk1.genblk1.lut0 (4 -> 2)
  Optimizing lut $abc$174158$lut$aiger174157$25192.genblk1.genblk1.genblk1.genblk1.genblk1.lut0 (4 -> 0)
  Optimizing lut $abc$174158$lut$aiger174157$11700.genblk1.genblk1.genblk1.genblk1.genblk1.lut0 (4 -> 0)
  Optimizing lut $abc$174158$lut$aiger174157$14208.genblk1.genblk1.genblk1.genblk1.genblk1.lut0 (4 -> 3)
  Optimizing lut $abc$174158$lut$aiger174157$16270.genblk1.genblk1.genblk1.genblk1.genblk1.lut1 (4 -> 3)
  Optimizing lut $abc$174158$lut$aiger174157$14208.genblk1.genblk1.genblk1.genblk1.genblk1.lut1 (4 -> 3)
  Optimizing lut $abc$174158$lut$aiger$o7441.genblk1.genblk1.genblk1.genblk1.genblk1.lut0 (4 -> 0)
  Optimizing lut $abc$174158$lut$aiger174157$9513.genblk1.genblk1.genblk1.genblk1.genblk1.lut1 (4 -> 0)
  Optimizing lut $abc$174158$lut$aiger174157$6154.genblk1.genblk1.genblk1.genblk1.genblk1.lut0 (4 -> 0)
  Optimizing lut $abc$174158$lut$aiger174157$6161.genblk1.genblk1.genblk1.genblk1.genblk1.genblk1.lut0 (4 -> 0)
  Optimizing lut $abc$174158$lut$aiger174157$13238.genblk1.genblk1.genblk1.genblk1.genblk1.lut0 (4 -> 3)
  Optimizing lut $abc$174158$lut$aiger174157$6168.genblk1.genblk1.genblk1.genblk1.genblk1.genblk1.genblk1.lut0 (4 -> 3)
  Optimizing lut $abc$174158$lut$aiger174157$6168.genblk1.genblk1.genblk1.genblk1.genblk1.genblk1.genblk1.lut1 (4 -> 2)
  Optimizing lut $abc$174158$lut$aiger174157$17876.genblk1.genblk1.genblk1.genblk1.genblk1.lut1 (4 -> 0)
  Optimizing lut $abc$174158$lut$aiger174157$17496.genblk1.genblk1.genblk1.genblk1.genblk1.lut1 (4 -> 0)
  Optimizing lut $abc$174158$lut$aiger174157$9551.genblk1.genblk1.genblk1.genblk1.genblk1.lut1 (4 -> 0)
  Optimizing lut $abc$174158$lut$aiger174157$13118.genblk1.genblk1.genblk1.genblk1.genblk1.lut1 (4 -> 0)
  Optimizing lut $abc$174158$lut$aiger$o8632.genblk1.genblk1.genblk1.genblk1.genblk1.lut1 (4 -> 3)
  Optimizing lut $abc$174158$lut$aiger$o8608.genblk1.genblk1.genblk1.genblk1.genblk1.lut1 (4 -> 3)
  Optimizing lut $abc$174158$lut$aiger174157$6210.genblk1.genblk1.genblk1.genblk1.genblk1.genblk1.lut0 (4 -> 1)
  Optimizing lut $abc$174158$lut$aiger174157$6215.genblk1.genblk1.genblk1.genblk1.genblk1.genblk1.lut0 (4 -> 0)
  Optimizing lut $abc$174158$lut$aiger174157$13230.genblk1.genblk1.genblk1.genblk1.genblk1.lut1 (4 -> 0)
  Optimizing lut $abc$174158$lut$aiger174157$6009.genblk1.genblk1.genblk1.genblk1.genblk1.genblk1.lut1 (4 -> 2)
  Optimizing lut $abc$174158$lut$aiger174157$6246.genblk1.genblk1.genblk1.genblk1.genblk1.lut1 (4 -> 0)
  Optimizing lut $abc$174158$lut$aiger174157$10089.genblk1.genblk1.genblk1.genblk1.genblk1.genblk1.genblk1.lut1 (4 -> 0)
  Optimizing lut $abc$174158$lut$aiger174157$14245.genblk1.genblk1.genblk1.genblk1.genblk1.lut1 (4 -> 3)
  Optimizing lut $abc$174158$lut$aiger174157$6045.genblk1.genblk1.genblk1.genblk1.genblk1.genblk1.genblk1.lut1 (4 -> 0)
  Optimizing lut $abc$174158$lut$aiger174157$13262.genblk1.genblk1.genblk1.genblk1.genblk1.lut0 (4 -> 1)
  Optimizing lut $abc$174158$lut$aiger174157$6242.genblk1.genblk1.genblk1.genblk1.genblk1.genblk1.lut0 (4 -> 0)
  Optimizing lut $abc$174158$lut$aiger174157$6251.genblk1.genblk1.genblk1.genblk1.genblk1.genblk1.lut0 (4 -> 0)
  Optimizing lut $abc$174158$lut$aiger174157$6271.genblk1.genblk1.genblk1.genblk1.genblk1.lut0 (4 -> 0)
  Optimizing lut $abc$174158$lut$aiger174157$6290.genblk1.genblk1.genblk1.genblk1.genblk1.lut0 (4 -> 0)
  Optimizing lut $abc$174158$lut$aiger174157$9450.genblk1.genblk1.genblk1.genblk1.genblk1.lut0 (4 -> 0)
  Optimizing lut $abc$174158$lut$aiger$o2519.genblk1.genblk1.genblk1.genblk1.genblk1.lut1 (4 -> 3)
  Optimizing lut $abc$174158$lut$aiger174157$9458.genblk1.genblk1.genblk1.genblk1.genblk1.lut0 (4 -> 0)
  Optimizing lut $abc$174158$lut$aiger174157$6321.genblk1.genblk1.genblk1.genblk1.genblk1.genblk1.genblk1.lut0 (4 -> 3)
  Optimizing lut $abc$174158$lut$aiger174157$16774.genblk1.genblk1.genblk1.genblk1.genblk1.lut1 (4 -> 3)
  Optimizing lut $abc$174158$lut$aiger174157$9468.genblk1.genblk1.genblk1.genblk1.genblk1.lut0 (4 -> 2)
  Optimizing lut $abc$174158$lut$aiger174157$16739.genblk1.genblk1.genblk1.genblk1.genblk1.lut0 (4 -> 0)
  Optimizing lut $abc$174158$lut$aiger174157$6329.genblk1.genblk1.genblk1.genblk1.genblk1.lut0 (4 -> 2)
  Optimizing lut $abc$174158$lut$aiger174157$9478.genblk1.genblk1.genblk1.genblk1.genblk1.genblk1.genblk1.lut0 (4 -> 2)
  Optimizing lut $abc$174158$lut$aiger$o7720.genblk1.genblk1.genblk1.genblk1.genblk1.lut1 (4 -> 3)
  Optimizing lut $abc$174158$lut$aiger174157$6336.genblk1.genblk1.genblk1.genblk1.genblk1.lut0 (4 -> 2)
  Optimizing lut $abc$174158$lut$aiger174157$14073.genblk1.genblk1.genblk1.genblk1.genblk1.genblk1.lut1 (4 -> 0)
  Optimizing lut $abc$174158$lut$aiger174157$9491.genblk1.genblk1.genblk1.genblk1.genblk1.lut0 (4 -> 3)
  Optimizing lut $abc$174158$lut$aiger174157$9934.genblk1.genblk1.genblk1.genblk1.genblk1.lut1 (4 -> 0)
  Optimizing lut $abc$174158$lut$aiger174157$6352.genblk1.genblk1.genblk1.genblk1.genblk1.lut0 (4 -> 3)
  Optimizing lut $abc$174158$lut$aiger$o8555.genblk1.genblk1.genblk1.genblk1.genblk1.lut1 (4 -> 3)
  Optimizing lut $abc$174158$lut$aiger174157$9478.genblk1.genblk1.genblk1.genblk1.genblk1.genblk1.genblk1.lut1 (4 -> 2)
  Optimizing lut $abc$174158$lut$aiger174157$6377.genblk1.genblk1.genblk1.genblk1.genblk1.lut1 (4 -> 0)
  Optimizing lut $abc$174158$lut$aiger174157$6369.genblk1.genblk1.genblk1.genblk1.genblk1.lut0 (4 -> 0)
  Optimizing lut $abc$174158$lut$aiger174157$9685.genblk1.genblk1.genblk1.genblk1.genblk1.genblk1.lut1 (4 -> 0)
  Optimizing lut $abc$174158$lut$aiger$o8502.genblk1.genblk1.genblk1.genblk1.genblk1.lut1 (4 -> 3)
  Optimizing lut $abc$174158$lut$aiger174157$6394.genblk1.genblk1.genblk1.genblk1.genblk1.genblk1.lut0 (4 -> 0)
  Optimizing lut $abc$174158$lut$aiger174157$9525.genblk1.genblk1.genblk1.genblk1.genblk1.lut0 (4 -> 0)
  Optimizing lut $abc$174158$lut$aiger174157$9529.genblk1.genblk1.genblk1.genblk1.genblk1.lut0 (4 -> 0)
  Optimizing lut $auto$abc_ops_reintegrate.cc:652:reintegrate$174291.genblk1.genblk1.genblk1.genblk1.genblk1.lut0 (4 -> 2)
  Optimizing lut $abc$174158$lut$aiger$o7460.genblk1.genblk1.genblk1.genblk1.genblk1.genblk1.genblk1.lut1 (4 -> 0)
  Optimizing lut $abc$174158$lut$aiger$o7460.genblk1.genblk1.genblk1.genblk1.genblk1.genblk1.genblk1.lut0 (4 -> 0)
  Optimizing lut $abc$174158$lut$aiger174157$6416.genblk1.genblk1.genblk1.genblk1.genblk1.lut0 (4 -> 2)
  Optimizing lut $abc$174158$lut$aiger174157$14278.genblk1.genblk1.genblk1.genblk1.genblk1.lut0 (4 -> 2)
  Optimizing lut $auto$abc_ops_reintegrate.cc:652:reintegrate$174296.genblk1.genblk1.genblk1.genblk1.genblk1.lut0 (4 -> 2)
  Optimizing lut $abc$174158$lut$aiger174157$6428.genblk1.genblk1.genblk1.genblk1.genblk1.lut0 (4 -> 0)
  Optimizing lut $abc$174158$lut$aiger174157$6432.genblk1.genblk1.genblk1.genblk1.genblk1.lut0 (4 -> 0)
  Optimizing lut $abc$174158$lut$aiger$o7891.genblk1.genblk1.genblk1.genblk1.genblk1.lut0 (4 -> 0)
  Optimizing lut $abc$174158$lut$aiger$o8472.genblk1.genblk1.genblk1.genblk1.genblk1.lut1 (4 -> 3)
  Optimizing lut $abc$174158$lut$aiger$o7573.genblk1.genblk1.genblk1.genblk1.genblk1.lut0 (4 -> 0)
  Optimizing lut $abc$174158$lut$aiger$o8434.genblk1.genblk1.genblk1.genblk1.genblk1.lut1 (4 -> 3)
  Optimizing lut $abc$174158$lut$aiger$o7693.genblk1.genblk1.genblk1.genblk1.genblk1.lut1 (4 -> 3)
  Optimizing lut $abc$174158$lut$aiger$o7693.genblk1.genblk1.genblk1.genblk1.genblk1.lut0 (4 -> 3)
  Optimizing lut $abc$174158$lut$aiger174157$9600.genblk1.genblk1.genblk1.genblk1.genblk1.lut0 (4 -> 3)
  Optimizing lut $abc$174158$lut$aiger174157$6505.genblk1.genblk1.genblk1.genblk1.genblk1.lut0 (4 -> 0)
  Optimizing lut $abc$174158$lut$aiger174157$10051.genblk1.genblk1.genblk1.genblk1.genblk1.genblk1.genblk1.lut1 (4 -> 1)
  Optimizing lut $abc$174158$lut$aiger174157$19173.genblk1.genblk1.genblk1.genblk1.genblk1.lut0 (4 -> 3)
  Optimizing lut $abc$174158$lut$aiger$o8411.genblk1.genblk1.genblk1.genblk1.genblk1.lut1 (4 -> 3)
  Optimizing lut $abc$174158$lut$aiger174157$15108.genblk1.genblk1.genblk1.genblk1.genblk1.lut1 (4 -> 0)
  Optimizing lut $abc$174158$lut$aiger174157$24830.genblk1.genblk1.genblk1.genblk1.genblk1.lut0 (4 -> 0)
  Optimizing lut $abc$174158$lut$aiger174157$14315.genblk1.genblk1.genblk1.genblk1.genblk1.lut0 (4 -> 3)
  Optimizing lut $abc$174158$lut$aiger174157$24819.genblk1.genblk1.genblk1.genblk1.genblk1.lut1 (4 -> 0)
  Optimizing lut $abc$174158$lut$aiger174157$15095.genblk1.genblk1.genblk1.genblk1.genblk1.lut0 (4 -> 0)
  Optimizing lut $abc$174158$lut$aiger$o7307.genblk1.genblk1.genblk1.genblk1.genblk1.lut0 (4 -> 0)
  Optimizing lut $abc$174158$lut$aiger174157$6582.genblk1.genblk1.genblk1.genblk1.genblk1.lut0 (4 -> 0)
  Optimizing lut $abc$174158$lut$aiger174157$6587.genblk1.genblk1.genblk1.genblk1.genblk1.genblk1.lut0 (4 -> 3)
  Optimizing lut $abc$174158$lut$aiger174157$9690.genblk1.genblk1.genblk1.genblk1.genblk1.genblk1.lut1 (4 -> 3)
  Optimizing lut $abc$174158$lut$aiger$o8367.genblk1.genblk1.genblk1.genblk1.genblk1.lut1 (4 -> 3)
  Optimizing lut $abc$174158$lut$aiger$o6537.genblk1.genblk1.genblk1.genblk1.genblk1.lut1 (4 -> 3)
  Optimizing lut $abc$174158$lut$aiger$o8359.genblk1.genblk1.genblk1.genblk1.genblk1.lut1 (4 -> 3)
  Optimizing lut $abc$174158$lut$aiger174157$6591.genblk1.genblk1.genblk1.genblk1.genblk1.lut0 (4 -> 0)
  Optimizing lut $abc$174158$lut$aiger174157$6599.genblk1.genblk1.genblk1.genblk1.genblk1.genblk1.genblk1.lut0 (4 -> 0)
  Optimizing lut $abc$174158$lut$aiger174157$10095.genblk1.genblk1.genblk1.genblk1.genblk1.genblk1.genblk1.lut1 (4 -> 0)
  Optimizing lut $abc$174158$lut$aiger174157$6606.genblk1.genblk1.genblk1.genblk1.genblk1.genblk1.lut0 (4 -> 0)
  Optimizing lut $auto$abc_ops_reintegrate.cc:652:reintegrate$174505.genblk1.genblk1.genblk1.genblk1.genblk1.lut1 (4 -> 2)
  Optimizing lut $abc$174158$lut$aiger174157$9685.genblk1.genblk1.genblk1.genblk1.genblk1.genblk1.lut0 (4 -> 0)
  Optimizing lut $abc$174158$lut$aiger$o7154.genblk1.genblk1.genblk1.genblk1.genblk1.lut0 (4 -> 0)
  Optimizing lut $abc$174158$lut$aiger174157$9690.genblk1.genblk1.genblk1.genblk1.genblk1.genblk1.lut0 (4 -> 0)
  Optimizing lut $abc$174158$lut$aiger174157$9829.genblk1.genblk1.genblk1.genblk1.genblk1.lut1 (4 -> 0)
  Optimizing lut $abc$174158$lut$aiger174157$6652.genblk1.genblk1.genblk1.genblk1.genblk1.lut1 (4 -> 0)
  Optimizing lut $abc$174158$lut$aiger174157$6681.genblk1.genblk1.genblk1.genblk1.genblk1.lut1 (4 -> 2)
  Optimizing lut $abc$174158$lut$aiger174157$6674.genblk1.genblk1.genblk1.genblk1.genblk1.genblk1.lut0 (4 -> 0)
  Optimizing lut $abc$174158$lut$aiger174157$19136.genblk1.genblk1.genblk1.genblk1.genblk1.lut0 (4 -> 0)
  Optimizing lut $abc$174158$lut$aiger174157$6767.genblk1.genblk1.genblk1.genblk1.genblk1.genblk1.genblk1.lut1 (4 -> 0)
  Optimizing lut $abc$174158$lut$aiger174157$6720.genblk1.genblk1.genblk1.genblk1.genblk1.genblk1.genblk1.lut0 (4 -> 1)
  Optimizing lut $abc$174158$lut$aiger174157$9734.genblk1.genblk1.genblk1.genblk1.genblk1.lut0 (4 -> 0)
  Optimizing lut $abc$174158$lut$aiger174157$16823.genblk1.genblk1.genblk1.genblk1.genblk1.lut1 (4 -> 3)
  Optimizing lut $abc$174158$lut$aiger174157$6727.genblk1.genblk1.genblk1.genblk1.genblk1.lut0 (4 -> 1)
  Optimizing lut $abc$174158$lut$aiger174157$6731.genblk1.genblk1.genblk1.genblk1.genblk1.lut0 (4 -> 3)
  Optimizing lut $abc$174158$lut$aiger174157$6754.genblk1.genblk1.genblk1.genblk1.genblk1.genblk1.genblk1.lut1 (4 -> 0)
  Optimizing lut $abc$174158$lut$aiger174157$6742.genblk1.genblk1.genblk1.genblk1.genblk1.lut0 (4 -> 0)
  Optimizing lut $abc$174158$lut$aiger174157$17799.genblk1.genblk1.genblk1.genblk1.genblk1.lut1 (4 -> 3)
  Optimizing lut $abc$174158$lut$aiger174157$19029.genblk1.genblk1.genblk1.genblk1.genblk1.lut1 (4 -> 0)
  Optimizing lut $abc$174158$lut$aiger174157$6754.genblk1.genblk1.genblk1.genblk1.genblk1.genblk1.genblk1.lut0 (4 -> 0)
  Optimizing lut $abc$174158$lut$aiger$o7488.genblk1.genblk1.genblk1.genblk1.genblk1.lut0 (4 -> 0)
  Optimizing lut $abc$174158$lut$aiger174157$6761.genblk1.genblk1.genblk1.genblk1.genblk1.lut0 (4 -> 0)
  Optimizing lut $abc$174158$lut$aiger174157$6767.genblk1.genblk1.genblk1.genblk1.genblk1.genblk1.genblk1.lut0 (4 -> 0)
  Optimizing lut $abc$174158$lut$aiger174157$5690.genblk1.genblk1.genblk1.genblk1.genblk1.genblk1.genblk1.lut1 (4 -> 0)
  Optimizing lut $abc$174158$lut$aiger174157$6599.genblk1.genblk1.genblk1.genblk1.genblk1.genblk1.genblk1.lut1 (4 -> 0)
  Optimizing lut $abc$174158$lut$aiger174157$14339.genblk1.genblk1.genblk1.genblk1.genblk1.lut1 (4 -> 3)
  Optimizing lut $abc$174158$lut$aiger174157$6790.genblk1.genblk1.genblk1.genblk1.genblk1.lut0 (4 -> 3)
  Optimizing lut $auto$abc_ops_reintegrate.cc:652:reintegrate$174774.genblk1.genblk1.genblk1.genblk1.genblk1.genblk1.lut1 (4 -> 3)
  Optimizing lut $abc$174158$lut$aiger174157$14369.genblk1.genblk1.genblk1.genblk1.genblk1.lut1 (4 -> 0)
  Optimizing lut $abc$174158$lut$aiger174157$6810.genblk1.genblk1.genblk1.genblk1.genblk1.lut1 (4 -> 0)
  Optimizing lut $abc$174158$lut$aiger174157$6806.genblk1.genblk1.genblk1.genblk1.genblk1.lut0 (4 -> 0)
  Optimizing lut $abc$174158$lut$aiger174157$18311.genblk1.genblk1.genblk1.genblk1.genblk1.lut0 (4 -> 0)
  Optimizing lut $auto$abc_ops_reintegrate.cc:652:reintegrate$174389.genblk1.genblk1.genblk1.genblk1.genblk1.lut0 (4 -> 2)
  Optimizing lut $abc$174158$lut$aiger174157$15121.genblk1.genblk1.genblk1.genblk1.genblk1.genblk1.lut0 (4 -> 3)
  Optimizing lut $abc$174158$lut$aiger174157$16168.genblk1.genblk1.genblk1.genblk1.genblk1.lut1 (4 -> 0)
  Optimizing lut $auto$abc_ops_reintegrate.cc:652:reintegrate$174393.genblk1.genblk1.genblk1.genblk1.genblk1.lut0 (4 -> 2)
  Optimizing lut $abc$174158$lut$aiger$o8209.genblk1.genblk1.genblk1.genblk1.genblk1.lut1 (4 -> 3)
  Optimizing lut $abc$174158$lut$aiger174157$17020.genblk1.genblk1.genblk1.genblk1.genblk1.lut0 (4 -> 0)
  Optimizing lut $abc$174158$lut$aiger174157$10008.genblk1.genblk1.genblk1.genblk1.genblk1.lut1 (4 -> 1)
  Optimizing lut $abc$174158$lut$aiger174157$15125.genblk1.genblk1.genblk1.genblk1.genblk1.lut0 (4 -> 0)
  Optimizing lut $abc$174158$lut$aiger174157$17788.genblk1.genblk1.genblk1.genblk1.genblk1.lut1 (4 -> 0)
  Optimizing lut $abc$174158$lut$aiger174157$9806.genblk1.genblk1.genblk1.genblk1.genblk1.lut1 (4 -> 0)
  Optimizing lut $abc$174158$lut$aiger$o7871.genblk1.genblk1.genblk1.genblk1.genblk1.lut0 (4 -> 0)
  Optimizing lut $abc$174158$lut$aiger$o8191.genblk1.genblk1.genblk1.genblk1.genblk1.lut1 (4 -> 3)
  Optimizing lut $abc$174158$lut$aiger$o8183.genblk1.genblk1.genblk1.genblk1.genblk1.lut1 (4 -> 3)
  Optimizing lut $abc$174158$lut$aiger$o8127.genblk1.genblk1.genblk1.genblk1.genblk1.lut1 (4 -> 3)
  Optimizing lut $abc$174158$lut$aiger174157$18288.genblk1.genblk1.genblk1.genblk1.genblk1.lut1 (4 -> 3)
  Optimizing lut $abc$174158$lut$aiger$o8148.genblk1.genblk1.genblk1.genblk1.genblk1.lut1 (4 -> 3)
  Optimizing lut $abc$174158$lut$aiger174157$18587.genblk1.genblk1.genblk1.genblk1.genblk1.lut1 (4 -> 3)
  Optimizing lut $abc$174158$lut$aiger174157$9876.genblk1.genblk1.genblk1.genblk1.genblk1.genblk1.lut0 (4 -> 0)
  Optimizing lut $abc$174158$lut$aiger$o7322.genblk1.genblk1.genblk1.genblk1.genblk1.lut0 (4 -> 0)
  Optimizing lut $abc$174158$lut$aiger174157$12052.genblk1.genblk1.genblk1.genblk1.genblk1.lut0 (4 -> 0)
  Optimizing lut $abc$174158$lut$aiger$o7461.genblk1.genblk1.genblk1.genblk1.genblk1.lut0 (4 -> 0)
  Optimizing lut $abc$174158$lut$aiger174157$9747.genblk1.genblk1.genblk1.genblk1.genblk1.lut1 (4 -> 0)
  Optimizing lut $abc$174158$lut$aiger174157$9909.genblk1.genblk1.genblk1.genblk1.genblk1.lut0 (4 -> 0)
  Optimizing lut $abc$174158$lut$aiger174157$9917.genblk1.genblk1.genblk1.genblk1.genblk1.genblk1.lut0 (4 -> 0)
  Optimizing lut $abc$174158$lut$aiger174157$24505.genblk1.genblk1.genblk1.genblk1.genblk1.lut0 (4 -> 0)
  Optimizing lut $abc$174158$lut$aiger$o7462.genblk1.genblk1.genblk1.genblk1.genblk1.lut0 (4 -> 0)
  Optimizing lut $auto$abc_ops_reintegrate.cc:652:reintegrate$174766.genblk1.genblk1.genblk1.genblk1.genblk1.lut1 (4 -> 0)
  Optimizing lut $abc$174158$lut$aiger174157$24494.genblk1.genblk1.genblk1.genblk1.genblk1.lut1 (4 -> 0)
  Optimizing lut $abc$174158$lut$aiger174157$20387.genblk1.genblk1.genblk1.genblk1.genblk1.lut1 (4 -> 3)
  Optimizing lut $abc$174158$lut$aiger$o7463.genblk1.genblk1.genblk1.genblk1.genblk1.lut0 (4 -> 0)
  Optimizing lut $abc$174158$lut$aiger174157$9943.genblk1.genblk1.genblk1.genblk1.genblk1.lut1 (4 -> 0)
  Optimizing lut $abc$174158$lut$aiger174157$12088.genblk1.genblk1.genblk1.genblk1.genblk1.lut0 (4 -> 0)
  Optimizing lut $abc$174158$lut$aiger174157$9957.genblk1.genblk1.genblk1.genblk1.genblk1.genblk1.lut0 (4 -> 0)
  Optimizing lut $abc$174158$lut$aiger174157$9957.genblk1.genblk1.genblk1.genblk1.genblk1.genblk1.lut1 (4 -> 3)
  Optimizing lut $auto$abc_ops_reintegrate.cc:652:reintegrate$174772.genblk1.genblk1.genblk1.genblk1.genblk1.lut1 (4 -> 0)
  Optimizing lut $abc$174158$lut$aiger174157$18277.genblk1.genblk1.genblk1.genblk1.genblk1.lut1 (4 -> 0)
  Optimizing lut $abc$174158$lut$aiger$o7464.genblk1.genblk1.genblk1.genblk1.genblk1.lut0 (4 -> 0)
  Optimizing lut $abc$174158$lut$aiger174157$20344.genblk1.genblk1.genblk1.genblk1.genblk1.lut1 (4 -> 3)
  Optimizing lut $abc$174158$lut$aiger174157$16706.genblk1.genblk1.genblk1.genblk1.genblk1.lut1 (4 -> 3)
  Optimizing lut $abc$174158$lut$aiger174157$19040.genblk1.genblk1.genblk1.genblk1.genblk1.lut1 (4 -> 3)
  Optimizing lut $abc$174158$lut$aiger174157$18572.genblk1.genblk1.genblk1.genblk1.genblk1.lut1 (4 -> 3)
  Optimizing lut $abc$174158$lut$aiger174157$15554.genblk1.genblk1.genblk1.genblk1.genblk1.lut0 (4 -> 0)
  Optimizing lut $auto$abc_ops_reintegrate.cc:652:reintegrate$174768.genblk1.genblk1.genblk1.genblk1.genblk1.lut1 (4 -> 0)
  Optimizing lut $auto$abc_ops_reintegrate.cc:652:reintegrate$174771.genblk1.genblk1.genblk1.genblk1.genblk1.lut1 (4 -> 3)
  Optimizing lut $abc$174158$lut$aiger174157$15559.genblk1.genblk1.genblk1.genblk1.genblk1.lut0 (4 -> 3)
  Optimizing lut $abc$174158$lut$aiger174157$20131.genblk1.genblk1.genblk1.genblk1.genblk1.lut1 (4 -> 3)
  Optimizing lut $abc$174158$lut$aiger174157$19025.genblk1.genblk1.genblk1.genblk1.genblk1.lut1 (4 -> 3)
  Optimizing lut $abc$174158$lut$aiger174157$10030.genblk1.genblk1.genblk1.genblk1.genblk1.lut0 (4 -> 1)
  Optimizing lut $abc$174158$lut$aiger174157$24373.genblk1.genblk1.genblk1.genblk1.genblk1.lut0 (4 -> 0)
  Optimizing lut $abc$174158$lut$aiger174157$20096.genblk1.genblk1.genblk1.genblk1.genblk1.lut1 (4 -> 0)
  Optimizing lut $abc$174158$lut$aiger174157$20176.genblk1.genblk1.genblk1.genblk1.genblk1.lut0 (4 -> 3)
  Optimizing lut $auto$abc_ops_reintegrate.cc:652:reintegrate$174770.genblk1.genblk1.genblk1.genblk1.genblk1.lut1 (4 -> 0)
  Optimizing lut $abc$174158$lut$aiger174157$24362.genblk1.genblk1.genblk1.genblk1.genblk1.lut1 (4 -> 0)
  Optimizing lut $abc$174158$lut$aiger$o7674.genblk1.genblk1.genblk1.genblk1.genblk1.lut1 (4 -> 3)
  Optimizing lut $abc$174158$lut$aiger174157$10051.genblk1.genblk1.genblk1.genblk1.genblk1.genblk1.genblk1.lut0 (4 -> 1)
  Optimizing lut $abc$174158$lut$aiger$o7674.genblk1.genblk1.genblk1.genblk1.genblk1.lut0 (4 -> 3)
  Optimizing lut $abc$174158$lut$aiger174157$15559.genblk1.genblk1.genblk1.genblk1.genblk1.lut1 (4 -> 1)
  Optimizing lut $abc$174158$lut$aiger174157$10058.genblk1.genblk1.genblk1.genblk1.genblk1.genblk1.lut0 (4 -> 2)
  Optimizing lut $abc$174158$lut$aiger174157$7153.genblk1.genblk1.genblk1.genblk1.genblk1.lut0 (4 -> 0)
  Optimizing lut $abc$174158$lut$aiger174157$16141.genblk1.genblk1.genblk1.genblk1.genblk1.lut1 (4 -> 0)
  Optimizing lut $abc$174158$lut$aiger174157$21871.genblk1.genblk1.genblk1.genblk1.genblk1.lut0 (4 -> 0)
  Optimizing lut $abc$174158$lut$aiger174157$10068.genblk1.genblk1.genblk1.genblk1.genblk1.lut0 (4 -> 0)
  Optimizing lut $abc$174158$lut$aiger174157$7160.genblk1.genblk1.genblk1.genblk1.genblk1.lut0 (4 -> 0)
  Optimizing lut $abc$174158$lut$aiger174157$10072.genblk1.genblk1.genblk1.genblk1.genblk1.lut0 (4 -> 1)
  Optimizing lut $abc$174158$lut$aiger174157$7167.genblk1.genblk1.genblk1.genblk1.genblk1.lut0 (4 -> 0)
  Optimizing lut $abc$174158$lut$aiger174157$18002.genblk1.genblk1.genblk1.genblk1.genblk1.lut1 (4 -> 3)
  Optimizing lut $abc$174158$lut$aiger174157$21860.genblk1.genblk1.genblk1.genblk1.genblk1.lut1 (4 -> 0)
  Optimizing lut $abc$174158$lut$aiger174157$7174.genblk1.genblk1.genblk1.genblk1.genblk1.lut0 (4 -> 0)
  Optimizing lut $abc$174158$lut$aiger174157$10089.genblk1.genblk1.genblk1.genblk1.genblk1.genblk1.genblk1.lut0 (4 -> 0)
  Optimizing lut $abc$174158$lut$aiger174157$10095.genblk1.genblk1.genblk1.genblk1.genblk1.genblk1.genblk1.lut0 (4 -> 0)
  Optimizing lut $abc$174158$lut$aiger174157$18248.genblk1.genblk1.genblk1.genblk1.genblk1.lut1 (4 -> 3)
  Optimizing lut $abc$174158$lut$aiger$o8017.genblk1.genblk1.genblk1.genblk1.genblk1.lut0 (4 -> 0)
  Optimizing lut $abc$174158$lut$aiger174157$7196.genblk1.genblk1.genblk1.genblk1.genblk1.lut0 (4 -> 0)
  Optimizing lut $abc$174158$lut$aiger174157$7206.genblk1.genblk1.genblk1.genblk1.genblk1.genblk1.genblk1.lut0 (4 -> 2)
  Optimizing lut $abc$174158$lut$aiger174157$7264.genblk1.genblk1.genblk1.genblk1.genblk1.lut1 (4 -> 0)
  Optimizing lut $abc$174158$lut$aiger174157$24292.genblk1.genblk1.genblk1.genblk1.genblk1.lut0 (4 -> 0)
  Optimizing lut $abc$174158$lut$aiger174157$15192.genblk1.genblk1.genblk1.genblk1.genblk1.lut1 (4 -> 3)
  Optimizing lut $abc$174158$lut$aiger174157$7323.genblk1.genblk1.genblk1.genblk1.genblk1.lut1 (4 -> 1)
  Optimizing lut $abc$174158$lut$aiger174157$7220.genblk1.genblk1.genblk1.genblk1.genblk1.genblk1.genblk1.lut0 (4 -> 3)
  Optimizing lut $abc$174158$lut$aiger174157$24281.genblk1.genblk1.genblk1.genblk1.genblk1.lut1 (4 -> 0)
  Optimizing lut $auto$abc_ops_reintegrate.cc:652:reintegrate$174832.genblk1.genblk1.genblk1.genblk1.genblk1.lut1 (4 -> 0)
  Optimizing lut $abc$174158$lut$aiger174157$10122.genblk1.genblk1.genblk1.genblk1.genblk1.lut0 (4 -> 0)
  Optimizing lut $abc$174158$lut$aiger174157$5147.genblk1.genblk1.genblk1.genblk1.genblk1.genblk1.lut1 (4 -> 0)
  Optimizing lut $abc$174158$lut$aiger$o7932.genblk1.genblk1.genblk1.genblk1.genblk1.lut1 (4 -> 3)
  Optimizing lut $auto$abc_ops_reintegrate.cc:652:reintegrate$174620.genblk1.genblk1.genblk1.genblk1.genblk1.lut1 (4 -> 3)
  Optimizing lut $auto$abc_ops_reintegrate.cc:652:reintegrate$174833.genblk1.genblk1.genblk1.genblk1.genblk1.lut1 (4 -> 3)
  Optimizing lut $abc$174158$lut$aiger174157$7332.genblk1.genblk1.genblk1.genblk1.genblk1.lut1 (4 -> 0)
  Optimizing lut $abc$174158$lut$aiger174157$7287.genblk1.genblk1.genblk1.genblk1.genblk1.lut0 (4 -> 1)
  Optimizing lut $auto$abc_ops_reintegrate.cc:652:reintegrate$174838.genblk1.genblk1.genblk1.genblk1.genblk1.lut1 (4 -> 3)
  Optimizing lut $abc$174158$lut$aiger174157$10235.genblk1.genblk1.genblk1.genblk1.genblk1.lut1 (4 -> 0)
  Optimizing lut $abc$174158$lut$aiger174157$20119.genblk1.genblk1.genblk1.genblk1.genblk1.lut0 (4 -> 0)
  Optimizing lut $abc$174158$lut$aiger174157$18237.genblk1.genblk1.genblk1.genblk1.genblk1.lut1 (4 -> 0)
  Optimizing lut $abc$174158$lut$aiger174157$7300.genblk1.genblk1.genblk1.genblk1.genblk1.lut0 (4 -> 1)
  Optimizing lut $auto$abc_ops_reintegrate.cc:652:reintegrate$174837.genblk1.genblk1.genblk1.genblk1.genblk1.lut1 (4 -> 0)
  Optimizing lut $abc$174158$lut$aiger174157$19191.genblk1.genblk1.genblk1.genblk1.genblk1.lut1 (4 -> 0)
  Optimizing lut $abc$174158$lut$aiger174157$10169.genblk1.genblk1.genblk1.genblk1.genblk1.lut0 (4 -> 0)
  Optimizing lut $abc$174158$lut$aiger174157$7319.genblk1.genblk1.genblk1.genblk1.genblk1.genblk1.genblk1.lut0 (4 -> 0)
  Optimizing lut $abc$174158$lut$aiger174157$12243.genblk1.genblk1.genblk1.genblk1.genblk1.lut0 (4 -> 0)
  Optimizing lut $abc$174158$lut$aiger174157$6050.genblk1.genblk1.genblk1.genblk1.genblk1.lut1 (4 -> 2)
  Optimizing lut $abc$174158$lut$aiger174157$7338.genblk1.genblk1.genblk1.genblk1.genblk1.genblk1.genblk1.lut0 (4 -> 0)
  Optimizing lut $abc$174158$lut$aiger$o7269.genblk1.genblk1.genblk1.genblk1.genblk1.genblk1.lut1 (4 -> 0)
  Optimizing lut $abc$174158$lut$aiger174157$10185.genblk1.genblk1.genblk1.genblk1.genblk1.lut0 (4 -> 0)
  Optimizing lut $abc$174158$lut$aiger174157$7362.genblk1.genblk1.genblk1.genblk1.genblk1.lut1 (4 -> 2)
  Optimizing lut $auto$abc_ops_reintegrate.cc:652:reintegrate$174830.genblk1.genblk1.genblk1.genblk1.genblk1.lut1 (4 -> 0)
  Optimizing lut $abc$174158$lut$aiger174157$10208.genblk1.genblk1.genblk1.genblk1.genblk1.genblk1.lut0 (4 -> 0)
  Optimizing lut $abc$174158$lut$aiger174157$10212.genblk1.genblk1.genblk1.genblk1.genblk1.lut0 (4 -> 0)
  Optimizing lut $abc$174158$lut$aiger174157$7390.genblk1.genblk1.genblk1.genblk1.genblk1.lut0 (4 -> 3)
  Optimizing lut $abc$174158$lut$aiger174157$7390.genblk1.genblk1.genblk1.genblk1.genblk1.lut1 (4 -> 3)
  Optimizing lut $abc$174158$lut$aiger174157$12275.genblk1.genblk1.genblk1.genblk1.genblk1.lut1 (4 -> 3)
  Optimizing lut $abc$174158$lut$aiger$o8053.genblk1.genblk1.genblk1.genblk1.genblk1.lut1 (4 -> 3)
  Optimizing lut $abc$174158$lut$aiger174157$10222.genblk1.genblk1.genblk1.genblk1.genblk1.genblk1.lut0 (4 -> 0)
  Optimizing lut $abc$174158$lut$aiger174157$10231.genblk1.genblk1.genblk1.genblk1.genblk1.genblk1.genblk1.lut0 (4 -> 2)
  Optimizing lut $abc$174158$lut$aiger174157$7406.genblk1.genblk1.genblk1.genblk1.genblk1.lut0 (4 -> 3)
  Optimizing lut $abc$174158$lut$aiger174157$20078.genblk1.genblk1.genblk1.genblk1.genblk1.lut0 (4 -> 3)
  Optimizing lut $abc$174158$lut$aiger$o7786.genblk1.genblk1.genblk1.genblk1.genblk1.lut1 (4 -> 3)
  Optimizing lut $abc$174158$lut$aiger174157$10231.genblk1.genblk1.genblk1.genblk1.genblk1.genblk1.genblk1.lut1 (4 -> 1)
  Optimizing lut $abc$174158$lut$aiger174157$10249.genblk1.genblk1.genblk1.genblk1.genblk1.genblk1.lut0 (4 -> 0)
  Optimizing lut $abc$174158$lut$aiger$o7207.genblk1.genblk1.genblk1.genblk1.genblk1.genblk1.genblk1.lut1 (4 -> 0)
  Optimizing lut $abc$174158$lut$aiger174157$7431.genblk1.genblk1.genblk1.genblk1.genblk1.lut0 (4 -> 2)
  Optimizing lut $abc$174158$lut$aiger$o7207.genblk1.genblk1.genblk1.genblk1.genblk1.genblk1.genblk1.lut0 (4 -> 0)
  Optimizing lut $abc$174158$lut$aiger$o7977.genblk1.genblk1.genblk1.genblk1.genblk1.lut1 (4 -> 1)
  Optimizing lut $abc$174158$lut$aiger174157$10256.genblk1.genblk1.genblk1.genblk1.genblk1.genblk1.genblk1.lut0 (4 -> 0)
  Optimizing lut $abc$174158$lut$aiger174157$12331.genblk1.genblk1.genblk1.genblk1.genblk1.lut1 (4 -> 0)
  Optimizing lut $abc$174158$lut$aiger$o7788.genblk1.genblk1.genblk1.genblk1.genblk1.lut1 (4 -> 3)
  Optimizing lut $abc$174158$lut$aiger174157$10281.genblk1.genblk1.genblk1.genblk1.genblk1.lut1 (4 -> 0)
  Optimizing lut $abc$174158$lut$aiger174157$7441.genblk1.genblk1.genblk1.genblk1.genblk1.lut0 (4 -> 3)
  Optimizing lut $abc$174158$lut$aiger174157$16226.genblk1.genblk1.genblk1.genblk1.genblk1.lut1 (4 -> 3)
  Optimizing lut $abc$174158$lut$aiger174157$10277.genblk1.genblk1.genblk1.genblk1.genblk1.lut0 (4 -> 0)
  Optimizing lut $abc$174158$lut$aiger$o7869.genblk1.genblk1.genblk1.genblk1.genblk1.genblk1.lut0 (4 -> 2)
  Optimizing lut $abc$174158$lut$aiger174157$12317.genblk1.genblk1.genblk1.genblk1.genblk1.lut0 (4 -> 0)
  Optimizing lut $abc$174158$lut$aiger174157$7461.genblk1.genblk1.genblk1.genblk1.genblk1.lut0 (4 -> 3)
  Optimizing lut $abc$174158$lut$aiger174157$10287.genblk1.genblk1.genblk1.genblk1.genblk1.lut0 (4 -> 1)
  Optimizing lut $abc$174158$lut$aiger174157$10293.genblk1.genblk1.genblk1.genblk1.genblk1.lut0 (4 -> 3)
  Optimizing lut $abc$174158$lut$aiger174157$10297.genblk1.genblk1.genblk1.genblk1.genblk1.lut0 (4 -> 0)
  Optimizing lut $abc$174158$lut$aiger$o7720.genblk1.genblk1.genblk1.genblk1.genblk1.lut0 (4 -> 3)
  Optimizing lut $abc$174158$lut$aiger$o7888.genblk1.genblk1.genblk1.genblk1.genblk1.genblk1.lut0 (4 -> 2)
  Optimizing lut $abc$174158$lut$aiger174157$7479.genblk1.genblk1.genblk1.genblk1.genblk1.lut0 (4 -> 2)
  Optimizing lut $abc$174158$lut$aiger174157$10303.genblk1.genblk1.genblk1.genblk1.genblk1.lut0 (4 -> 0)
  Optimizing lut $abc$174158$lut$aiger174157$10307.genblk1.genblk1.genblk1.genblk1.genblk1.lut0 (4 -> 0)
  Optimizing lut $abc$174158$lut$aiger174157$10256.genblk1.genblk1.genblk1.genblk1.genblk1.genblk1.genblk1.lut1 (4 -> 0)
  Optimizing lut $abc$174158$lut$aiger174157$7489.genblk1.genblk1.genblk1.genblk1.genblk1.genblk1.lut0 (4 -> 2)
  Optimizing lut $abc$174158$lut$aiger$o7753.genblk1.genblk1.genblk1.genblk1.genblk1.genblk1.genblk1.lut1 (4 -> 0)
  Optimizing lut $abc$174158$lut$aiger174157$13739.genblk1.genblk1.genblk1.genblk1.genblk1.lut1 (4 -> 3)
  Optimizing lut $abc$174158$lut$aiger$o7753.genblk1.genblk1.genblk1.genblk1.genblk1.genblk1.genblk1.lut0 (4 -> 0)
  Optimizing lut $abc$174158$lut$aiger174157$10371.genblk1.genblk1.genblk1.genblk1.genblk1.genblk1.lut1 (4 -> 0)
  Optimizing lut $abc$174158$lut$aiger174157$10326.genblk1.genblk1.genblk1.genblk1.genblk1.lut0 (4 -> 0)
  Optimizing lut $abc$174158$lut$aiger174157$7502.genblk1.genblk1.genblk1.genblk1.genblk1.lut0 (4 -> 3)
  Optimizing lut $abc$174158$lut$aiger174157$10333.genblk1.genblk1.genblk1.genblk1.genblk1.lut0 (4 -> 0)
  Optimizing lut $abc$174158$lut$aiger174157$10341.genblk1.genblk1.genblk1.genblk1.genblk1.lut1 (4 -> 0)
  Optimizing lut $abc$174158$lut$aiger$o7814.genblk1.genblk1.genblk1.genblk1.genblk1.genblk1.lut0 (4 -> 2)
  Optimizing lut $abc$174158$lut$aiger174157$7521.genblk1.genblk1.genblk1.genblk1.genblk1.genblk1.lut0 (4 -> 2)
  Optimizing lut $abc$174158$lut$aiger174157$10345.genblk1.genblk1.genblk1.genblk1.genblk1.lut0 (4 -> 0)
  Optimizing lut $abc$174158$lut$aiger174157$13803.genblk1.genblk1.genblk1.genblk1.genblk1.lut1 (4 -> 3)
  Optimizing lut $abc$174158$lut$aiger174157$10353.genblk1.genblk1.genblk1.genblk1.genblk1.lut0 (4 -> 0)
  Optimizing lut $abc$174158$lut$aiger174157$18932.genblk1.genblk1.genblk1.genblk1.genblk1.lut1 (4 -> 3)
  Optimizing lut $abc$174158$lut$aiger174157$15237.genblk1.genblk1.genblk1.genblk1.genblk1.lut1 (4 -> 3)
  Optimizing lut $abc$174158$lut$aiger174157$10379.genblk1.genblk1.genblk1.genblk1.genblk1.genblk1.genblk1.lut1 (4 -> 0)
  Optimizing lut $abc$174158$lut$aiger174157$7531.genblk1.genblk1.genblk1.genblk1.genblk1.genblk1.lut0 (4 -> 2)
  Optimizing lut $abc$174158$lut$aiger174157$10360.genblk1.genblk1.genblk1.genblk1.genblk1.genblk1.lut0 (4 -> 0)
  Optimizing lut $abc$174158$lut$aiger$o7583.genblk1.genblk1.genblk1.genblk1.genblk1.genblk1.genblk1.lut1 (4 -> 0)
  Optimizing lut $abc$174158$lut$aiger$o7583.genblk1.genblk1.genblk1.genblk1.genblk1.genblk1.genblk1.lut0 (4 -> 0)
  Optimizing lut $abc$174158$lut$aiger174157$7543.genblk1.genblk1.genblk1.genblk1.genblk1.genblk1.lut0 (4 -> 2)
  Optimizing lut $abc$174158$lut$aiger174157$10366.genblk1.genblk1.genblk1.genblk1.genblk1.genblk1.lut0 (4 -> 1)
  Optimizing lut $abc$174158$lut$aiger174157$10371.genblk1.genblk1.genblk1.genblk1.genblk1.genblk1.lut0 (4 -> 0)
  Optimizing lut $abc$174158$lut$aiger$o7586.genblk1.genblk1.genblk1.genblk1.genblk1.lut0 (4 -> 0)
  Optimizing lut $abc$174158$lut$aiger174157$15224.genblk1.genblk1.genblk1.genblk1.genblk1.lut1 (4 -> 3)
  Optimizing lut $abc$174158$lut$aiger174157$10394.genblk1.genblk1.genblk1.genblk1.genblk1.genblk1.lut1 (4 -> 0)
  Optimizing lut $abc$174158$lut$aiger174157$7553.genblk1.genblk1.genblk1.genblk1.genblk1.genblk1.lut0 (4 -> 2)
  Optimizing lut $abc$174158$lut$aiger174157$10379.genblk1.genblk1.genblk1.genblk1.genblk1.genblk1.genblk1.lut0 (4 -> 0)
  Optimizing lut $abc$174158$lut$aiger$o7661.genblk1.genblk1.genblk1.genblk1.genblk1.genblk1.genblk1.lut1 (4 -> 0)
  Optimizing lut $abc$174158$lut$aiger$o7661.genblk1.genblk1.genblk1.genblk1.genblk1.genblk1.genblk1.lut0 (4 -> 0)
  Optimizing lut $abc$174158$lut$aiger174157$7565.genblk1.genblk1.genblk1.genblk1.genblk1.genblk1.lut0 (4 -> 2)
  Optimizing lut $abc$174158$lut$aiger174157$10385.genblk1.genblk1.genblk1.genblk1.genblk1.lut0 (4 -> 0)
  Optimizing lut $abc$174158$lut$aiger174157$10400.genblk1.genblk1.genblk1.genblk1.genblk1.lut1 (4 -> 0)
  Optimizing lut $abc$174158$lut$aiger174157$16213.genblk1.genblk1.genblk1.genblk1.genblk1.lut1 (4 -> 3)
  Optimizing lut $abc$174158$lut$aiger174157$10474.genblk1.genblk1.genblk1.genblk1.genblk1.genblk1.genblk1.lut1 (4 -> 0)
  Optimizing lut $abc$174158$lut$aiger174157$7575.genblk1.genblk1.genblk1.genblk1.genblk1.genblk1.lut0 (4 -> 2)
  Optimizing lut $abc$174158$lut$aiger$o7568.genblk1.genblk1.genblk1.genblk1.genblk1.lut0 (4 -> 0)
  Optimizing lut $abc$174158$lut$aiger$o7721.genblk1.genblk1.genblk1.genblk1.genblk1.genblk1.genblk1.lut0 (4 -> 0)
  Optimizing lut $abc$174158$lut$aiger174157$7589.genblk1.genblk1.genblk1.genblk1.genblk1.lut0 (4 -> 0)
  Optimizing lut $abc$174158$lut$aiger174157$10405.genblk1.genblk1.genblk1.genblk1.genblk1.genblk1.lut0 (4 -> 1)
  Optimizing lut $abc$174158$lut$aiger174157$10592.genblk1.genblk1.genblk1.genblk1.genblk1.genblk1.genblk1.lut1 (4 -> 2)
  Optimizing lut $abc$174158$lut$aiger174157$10733.genblk1.genblk1.genblk1.genblk1.genblk1.genblk1.lut1 (4 -> 0)
  Optimizing lut $abc$174158$lut$aiger174157$18907.genblk1.genblk1.genblk1.genblk1.genblk1.lut1 (4 -> 3)
  Optimizing lut $abc$174158$lut$aiger174157$10420.genblk1.genblk1.genblk1.genblk1.genblk1.genblk1.genblk1.lut0 (4 -> 2)
  Optimizing lut $abc$174158$lut$aiger$o8025.genblk1.genblk1.genblk1.genblk1.genblk1.lut1 (4 -> 3)
  Optimizing lut $abc$174158$lut$aiger174157$7637.genblk1.genblk1.genblk1.genblk1.genblk1.lut1 (4 -> 0)
  Optimizing lut $abc$174158$lut$aiger174157$7630.genblk1.genblk1.genblk1.genblk1.genblk1.lut0 (4 -> 0)
  Optimizing lut $abc$174158$lut$aiger$o7675.genblk1.genblk1.genblk1.genblk1.genblk1.lut1 (4 -> 3)
  Optimizing lut $abc$174158$lut$aiger$o7616.genblk1.genblk1.genblk1.genblk1.genblk1.lut1 (4 -> 3)
  Optimizing lut $auto$abc_ops_reintegrate.cc:652:reintegrate$174570.genblk1.genblk1.genblk1.genblk1.genblk1.lut0 (4 -> 3)
  Optimizing lut $abc$174158$lut$aiger$o7616.genblk1.genblk1.genblk1.genblk1.genblk1.lut0 (4 -> 3)
  Optimizing lut $abc$174158$lut$aiger174157$18896.genblk1.genblk1.genblk1.genblk1.genblk1.lut1 (4 -> 0)
  Optimizing lut $abc$174158$lut$aiger174157$18891.genblk1.genblk1.genblk1.genblk1.genblk1.lut1 (4 -> 3)
  Optimizing lut $abc$174158$lut$aiger$o7687.genblk1.genblk1.genblk1.genblk1.genblk1.lut1 (4 -> 3)
  Optimizing lut $abc$174158$lut$aiger174157$10456.genblk1.genblk1.genblk1.genblk1.genblk1.lut1 (4 -> 3)
  Optimizing lut $auto$abc_ops_reintegrate.cc:652:reintegrate$174573.genblk1.genblk1.genblk1.genblk1.genblk1.lut0 (4 -> 3)
  Optimizing lut $abc$174158$lut$aiger174157$16608.genblk1.genblk1.genblk1.genblk1.genblk1.lut1 (4 -> 1)
  Optimizing lut $abc$174158$lut$aiger174157$16608.genblk1.genblk1.genblk1.genblk1.genblk1.lut0 (4 -> 3)
  Optimizing lut $abc$174158$lut$aiger174157$15274.genblk1.genblk1.genblk1.genblk1.genblk1.lut1 (4 -> 3)
  Optimizing lut $abc$174158$lut$aiger174157$10474.genblk1.genblk1.genblk1.genblk1.genblk1.genblk1.genblk1.lut0 (4 -> 0)
  Optimizing lut $abc$174158$lut$aiger174157$16778.genblk1.genblk1.genblk1.genblk1.genblk1.lut1 (4 -> 0)
  Optimizing lut $abc$174158$lut$aiger174157$10480.genblk1.genblk1.genblk1.genblk1.genblk1.genblk1.genblk1.lut0 (4 -> 3)
  Optimizing lut $abc$174158$lut$aiger174157$10533.genblk1.genblk1.genblk1.genblk1.genblk1.genblk1.genblk1.lut1 (4 -> 0)
  Optimizing lut $abc$174158$lut$aiger174157$10505.genblk1.genblk1.genblk1.genblk1.genblk1.genblk1.genblk1.lut0 (4 -> 0)
  Optimizing lut $abc$174158$lut$aiger174157$7963.genblk1.genblk1.genblk1.genblk1.genblk1.lut1 (4 -> 2)
  Optimizing lut $abc$174158$lut$aiger174157$15653.genblk1.genblk1.genblk1.genblk1.genblk1.lut1 (4 -> 3)
  Optimizing lut $abc$174158$lut$aiger174157$7736.genblk1.genblk1.genblk1.genblk1.genblk1.lut1 (4 -> 0)
  Optimizing lut $abc$174158$lut$aiger174157$10519.genblk1.genblk1.genblk1.genblk1.genblk1.genblk1.genblk1.lut0 (4 -> 0)
  Optimizing lut $abc$174158$lut$aiger174157$16972.genblk1.genblk1.genblk1.genblk1.genblk1.lut1 (4 -> 3)
  Optimizing lut $abc$174158$lut$aiger174157$7729.genblk1.genblk1.genblk1.genblk1.genblk1.lut1 (4 -> 0)
  Optimizing lut $abc$174158$lut$aiger174157$10533.genblk1.genblk1.genblk1.genblk1.genblk1.genblk1.genblk1.lut0 (4 -> 0)
  Optimizing lut $abc$174158$lut$aiger174157$7758.genblk1.genblk1.genblk1.genblk1.genblk1.lut1 (4 -> 0)
  Optimizing lut $abc$174158$lut$aiger174157$7780.genblk1.genblk1.genblk1.genblk1.genblk1.lut1 (4 -> 0)
  Optimizing lut $abc$174158$lut$aiger174157$10556.genblk1.genblk1.genblk1.genblk1.genblk1.lut0 (4 -> 0)
  Optimizing lut $abc$174158$lut$aiger174157$10580.genblk1.genblk1.genblk1.genblk1.genblk1.genblk1.genblk1.lut1 (4 -> 3)
  Optimizing lut $abc$174158$lut$aiger174157$16695.genblk1.genblk1.genblk1.genblk1.genblk1.lut1 (4 -> 0)
  Optimizing lut $abc$174158$lut$aiger174157$16087.genblk1.genblk1.genblk1.genblk1.genblk1.lut0 (4 -> 3)
  Optimizing lut $abc$174158$lut$aiger174157$14606.genblk1.genblk1.genblk1.genblk1.genblk1.lut0 (4 -> 3)
  Optimizing lut $abc$174158$lut$aiger174157$7798.genblk1.genblk1.genblk1.genblk1.genblk1.lut0 (4 -> 0)
  Optimizing lut $abc$174158$lut$aiger174157$10586.genblk1.genblk1.genblk1.genblk1.genblk1.genblk1.genblk1.lut0 (4 -> 3)
  Optimizing lut $abc$174158$lut$aiger174157$17131.genblk1.genblk1.genblk1.genblk1.genblk1.lut1 (4 -> 3)
  Optimizing lut $abc$174158$lut$aiger174157$10592.genblk1.genblk1.genblk1.genblk1.genblk1.genblk1.genblk1.lut0 (4 -> 0)
  Optimizing lut $abc$174158$lut$aiger174157$10601.genblk1.genblk1.genblk1.genblk1.genblk1.lut0 (4 -> 3)
  Optimizing lut $abc$174158$lut$aiger174157$10643.genblk1.genblk1.genblk1.genblk1.genblk1.genblk1.lut1 (4 -> 3)
  Optimizing lut $abc$174158$lut$aiger174157$15263.genblk1.genblk1.genblk1.genblk1.genblk1.lut1 (4 -> 0)
  Optimizing lut $abc$174158$lut$aiger174157$7839.genblk1.genblk1.genblk1.genblk1.genblk1.lut0 (4 -> 0)
  Optimizing lut $abc$174158$lut$aiger174157$10617.genblk1.genblk1.genblk1.genblk1.genblk1.genblk1.genblk1.lut0 (4 -> 0)
  Optimizing lut $abc$174158$lut$aiger174157$18126.genblk1.genblk1.genblk1.genblk1.genblk1.lut0 (4 -> 3)
  Optimizing lut $abc$174158$lut$aiger174157$13853.genblk1.genblk1.genblk1.genblk1.genblk1.lut1 (4 -> 3)
  Optimizing lut $abc$174158$lut$aiger174157$7864.genblk1.genblk1.genblk1.genblk1.genblk1.lut1 (4 -> 2)
  Optimizing lut $abc$174158$lut$aiger174157$14618.genblk1.genblk1.genblk1.genblk1.genblk1.lut0 (4 -> 0)
  Optimizing lut $abc$174158$lut$aiger174157$7860.genblk1.genblk1.genblk1.genblk1.genblk1.lut0 (4 -> 0)
  Optimizing lut $abc$174158$lut$aiger174157$10622.genblk1.genblk1.genblk1.genblk1.genblk1.lut0 (4 -> 3)
  Optimizing lut $auto$abc_ops_reintegrate.cc:652:reintegrate$174609.genblk1.genblk1.genblk1.genblk1.genblk1.lut0 (4 -> 3)
  Optimizing lut $abc$174158$lut$aiger174157$14623.genblk1.genblk1.genblk1.genblk1.genblk1.lut0 (4 -> 3)
  Optimizing lut $abc$174158$lut$aiger174157$14623.genblk1.genblk1.genblk1.genblk1.genblk1.lut1 (4 -> 1)
  Optimizing lut $abc$174158$lut$aiger174157$10637.genblk1.genblk1.genblk1.genblk1.genblk1.genblk1.genblk1.lut0 (4 -> 2)
  Optimizing lut $abc$174158$lut$aiger174157$15722.genblk1.genblk1.genblk1.genblk1.genblk1.lut1 (4 -> 2)
  Optimizing lut $abc$174158$lut$aiger174157$7879.genblk1.genblk1.genblk1.genblk1.genblk1.lut1 (4 -> 2)
  Optimizing lut $abc$174158$lut$aiger174157$10643.genblk1.genblk1.genblk1.genblk1.genblk1.genblk1.lut0 (4 -> 2)
  Optimizing lut $abc$174158$lut$aiger$o7840.genblk1.genblk1.genblk1.genblk1.genblk1.lut0 (4 -> 0)
  Optimizing lut $abc$174158$lut$aiger174157$7910.genblk1.genblk1.genblk1.genblk1.genblk1.lut1 (4 -> 2)
  Optimizing lut $abc$174158$lut$aiger174157$10654.genblk1.genblk1.genblk1.genblk1.genblk1.genblk1.lut0 (4 -> 3)
  Optimizing lut $abc$174158$lut$aiger174157$7898.genblk1.genblk1.genblk1.genblk1.genblk1.lut1 (4 -> 2)
  Optimizing lut $abc$174158$lut$aiger174157$7925.genblk1.genblk1.genblk1.genblk1.genblk1.lut1 (4 -> 2)
  Optimizing lut $abc$174158$lut$aiger174157$10658.genblk1.genblk1.genblk1.genblk1.genblk1.lut0 (4 -> 0)
  Optimizing lut $auto$abc_ops_reintegrate.cc:652:reintegrate$174619.genblk1.genblk1.genblk1.genblk1.genblk1.lut0 (4 -> 3)
  Optimizing lut $abc$174158$lut$aiger174157$15668.genblk1.genblk1.genblk1.genblk1.genblk1.lut1 (4 -> 3)
  Optimizing lut $abc$174158$lut$aiger174157$10665.genblk1.genblk1.genblk1.genblk1.genblk1.genblk1.lut0 (4 -> 0)
  Optimizing lut $abc$174158$lut$aiger174157$10670.genblk1.genblk1.genblk1.genblk1.genblk1.genblk1.lut0 (4 -> 0)
  Optimizing lut $abc$174158$lut$aiger174157$7917.genblk1.genblk1.genblk1.genblk1.genblk1.lut1 (4 -> 2)
  Optimizing lut $abc$174158$lut$aiger174157$12559.genblk1.genblk1.genblk1.genblk1.genblk1.lut0 (4 -> 3)
  Optimizing lut $abc$174158$lut$aiger174157$13603.genblk1.genblk1.genblk1.genblk1.genblk1.lut1 (4 -> 0)
  Optimizing lut $abc$174158$lut$aiger174157$7936.genblk1.genblk1.genblk1.genblk1.genblk1.lut1 (4 -> 2)
  Optimizing lut $abc$174158$lut$aiger174157$10682.genblk1.genblk1.genblk1.genblk1.genblk1.lut0 (4 -> 2)
  Optimizing lut $abc$174158$lut$aiger174157$7955.genblk1.genblk1.genblk1.genblk1.genblk1.lut0 (4 -> 0)
  Optimizing lut $abc$174158$lut$aiger174157$10670.genblk1.genblk1.genblk1.genblk1.genblk1.genblk1.lut1 (4 -> 3)
  Optimizing lut $abc$174158$lut$aiger174157$10689.genblk1.genblk1.genblk1.genblk1.genblk1.lut0 (4 -> 2)
  Optimizing lut $abc$174158$lut$aiger$o7502.genblk1.genblk1.genblk1.genblk1.genblk1.lut1 (4 -> 3)
  Optimizing lut $abc$174158$lut$aiger$o7517.genblk1.genblk1.genblk1.genblk1.genblk1.lut1 (4 -> 3)
  Optimizing lut $abc$174158$lut$aiger174157$16394.genblk1.genblk1.genblk1.genblk1.genblk1.lut1 (4 -> 0)
  Optimizing lut $abc$174158$lut$aiger174157$13780.genblk1.genblk1.genblk1.genblk1.genblk1.lut1 (4 -> 3)
  Optimizing lut $abc$174158$lut$aiger174157$10700.genblk1.genblk1.genblk1.genblk1.genblk1.genblk1.genblk1.lut0 (4 -> 3)
  Optimizing lut $abc$174158$lut$aiger174157$7986.genblk1.genblk1.genblk1.genblk1.genblk1.lut1 (4 -> 2)
  Optimizing lut $abc$174158$lut$aiger174157$10704.genblk1.genblk1.genblk1.genblk1.genblk1.lut0 (4 -> 3)
  Optimizing lut $abc$174158$lut$aiger174157$8004.genblk1.genblk1.genblk1.genblk1.genblk1.lut1 (4 -> 2)
  Optimizing lut $abc$174158$lut$aiger174157$8013.genblk1.genblk1.genblk1.genblk1.genblk1.lut0 (4 -> 0)
  Optimizing lut $abc$174158$lut$aiger174157$8017.genblk1.genblk1.genblk1.genblk1.genblk1.lut1 (4 -> 2)
  Optimizing lut $abc$174158$lut$aiger174157$10723.genblk1.genblk1.genblk1.genblk1.genblk1.genblk1.genblk1.lut0 (4 -> 2)
  Optimizing lut $abc$174158$lut$aiger174157$17342.genblk1.genblk1.genblk1.genblk1.genblk1.lut1 (4 -> 3)
  Optimizing lut $abc$174158$lut$aiger174157$10728.genblk1.genblk1.genblk1.genblk1.genblk1.genblk1.lut0 (4 -> 3)
  Optimizing lut $abc$174158$lut$aiger174157$16961.genblk1.genblk1.genblk1.genblk1.genblk1.lut1 (4 -> 0)
  Optimizing lut $abc$174158$lut$aiger174157$16328.genblk1.genblk1.genblk1.genblk1.genblk1.lut0 (4 -> 0)
  Optimizing lut $abc$174158$lut$aiger174157$16956.genblk1.genblk1.genblk1.genblk1.genblk1.lut1 (4 -> 3)
  Optimizing lut $auto$abc_ops_reintegrate.cc:652:reintegrate$174641.genblk1.genblk1.genblk1.genblk1.genblk1.lut1 (4 -> 1)
  Optimizing lut $abc$174158$lut$aiger174157$13769.genblk1.genblk1.genblk1.genblk1.genblk1.lut1 (4 -> 0)
  Optimizing lut $abc$174158$lut$aiger174157$8079.genblk1.genblk1.genblk1.genblk1.genblk1.lut0 (4 -> 0)
  Optimizing lut $abc$174158$lut$aiger174157$23542.genblk1.genblk1.genblk1.genblk1.genblk1.lut0 (4 -> 0)
  Optimizing lut $auto$abc_ops_reintegrate.cc:652:reintegrate$174171.genblk1.genblk1.genblk1.genblk1.genblk1.lut1 (4 -> 0)
  Optimizing lut $abc$174158$lut$aiger174157$21309.genblk1.genblk1.genblk1.genblk1.genblk1.lut0 (4 -> 3)
  Optimizing lut $abc$174158$lut$aiger174157$23531.genblk1.genblk1.genblk1.genblk1.genblk1.lut1 (4 -> 0)
  Optimizing lut $abc$174158$lut$aiger$o7341.genblk1.genblk1.genblk1.genblk1.genblk1.genblk1.lut0 (4 -> 0)
  Optimizing lut $abc$174158$lut$aiger174157$18762.genblk1.genblk1.genblk1.genblk1.genblk1.lut1 (4 -> 0)
  Optimizing lut $abc$174158$lut$aiger174157$10780.genblk1.genblk1.genblk1.genblk1.genblk1.lut0 (4 -> 0)
  Optimizing lut $abc$174158$lut$aiger174157$10872.genblk1.genblk1.genblk1.genblk1.genblk1.genblk1.lut1 (4 -> 1)
  Optimizing lut $abc$174158$lut$aiger174157$13818.genblk1.genblk1.genblk1.genblk1.genblk1.lut1 (4 -> 3)
  Optimizing lut $abc$174158$lut$aiger$o7479.genblk1.genblk1.genblk1.genblk1.genblk1.lut0 (4 -> 0)
  Optimizing lut $abc$174158$lut$aiger174157$10796.genblk1.genblk1.genblk1.genblk1.genblk1.genblk1.lut0 (4 -> 0)
  Optimizing lut $abc$174158$lut$aiger174157$18755.genblk1.genblk1.genblk1.genblk1.genblk1.lut1 (4 -> 3)
  Optimizing lut $auto$abc_ops_reintegrate.cc:652:reintegrate$174650.genblk1.genblk1.genblk1.genblk1.genblk1.lut0 (4 -> 1)
  Optimizing lut $abc$174158$lut$aiger174157$8134.genblk1.genblk1.genblk1.genblk1.genblk1.genblk1.genblk1.lut0 (4 -> 2)
  Optimizing lut $abc$174158$lut$aiger174157$15325.genblk1.genblk1.genblk1.genblk1.genblk1.lut0 (4 -> 0)
  Optimizing lut $abc$174158$lut$aiger174157$10861.genblk1.genblk1.genblk1.genblk1.genblk1.lut1 (4 -> 2)
  Optimizing lut $abc$174158$lut$aiger174157$16333.genblk1.genblk1.genblk1.genblk1.genblk1.lut0 (4 -> 3)
  Optimizing lut $abc$174158$lut$aiger174157$16109.genblk1.genblk1.genblk1.genblk1.genblk1.lut0 (4 -> 0)
  Optimizing lut $auto$abc_ops_reintegrate.cc:652:reintegrate$174809.genblk1.genblk1.genblk1.genblk1.genblk1.lut1 (4 -> 3)
  Optimizing lut $abc$174158$lut$aiger$o7769.genblk1.genblk1.genblk1.genblk1.genblk1.lut0 (4 -> 0)
  Optimizing lut $abc$174158$lut$aiger174157$8171.genblk1.genblk1.genblk1.genblk1.genblk1.genblk1.genblk1.lut0 (4 -> 2)
  Optimizing lut $abc$174158$lut$aiger174157$15657.genblk1.genblk1.genblk1.genblk1.genblk1.lut1 (4 -> 0)
  Optimizing lut $abc$174158$lut$aiger174157$10839.genblk1.genblk1.genblk1.genblk1.genblk1.lut0 (4 -> 3)
  Optimizing lut $abc$174158$lut$aiger174157$12342.genblk1.genblk1.genblk1.genblk1.genblk1.lut1 (4 -> 3)
  Optimizing lut $abc$174158$lut$aiger174157$17331.genblk1.genblk1.genblk1.genblk1.genblk1.lut1 (4 -> 0)
  Optimizing lut $abc$174158$lut$aiger174157$13807.genblk1.genblk1.genblk1.genblk1.genblk1.lut1 (4 -> 0)
  Optimizing lut $abc$174158$lut$aiger174157$8208.genblk1.genblk1.genblk1.genblk1.genblk1.genblk1.genblk1.lut0 (4 -> 2)
  Optimizing lut $abc$174158$lut$aiger174157$8381.genblk1.genblk1.genblk1.genblk1.genblk1.lut1 (4 -> 2)
  Optimizing lut $abc$174158$lut$aiger174157$10872.genblk1.genblk1.genblk1.genblk1.genblk1.genblk1.lut0 (4 -> 1)
  Optimizing lut $abc$174158$lut$aiger174157$14695.genblk1.genblk1.genblk1.genblk1.genblk1.lut0 (4 -> 3)
  Optimizing lut $abc$174158$lut$aiger174157$21239.genblk1.genblk1.genblk1.genblk1.genblk1.lut0 (4 -> 0)
  Optimizing lut $abc$174158$lut$aiger174157$13722.genblk1.genblk1.genblk1.genblk1.genblk1.lut1 (4 -> 3)
  Optimizing lut $abc$174158$lut$aiger174157$10880.genblk1.genblk1.genblk1.genblk1.genblk1.lut0 (4 -> 3)
  Optimizing lut $auto$abc_ops_reintegrate.cc:652:reintegrate$174678.genblk1.genblk1.genblk1.genblk1.genblk1.genblk1.lut1 (4 -> 3)
  Optimizing lut $abc$174158$lut$aiger$o8141.genblk1.genblk1.genblk1.genblk1.genblk1.lut1 (4 -> 3)
  Optimizing lut $abc$174158$lut$aiger174157$10897.genblk1.genblk1.genblk1.genblk1.genblk1.lut1 (4 -> 3)
  Optimizing lut $auto$abc_ops_reintegrate.cc:652:reintegrate$174678.genblk1.genblk1.genblk1.genblk1.genblk1.genblk1.lut0 (4 -> 1)
  Optimizing lut $abc$174158$lut$aiger174157$8245.genblk1.genblk1.genblk1.genblk1.genblk1.genblk1.genblk1.lut0 (4 -> 2)
  Optimizing lut $auto$abc_ops_reintegrate.cc:652:reintegrate$174679.genblk1.genblk1.genblk1.genblk1.genblk1.genblk1.genblk1.lut0 (4 -> 0)
  Optimizing lut $abc$174158$lut$aiger174157$10897.genblk1.genblk1.genblk1.genblk1.genblk1.lut0 (4 -> 3)
  Optimizing lut $abc$174158$lut$aiger174157$16486.genblk1.genblk1.genblk1.genblk1.genblk1.lut1 (4 -> 3)
  Optimizing lut $abc$174158$lut$aiger174157$14702.genblk1.genblk1.genblk1.genblk1.genblk1.lut0 (4 -> 2)
  Optimizing lut $auto$abc_ops_reintegrate.cc:652:reintegrate$174749.genblk1.genblk1.genblk1.genblk1.genblk1.lut1 (4 -> 0)
  Optimizing lut $abc$174158$lut$aiger174157$13840.genblk1.genblk1.genblk1.genblk1.genblk1.lut1 (4 -> 3)
  Optimizing lut $abc$174158$lut$aiger174157$8282.genblk1.genblk1.genblk1.genblk1.genblk1.genblk1.genblk1.lut0 (4 -> 2)
  Optimizing lut $abc$174158$lut$aiger$o7161.genblk1.genblk1.genblk1.genblk1.genblk1.genblk1.lut1 (4 -> 0)
  Optimizing lut $abc$174158$lut$aiger$o7161.genblk1.genblk1.genblk1.genblk1.genblk1.genblk1.lut0 (4 -> 0)
  Optimizing lut $abc$174158$lut$aiger174157$8307.genblk1.genblk1.genblk1.genblk1.genblk1.lut1 (4 -> 3)
  Optimizing lut $abc$174158$lut$aiger174157$16789.genblk1.genblk1.genblk1.genblk1.genblk1.lut1 (4 -> 3)
  Optimizing lut $abc$174158$lut$aiger174157$10982.genblk1.genblk1.genblk1.genblk1.genblk1.genblk1.lut1 (4 -> 0)
  Optimizing lut $abc$174158$lut$aiger174157$10951.genblk1.genblk1.genblk1.genblk1.genblk1.lut0 (4 -> 0)
  Optimizing lut $abc$174158$lut$aiger174157$8325.genblk1.genblk1.genblk1.genblk1.genblk1.lut1 (4 -> 0)
  Optimizing lut $abc$174158$lut$aiger$o8428.genblk1.genblk1.genblk1.genblk1.genblk1.genblk1.genblk1.lut0 (4 -> 2)
  Optimizing lut $abc$174158$lut$aiger174157$10976.genblk1.genblk1.genblk1.genblk1.genblk1.lut1 (4 -> 2)
  Optimizing lut $abc$174158$lut$aiger174157$8352.genblk1.genblk1.genblk1.genblk1.genblk1.lut0 (4 -> 0)
  Optimizing lut $abc$174158$lut$aiger174157$11109.genblk1.genblk1.genblk1.genblk1.genblk1.lut1 (4 -> 2)
  Optimizing lut $abc$174158$lut$aiger174157$14724.genblk1.genblk1.genblk1.genblk1.genblk1.lut0 (4 -> 3)
  Optimizing lut $abc$174158$lut$aiger174157$11015.genblk1.genblk1.genblk1.genblk1.genblk1.genblk1.genblk1.lut1 (4 -> 2)
  Optimizing lut $abc$174158$lut$aiger174157$14724.genblk1.genblk1.genblk1.genblk1.genblk1.lut1 (4 -> 3)
  Optimizing lut $abc$174158$lut$aiger174157$23182.genblk1.genblk1.genblk1.genblk1.genblk1.lut1 (4 -> 0)
  Optimizing lut $abc$174158$lut$aiger174157$10989.genblk1.genblk1.genblk1.genblk1.genblk1.lut0 (4 -> 0)
  Optimizing lut $abc$174158$lut$aiger$o8174.genblk1.genblk1.genblk1.genblk1.genblk1.genblk1.genblk1.lut0 (4 -> 2)
  Optimizing lut $abc$174158$lut$aiger174157$8428.genblk1.genblk1.genblk1.genblk1.genblk1.lut1 (4 -> 0)
  Optimizing lut $abc$174158$lut$aiger$o8699.genblk1.genblk1.genblk1.genblk1.genblk1.lut1 (4 -> 3)
  Optimizing lut $abc$174158$lut$aiger174157$21129.genblk1.genblk1.genblk1.genblk1.genblk1.lut0 (4 -> 3)
  Optimizing lut $abc$174158$lut$aiger$o7627.genblk1.genblk1.genblk1.genblk1.genblk1.lut0 (4 -> 0)
  Optimizing lut $abc$174158$lut$aiger174157$11015.genblk1.genblk1.genblk1.genblk1.genblk1.genblk1.genblk1.lut0 (4 -> 3)
  Optimizing lut $abc$174158$lut$aiger174157$17611.genblk1.genblk1.genblk1.genblk1.genblk1.lut0 (4 -> 3)
  Optimizing lut $abc$174158$lut$aiger174157$14752.genblk1.genblk1.genblk1.genblk1.genblk1.lut1 (4 -> 0)
  Optimizing lut $abc$174158$lut$aiger$o8343.genblk1.genblk1.genblk1.genblk1.genblk1.genblk1.genblk1.lut1 (4 -> 2)
  Optimizing lut $auto$abc_ops_reintegrate.cc:652:reintegrate$174679.genblk1.genblk1.genblk1.genblk1.genblk1.genblk1.genblk1.lut1 (4 -> 0)
  Optimizing lut $abc$174158$lut$aiger174157$11052.genblk1.genblk1.genblk1.genblk1.genblk1.lut0 (4 -> 0)
  Optimizing lut $abc$174158$lut$aiger174157$8487.genblk1.genblk1.genblk1.genblk1.genblk1.lut1 (4 -> 0)
  Optimizing lut $abc$174158$lut$aiger$o8255.genblk1.genblk1.genblk1.genblk1.genblk1.genblk1.genblk1.lut1 (4 -> 2)
  Optimizing lut $abc$174158$lut$aiger$o8343.genblk1.genblk1.genblk1.genblk1.genblk1.genblk1.genblk1.lut0 (4 -> 2)
  Optimizing lut $abc$174158$lut$aiger174157$23193.genblk1.genblk1.genblk1.genblk1.genblk1.lut0 (4 -> 0)
  Optimizing lut $abc$174158$lut$aiger174157$11068.genblk1.genblk1.genblk1.genblk1.genblk1.lut0 (4 -> 0)
  Optimizing lut $abc$174158$lut$aiger$o7684.genblk1.genblk1.genblk1.genblk1.genblk1.lut0 (4 -> 0)
  Optimizing lut $abc$174158$lut$aiger174157$11213.genblk1.genblk1.genblk1.genblk1.genblk1.genblk1.lut1 (4 -> 0)
  Optimizing lut $abc$174158$lut$aiger$o8255.genblk1.genblk1.genblk1.genblk1.genblk1.genblk1.genblk1.lut0 (4 -> 2)
  Optimizing lut $abc$174158$lut$aiger174157$11083.genblk1.genblk1.genblk1.genblk1.genblk1.genblk1.genblk1.lut0 (4 -> 0)
  Optimizing lut $abc$174158$lut$aiger174157$8528.genblk1.genblk1.genblk1.genblk1.genblk1.lut0 (4 -> 0)
  Optimizing lut $abc$174158$lut$aiger174157$11090.genblk1.genblk1.genblk1.genblk1.genblk1.lut0 (4 -> 0)
  Optimizing lut $abc$174158$lut$aiger$o8609.genblk1.genblk1.genblk1.genblk1.genblk1.genblk1.genblk1.lut0 (4 -> 2)
  Optimizing lut $abc$174158$lut$aiger$o7936.genblk1.genblk1.genblk1.genblk1.genblk1.lut0 (4 -> 0)
  Optimizing lut $auto$abc_ops_reintegrate.cc:652:reintegrate$174763.genblk1.genblk1.genblk1.genblk1.genblk1.lut0 (4 -> 0)
  Optimizing lut $auto$abc_ops_reintegrate.cc:652:reintegrate$174764.genblk1.genblk1.genblk1.genblk1.genblk1.lut0 (4 -> 0)
  Optimizing lut $abc$174158$lut$aiger174157$16333.genblk1.genblk1.genblk1.genblk1.genblk1.lut1 (4 -> 1)
  Optimizing lut $auto$abc_ops_reintegrate.cc:652:reintegrate$174765.genblk1.genblk1.genblk1.genblk1.genblk1.lut0 (4 -> 0)
  Optimizing lut $abc$174158$lut$aiger174157$22956.genblk1.genblk1.genblk1.genblk1.genblk1.lut1 (4 -> 0)
  Optimizing lut $abc$174158$lut$aiger174157$11122.genblk1.genblk1.genblk1.genblk1.genblk1.lut0 (4 -> 0)
  Optimizing lut $abc$174158$lut$aiger174157$8581.genblk1.genblk1.genblk1.genblk1.genblk1.lut0 (4 -> 0)
  Optimizing lut $auto$abc_ops_reintegrate.cc:652:reintegrate$174650.genblk1.genblk1.genblk1.genblk1.genblk1.lut1 (4 -> 3)
  Optimizing lut $abc$174158$lut$aiger$o7933.genblk1.genblk1.genblk1.genblk1.genblk1.lut0 (4 -> 0)
  Optimizing lut $abc$174158$lut$aiger$o8283.genblk1.genblk1.genblk1.genblk1.genblk1.lut1 (4 -> 3)
  Optimizing lut $abc$174158$lut$aiger174157$13969.genblk1.genblk1.genblk1.genblk1.genblk1.lut1 (4 -> 0)
  Optimizing lut $abc$174158$lut$aiger$o8195.genblk1.genblk1.genblk1.genblk1.genblk1.genblk1.genblk1.lut0 (4 -> 2)
  Optimizing lut $abc$174158$lut$aiger174157$8617.genblk1.genblk1.genblk1.genblk1.genblk1.lut0 (4 -> 3)
  Optimizing lut $abc$174158$lut$aiger$o8589.genblk1.genblk1.genblk1.genblk1.genblk1.lut1 (4 -> 3)
  Optimizing lut $abc$174158$lut$aiger174157$8642.genblk1.genblk1.genblk1.genblk1.genblk1.lut1 (4 -> 0)
  Optimizing lut $abc$174158$lut$aiger$o8195.genblk1.genblk1.genblk1.genblk1.genblk1.genblk1.genblk1.lut1 (4 -> 2)
  Optimizing lut $abc$174158$lut$aiger174157$16668.genblk1.genblk1.genblk1.genblk1.genblk1.lut0 (4 -> 0)
  Optimizing lut $abc$174158$lut$aiger174157$16603.genblk1.genblk1.genblk1.genblk1.genblk1.lut0 (4 -> 0)
  Optimizing lut $abc$174158$lut$aiger174157$8637.genblk1.genblk1.genblk1.genblk1.genblk1.genblk1.lut0 (4 -> 0)
  Optimizing lut $abc$174158$lut$aiger$o8395.genblk1.genblk1.genblk1.genblk1.genblk1.lut1 (4 -> 3)
  Optimizing lut $abc$174158$lut$aiger$o8339.genblk1.genblk1.genblk1.genblk1.genblk1.lut1 (4 -> 3)
  Optimizing lut $abc$174158$lut$aiger174157$8675.genblk1.genblk1.genblk1.genblk1.genblk1.lut1 (4 -> 0)
  Optimizing lut $abc$174158$lut$aiger174157$8671.genblk1.genblk1.genblk1.genblk1.genblk1.lut0 (4 -> 0)
  Optimizing lut $abc$174158$lut$aiger$o7826.genblk1.genblk1.genblk1.genblk1.genblk1.lut0 (4 -> 0)
  Optimizing lut $abc$174158$lut$aiger174157$11186.genblk1.genblk1.genblk1.genblk1.genblk1.lut0 (4 -> 0)
  Optimizing lut $abc$174158$lut$aiger174157$16405.genblk1.genblk1.genblk1.genblk1.genblk1.lut1 (4 -> 3)
  Optimizing lut $abc$174158$lut$aiger174157$17292.genblk1.genblk1.genblk1.genblk1.genblk1.lut1 (4 -> 3)
  Optimizing lut $abc$174158$lut$aiger$o8110.genblk1.genblk1.genblk1.genblk1.genblk1.genblk1.genblk1.lut1 (4 -> 2)
  Optimizing lut $abc$174158$lut$aiger174157$19557.genblk1.genblk1.genblk1.genblk1.genblk1.lut0 (4 -> 3)
  Optimizing lut $abc$174158$lut$aiger174157$11199.genblk1.genblk1.genblk1.genblk1.genblk1.lut0 (4 -> 3)
  Optimizing lut $abc$174158$lut$aiger174157$12892.genblk1.genblk1.genblk1.genblk1.genblk1.lut0 (4 -> 3)
  Optimizing lut $abc$174158$lut$aiger174157$14000.genblk1.genblk1.genblk1.genblk1.genblk1.genblk1.lut1 (4 -> 2)
  Optimizing lut $abc$174158$lut$aiger$o8110.genblk1.genblk1.genblk1.genblk1.genblk1.genblk1.genblk1.lut0 (4 -> 2)
  Optimizing lut $abc$174158$lut$aiger174157$11213.genblk1.genblk1.genblk1.genblk1.genblk1.genblk1.lut0 (4 -> 0)
  Optimizing lut $abc$174158$lut$aiger174157$11083.genblk1.genblk1.genblk1.genblk1.genblk1.genblk1.genblk1.lut1 (4 -> 0)
  Optimizing lut $abc$174158$lut$aiger174157$11226.genblk1.genblk1.genblk1.genblk1.genblk1.lut1 (4 -> 3)
  Optimizing lut $abc$174158$lut$aiger174157$11226.genblk1.genblk1.genblk1.genblk1.genblk1.lut0 (4 -> 3)
  Optimizing lut $abc$174158$lut$aiger174157$17987.genblk1.genblk1.genblk1.genblk1.genblk1.lut1 (4 -> 3)
  Optimizing lut $abc$174158$lut$aiger174157$22967.genblk1.genblk1.genblk1.genblk1.genblk1.lut0 (4 -> 0)
  Optimizing lut $abc$174158$lut$aiger174157$16259.genblk1.genblk1.genblk1.genblk1.genblk1.lut1 (4 -> 0)
  Optimizing lut $abc$174158$lut$aiger174157$20930.genblk1.genblk1.genblk1.genblk1.genblk1.lut0 (4 -> 0)
  Optimizing lut $abc$174158$lut$aiger$o8049.genblk1.genblk1.genblk1.genblk1.genblk1.lut1 (4 -> 3)
  Optimizing lut $auto$abc_ops_reintegrate.cc:652:reintegrate$174742.genblk1.genblk1.genblk1.genblk1.genblk1.lut1 (4 -> 3)
  Optimizing lut $abc$174158$lut$aiger174157$14012.genblk1.genblk1.genblk1.genblk1.genblk1.lut1 (4 -> 2)
  Optimizing lut $abc$174158$lut$aiger174157$16344.genblk1.genblk1.genblk1.genblk1.genblk1.lut0 (4 -> 0)
  Optimizing lut $abc$174158$lut$aiger174157$11254.genblk1.genblk1.genblk1.genblk1.genblk1.lut0 (4 -> 3)
  Optimizing lut $abc$174158$lut$aiger$o7848.genblk1.genblk1.genblk1.genblk1.genblk1.genblk1.genblk1.lut1 (4 -> 2)
  Optimizing lut $abc$174158$lut$aiger$o7964.genblk1.genblk1.genblk1.genblk1.genblk1.genblk1.genblk1.lut0 (4 -> 2)
  Optimizing lut $abc$174158$lut$aiger174157$14839.genblk1.genblk1.genblk1.genblk1.genblk1.lut0 (4 -> 3)
  Optimizing lut $abc$174158$lut$aiger174157$11270.genblk1.genblk1.genblk1.genblk1.genblk1.lut0 (4 -> 3)
  Optimizing lut $abc$174158$lut$aiger174157$22922.genblk1.genblk1.genblk1.genblk1.genblk1.lut0 (4 -> 0)
  Optimizing lut $abc$174158$lut$aiger$o7993.genblk1.genblk1.genblk1.genblk1.genblk1.genblk1.genblk1.lut1 (4 -> 2)
  Optimizing lut $abc$174158$lut$aiger174157$22911.genblk1.genblk1.genblk1.genblk1.genblk1.lut1 (4 -> 0)
  Optimizing lut $abc$174158$lut$aiger$o7993.genblk1.genblk1.genblk1.genblk1.genblk1.genblk1.genblk1.lut0 (4 -> 2)
  Optimizing lut $abc$174158$lut$aiger174157$11286.genblk1.genblk1.genblk1.genblk1.genblk1.lut0 (4 -> 3)
  Optimizing lut $abc$174158$lut$aiger$o7918.genblk1.genblk1.genblk1.genblk1.genblk1.genblk1.genblk1.lut1 (4 -> 2)
  Optimizing lut $abc$174158$lut$aiger$o7848.genblk1.genblk1.genblk1.genblk1.genblk1.genblk1.genblk1.lut0 (4 -> 2)
  Optimizing lut $abc$174158$lut$aiger174157$18576.genblk1.genblk1.genblk1.genblk1.genblk1.lut1 (4 -> 0)
  Optimizing lut $abc$174158$lut$aiger$o7921.genblk1.genblk1.genblk1.genblk1.genblk1.lut0 (4 -> 0)
  Optimizing lut $abc$174158$lut$aiger174157$11302.genblk1.genblk1.genblk1.genblk1.genblk1.lut0 (4 -> 3)
  Optimizing lut $abc$174158$lut$aiger174157$17281.genblk1.genblk1.genblk1.genblk1.genblk1.lut1 (4 -> 0)
  Optimizing lut $abc$174158$lut$aiger174157$6030.genblk1.genblk1.genblk1.genblk1.genblk1.genblk1.lut1 (4 -> 0)
  Optimizing lut $abc$174158$lut$aiger$o7790.genblk1.genblk1.genblk1.genblk1.genblk1.genblk1.genblk1.lut1 (4 -> 2)
  Optimizing lut $abc$174158$lut$aiger$o7386.genblk1.genblk1.genblk1.genblk1.genblk1.genblk1.lut1 (4 -> 0)
  Optimizing lut $abc$174158$lut$aiger$o7386.genblk1.genblk1.genblk1.genblk1.genblk1.genblk1.lut0 (4 -> 0)
  Optimizing lut $abc$174158$lut$aiger$o7918.genblk1.genblk1.genblk1.genblk1.genblk1.genblk1.genblk1.lut0 (4 -> 2)
  Optimizing lut $abc$174158$lut$aiger174157$11322.genblk1.genblk1.genblk1.genblk1.genblk1.genblk1.genblk1.lut0 (4 -> 0)
  Optimizing lut $abc$174158$lut$aiger$o8784.genblk1.genblk1.genblk1.genblk1.genblk1.lut1 (4 -> 3)
  Optimizing lut $abc$174158$lut$aiger$o7780.genblk1.genblk1.genblk1.genblk1.genblk1.genblk1.genblk1.lut0 (4 -> 2)
  Optimizing lut $abc$174158$lut$aiger$o7667.genblk1.genblk1.genblk1.genblk1.genblk1.lut1 (4 -> 3)
  Optimizing lut $abc$174158$lut$aiger174157$11342.genblk1.genblk1.genblk1.genblk1.genblk1.genblk1.genblk1.lut0 (4 -> 0)
  Optimizing lut $abc$174158$lut$aiger$o7667.genblk1.genblk1.genblk1.genblk1.genblk1.lut0 (4 -> 3)
  Optimizing lut $auto$abc_ops_reintegrate.cc:652:reintegrate$174831.genblk1.genblk1.genblk1.genblk1.genblk1.lut0 (4 -> 0)
  Optimizing lut $abc$174158$lut$aiger$o7606.genblk1.genblk1.genblk1.genblk1.genblk1.genblk1.genblk1.lut1 (4 -> 2)
  Optimizing lut $abc$174158$lut$aiger$o7790.genblk1.genblk1.genblk1.genblk1.genblk1.genblk1.genblk1.lut0 (4 -> 2)
  Optimizing lut $abc$174158$lut$aiger174157$11362.genblk1.genblk1.genblk1.genblk1.genblk1.genblk1.genblk1.lut0 (4 -> 0)
  Optimizing lut $auto$abc_ops_reintegrate.cc:652:reintegrate$174834.genblk1.genblk1.genblk1.genblk1.genblk1.lut0 (4 -> 0)
  Optimizing lut $abc$174158$lut$aiger$o7269.genblk1.genblk1.genblk1.genblk1.genblk1.genblk1.lut0 (4 -> 0)
  Optimizing lut $abc$174158$lut$aiger$o7964.genblk1.genblk1.genblk1.genblk1.genblk1.genblk1.genblk1.lut1 (4 -> 2)
  Optimizing lut $abc$174158$lut$aiger$o7606.genblk1.genblk1.genblk1.genblk1.genblk1.genblk1.genblk1.lut0 (4 -> 2)
  Optimizing lut $abc$174158$lut$aiger174157$14885.genblk1.genblk1.genblk1.genblk1.genblk1.lut0 (4 -> 0)
  Optimizing lut $abc$174158$lut$aiger174157$7311.genblk1.genblk1.genblk1.genblk1.genblk1.lut1 (4 -> 1)
  Optimizing lut $abc$174158$lut$aiger$o8357.genblk1.genblk1.genblk1.genblk1.genblk1.lut0 (4 -> 0)
  Optimizing lut $abc$174158$lut$aiger174157$5246.genblk1.genblk1.genblk1.genblk1.genblk1.genblk1.genblk1.lut0 (4 -> 0)
  Optimizing lut $abc$174158$lut$aiger174157$5222.genblk1.genblk1.genblk1.genblk1.genblk1.genblk1.genblk1.lut0 (4 -> 0)
  Optimizing lut $auto$abc_ops_reintegrate.cc:652:reintegrate$174904.genblk1.genblk1.genblk1.genblk1.genblk1.lut0 (4 -> 2)
  Optimizing lut $auto$abc_ops_reintegrate.cc:652:reintegrate$174867.genblk1.genblk1.genblk1.genblk1.genblk1.lut0 (4 -> 1)
  Optimizing lut $auto$abc_ops_reintegrate.cc:652:reintegrate$174892.genblk1.genblk1.genblk1.genblk1.genblk1.lut0 (4 -> 1)
  Optimizing lut $abc$174158$lut$aiger174157$5315.genblk1.genblk1.genblk1.genblk1.genblk1.genblk1.lut0 (4 -> 0)
  Optimizing lut $auto$abc_ops_reintegrate.cc:652:reintegrate$174900.genblk1.genblk1.genblk1.genblk1.genblk1.lut0 (4 -> 1)
  Optimizing lut $auto$abc_ops_reintegrate.cc:652:reintegrate$174884.genblk1.genblk1.genblk1.genblk1.genblk1.lut0 (4 -> 1)
  Optimizing lut $abc$174158$lut$aiger174157$5212.genblk1.genblk1.genblk1.genblk1.genblk1.genblk1.genblk1.lut0 (4 -> 0)
  Optimizing lut $auto$abc_ops_reintegrate.cc:652:reintegrate$174893.genblk1.genblk1.genblk1.genblk1.genblk1.lut0 (4 -> 1)
  Optimizing lut $auto$abc_ops_reintegrate.cc:652:reintegrate$174901.genblk1.genblk1.genblk1.genblk1.genblk1.lut0 (4 -> 1)
  Optimizing lut $auto$abc_ops_reintegrate.cc:652:reintegrate$174877.genblk1.genblk1.genblk1.genblk1.genblk1.lut0 (4 -> 1)
  Optimizing lut $auto$abc_ops_reintegrate.cc:652:reintegrate$174885.genblk1.genblk1.genblk1.genblk1.genblk1.lut0 (4 -> 1)
  Optimizing lut $abc$174158$lut$aiger174157$5478.genblk1.genblk1.genblk1.genblk1.genblk1.lut1 (4 -> 0)
  Optimizing lut $auto$abc_ops_reintegrate.cc:652:reintegrate$174894.genblk1.genblk1.genblk1.genblk1.genblk1.lut0 (4 -> 1)
  Optimizing lut $auto$abc_ops_reintegrate.cc:652:reintegrate$174902.genblk1.genblk1.genblk1.genblk1.genblk1.lut0 (4 -> 1)
  Optimizing lut $auto$abc_ops_reintegrate.cc:652:reintegrate$174878.genblk1.genblk1.genblk1.genblk1.genblk1.lut0 (4 -> 1)
  Optimizing lut $auto$abc_ops_reintegrate.cc:652:reintegrate$174886.genblk1.genblk1.genblk1.genblk1.genblk1.lut0 (4 -> 1)
  Optimizing lut $auto$abc_ops_reintegrate.cc:652:reintegrate$174895.genblk1.genblk1.genblk1.genblk1.genblk1.lut0 (4 -> 1)
  Optimizing lut $auto$abc_ops_reintegrate.cc:652:reintegrate$174903.genblk1.genblk1.genblk1.genblk1.genblk1.lut0 (4 -> 1)
  Optimizing lut $auto$abc_ops_reintegrate.cc:652:reintegrate$174879.genblk1.genblk1.genblk1.genblk1.genblk1.lut0 (4 -> 1)
  Optimizing lut $auto$abc_ops_reintegrate.cc:652:reintegrate$174887.genblk1.genblk1.genblk1.genblk1.genblk1.lut0 (4 -> 1)
  Optimizing lut $abc$174158$lut$aiger174157$5202.genblk1.genblk1.genblk1.genblk1.genblk1.genblk1.genblk1.lut0 (4 -> 0)
  Optimizing lut $auto$abc_ops_reintegrate.cc:652:reintegrate$174896.genblk1.genblk1.genblk1.genblk1.genblk1.lut0 (4 -> 1)
  Optimizing lut $auto$abc_ops_reintegrate.cc:652:reintegrate$174880.genblk1.genblk1.genblk1.genblk1.genblk1.lut0 (4 -> 1)
  Optimizing lut $auto$abc_ops_reintegrate.cc:652:reintegrate$174888.genblk1.genblk1.genblk1.genblk1.genblk1.lut0 (4 -> 1)
  Optimizing lut $abc$174158$lut$aiger174157$5443.genblk1.genblk1.genblk1.genblk1.genblk1.genblk1.genblk1.lut1 (4 -> 0)
  Optimizing lut $abc$174158$lut$aiger174157$5171.genblk1.genblk1.genblk1.genblk1.genblk1.lut0 (4 -> 2)
  Optimizing lut $auto$abc_ops_reintegrate.cc:652:reintegrate$174865.genblk1.genblk1.genblk1.genblk1.genblk1.lut0 (4 -> 1)
  Optimizing lut $auto$abc_ops_reintegrate.cc:652:reintegrate$174841.genblk1.genblk1.genblk1.genblk1.genblk1.genblk1.genblk1.lut0 (4 -> 2)
  Optimizing lut $abc$174158$lut$aiger174157$5419.genblk1.genblk1.genblk1.genblk1.genblk1.lut0 (4 -> 0)
  Optimizing lut $auto$abc_ops_reintegrate.cc:652:reintegrate$174866.genblk1.genblk1.genblk1.genblk1.genblk1.lut0 (4 -> 1)
  Optimizing lut $abc$174158$lut$aiger174157$5415.genblk1.genblk1.genblk1.genblk1.genblk1.genblk1.lut0 (4 -> 0)
  Optimizing lut $abc$174158$lut$aiger174157$5246.genblk1.genblk1.genblk1.genblk1.genblk1.genblk1.genblk1.lut1 (4 -> 0)
  Optimizing lut $abc$174158$lut$aiger174157$6674.genblk1.genblk1.genblk1.genblk1.genblk1.genblk1.lut1 (4 -> 0)
  Optimizing lut $abc$174158$lut$aiger174157$5147.genblk1.genblk1.genblk1.genblk1.genblk1.genblk1.lut0 (4 -> 0)
  Optimizing lut $auto$abc_ops_reintegrate.cc:652:reintegrate$174868.genblk1.genblk1.genblk1.genblk1.genblk1.lut0 (4 -> 1)
  Optimizing lut $auto$abc_ops_reintegrate.cc:652:reintegrate$174861.genblk1.genblk1.genblk1.genblk1.genblk1.lut0 (4 -> 1)
  Optimizing lut $abc$174158$lut$aiger174157$7220.genblk1.genblk1.genblk1.genblk1.genblk1.genblk1.genblk1.lut1 (4 -> 2)
  Optimizing lut $auto$abc_ops_reintegrate.cc:652:reintegrate$174870.genblk1.genblk1.genblk1.genblk1.genblk1.lut0 (4 -> 1)
  Optimizing lut $auto$abc_ops_reintegrate.cc:652:reintegrate$174871.genblk1.genblk1.genblk1.genblk1.genblk1.lut0 (4 -> 1)
  Optimizing lut $auto$abc_ops_reintegrate.cc:652:reintegrate$174864.genblk1.genblk1.genblk1.genblk1.genblk1.lut0 (4 -> 1)
  Optimizing lut $abc$174158$lut$aiger174157$5202.genblk1.genblk1.genblk1.genblk1.genblk1.genblk1.genblk1.lut1 (4 -> 0)
  Optimizing lut $abc$174158$lut$aiger174157$5404.genblk1.genblk1.genblk1.genblk1.genblk1.genblk1.lut0 (4 -> 0)
  Optimizing lut $abc$174158$lut$aiger174157$5399.genblk1.genblk1.genblk1.genblk1.genblk1.genblk1.lut0 (4 -> 0)
  Optimizing lut $abc$174158$lut$aiger174157$5383.genblk1.genblk1.genblk1.genblk1.genblk1.lut1 (4 -> 3)
  Optimizing lut $abc$174158$lut$aiger174157$5114.genblk1.genblk1.genblk1.genblk1.genblk1.genblk1.lut0 (4 -> 0)
  Optimizing lut $abc$174158$lut$aiger174157$5393.genblk1.genblk1.genblk1.genblk1.genblk1.genblk1.genblk1.lut0 (4 -> 0)
  Optimizing lut $auto$abc_ops_reintegrate.cc:652:reintegrate$174863.genblk1.genblk1.genblk1.genblk1.genblk1.lut0 (4 -> 1)
  Optimizing lut $abc$174158$lut$aiger174157$5105.genblk1.genblk1.genblk1.genblk1.genblk1.genblk1.lut0 (4 -> 0)
  Optimizing lut $auto$abc_ops_reintegrate.cc:652:reintegrate$174897.genblk1.genblk1.genblk1.genblk1.genblk1.lut0 (4 -> 1)
  Optimizing lut $auto$abc_ops_reintegrate.cc:652:reintegrate$174873.genblk1.genblk1.genblk1.genblk1.genblk1.lut0 (4 -> 1)
  Optimizing lut $auto$abc_ops_reintegrate.cc:652:reintegrate$174881.genblk1.genblk1.genblk1.genblk1.genblk1.lut0 (4 -> 1)
  Optimizing lut $auto$abc_ops_reintegrate.cc:652:reintegrate$174840.genblk1.genblk1.genblk1.genblk1.genblk1.lut1 (4 -> 3)
  Optimizing lut $auto$abc_ops_reintegrate.cc:652:reintegrate$174890.genblk1.genblk1.genblk1.genblk1.genblk1.lut0 (4 -> 1)
  Optimizing lut $auto$abc_ops_reintegrate.cc:652:reintegrate$174898.genblk1.genblk1.genblk1.genblk1.genblk1.lut0 (4 -> 1)
  Optimizing lut $auto$abc_ops_reintegrate.cc:652:reintegrate$174874.genblk1.genblk1.genblk1.genblk1.genblk1.lut0 (4 -> 1)
  Optimizing lut $auto$abc_ops_reintegrate.cc:652:reintegrate$174882.genblk1.genblk1.genblk1.genblk1.genblk1.lut0 (4 -> 1)
  Optimizing lut $auto$abc_ops_reintegrate.cc:652:reintegrate$174891.genblk1.genblk1.genblk1.genblk1.genblk1.lut0 (4 -> 1)
  Optimizing lut $auto$abc_ops_reintegrate.cc:652:reintegrate$174899.genblk1.genblk1.genblk1.genblk1.genblk1.lut0 (4 -> 1)
  Optimizing lut $auto$abc_ops_reintegrate.cc:652:reintegrate$174875.genblk1.genblk1.genblk1.genblk1.genblk1.lut0 (4 -> 1)
  Optimizing lut $auto$abc_ops_reintegrate.cc:652:reintegrate$174883.genblk1.genblk1.genblk1.genblk1.genblk1.lut0 (4 -> 1)
  Optimizing lut $auto$abc_ops_reintegrate.cc:652:reintegrate$174860.genblk1.genblk1.genblk1.genblk1.genblk1.lut0 (4 -> 1)
  Optimizing lut $abc$174158$lut$aiger174157$5450.genblk1.genblk1.genblk1.genblk1.genblk1.lut0 (4 -> 0)
  Optimizing lut $abc$174158$lut$aiger174157$5443.genblk1.genblk1.genblk1.genblk1.genblk1.genblk1.genblk1.lut0 (4 -> 0)
  Optimizing lut $abc$174158$lut$aiger174157$5393.genblk1.genblk1.genblk1.genblk1.genblk1.genblk1.genblk1.lut1 (4 -> 0)
  Optimizing lut $auto$abc_ops_reintegrate.cc:652:reintegrate$174889.genblk1.genblk1.genblk1.genblk1.genblk1.lut0 (4 -> 1)
  Optimizing lut $abc$174158$lut$aiger174157$5338.genblk1.genblk1.genblk1.genblk1.genblk1.genblk1.lut0 (4 -> 0)
  Optimizing lut $auto$abc_ops_reintegrate.cc:652:reintegrate$174869.genblk1.genblk1.genblk1.genblk1.genblk1.lut0 (4 -> 1)
  Optimizing lut $auto$abc_ops_reintegrate.cc:652:reintegrate$174862.genblk1.genblk1.genblk1.genblk1.genblk1.lut0 (4 -> 1)
  Optimizing lut $abc$174158$lut$aiger174157$5212.genblk1.genblk1.genblk1.genblk1.genblk1.genblk1.genblk1.lut1 (4 -> 0)
  Optimizing lut $abc$174158$lut$aiger174157$5303.genblk1.genblk1.genblk1.genblk1.genblk1.genblk1.lut0 (4 -> 3)
  Optimizing lut $abc$174158$lut$aiger174157$5057.genblk1.genblk1.genblk1.genblk1.genblk1.genblk1.lut0 (4 -> 0)
  Optimizing lut $abc$174158$lut$aiger174157$5490.genblk1.genblk1.genblk1.genblk1.genblk1.lut1 (4 -> 0)
  Optimizing lut $abc$174158$lut$aiger174157$5281.genblk1.genblk1.genblk1.genblk1.genblk1.genblk1.lut1 (4 -> 3)
  Optimizing lut $abc$174158$lut$aiger174157$5033.genblk1.genblk1.genblk1.genblk1.genblk1.genblk1.genblk1.lut0 (4 -> 0)
  Optimizing lut $abc$174158$lut$aiger174157$5281.genblk1.genblk1.genblk1.genblk1.genblk1.genblk1.lut0 (4 -> 3)
  Optimizing lut $auto$abc_ops_reintegrate.cc:652:reintegrate$174872.genblk1.genblk1.genblk1.genblk1.genblk1.lut0 (4 -> 1)
  Optimizing lut $abc$174158$lut$aiger174157$5033.genblk1.genblk1.genblk1.genblk1.genblk1.genblk1.genblk1.lut1 (4 -> 0)
Removed 0 unused cells and 15008 unused wires.

17.49. Executing AUTONAME pass.
Renamed 20879 objects in module littledualsoc.
<suppressed ~20879 debug messages>

17.50. Executing HIERARCHY pass (managing design hierarchy).
Attribute `top' found on module `littledualsoc'. Setting top module to littledualsoc.

17.50.1. Analyzing design hierarchy..
Top module:  \littledualsoc

17.50.2. Analyzing design hierarchy..
Top module:  \littledualsoc
Removed 0 unused modules.

17.51. Printing statistics.

=== littledualsoc ===

        +----------Local Count, excluding submodules.
        | 
     9149 wires
    32004 wire bits
     9149 public wires
    32004 public wire bits
        4 ports
        4 port bits
       73 cells
       25   $scopeinfo
       40   DP16KD
        8   MULT18X18D
    12388 submodules
      738   CCU2C
      377   L6MUX21
     7990   LUT4
     1377   PFUMX
       64   TRELLIS_DPR16X4
     1842   TRELLIS_FF

=== design hierarchy ===

        +----------Count including submodules.
        | 
       73 littledualsoc

        +----------Count including submodules.
        | 
     9149 wires
    32004 wire bits
     9149 public wires
    32004 public wire bits
        4 ports
        4 port bits
        - memories
        - memory bits
        - processes
       73 cells
       25   $scopeinfo
       40   DP16KD
        8   MULT18X18D
    12388 submodules
      738   CCU2C
      377   L6MUX21
     7990   LUT4
     1377   PFUMX
       64   TRELLIS_DPR16X4
     1842   TRELLIS_FF

17.52. Executing CHECK pass (checking for obvious problems).
Checking module littledualsoc...
Found and reported 0 problems.

17.53. Executing JSON backend.

End of script. Logfile hash: 3a7b1fae58, time: 15.60s, user: 4.87s, system: 0.21s, MEM: 342.30 MB peak
Yosys 0.68+48 (git sha1 ff5817c34-dirty, Release, Clang /usr/local/osxcross/target/bin/aarch64-apple-darwin25.5-clang++ 21.1.8)
Time spent: 68% 1x abc9_exe (10 sec), 8% 12x techmap (1 sec), ...
